Fitter report for MODBUS
Tue Sep 15 14:52:20 2026
Quartus Prime Version 18.1.0 Build 625 09/12/2018 SJ Lite Edition


---------------------
; Table of Contents ;
---------------------
  1. Legal Notice
  2. Fitter Summary
  3. Fitter Settings
  4. Parallel Compilation
  5. Fitter Netlist Optimizations
  6. Ignored Assignments
  7. Incremental Compilation Preservation Summary
  8. Incremental Compilation Partition Settings
  9. Incremental Compilation Placement Preservation
 10. Pin-Out File
 11. Fitter Resource Usage Summary
 12. Fitter Partition Statistics
 13. Input Pins
 14. Output Pins
 15. Dual Purpose and Dedicated Pins
 16. I/O Bank Usage
 17. All Package Pins
 18. I/O Assignment Warnings
 19. Fitter Resource Utilization by Entity
 20. Delay Chain Summary
 21. Pad To Core Delay Chain Fanout
 22. Control Signals
 23. Global & Other Fast Signals
 24. Non-Global High Fan-Out Signals
 25. Fitter RAM Summary
 26. Routing Usage Summary
 27. LAB Logic Elements
 28. LAB-wide Signals
 29. LAB Signals Sourced
 30. LAB Signals Sourced Out
 31. LAB Distinct Inputs
 32. I/O Rules Summary
 33. I/O Rules Details
 34. I/O Rules Matrix
 35. Fitter Device Options
 36. Operating Settings and Conditions
 37. Estimated Delay Added for Hold Timing Summary
 38. Estimated Delay Added for Hold Timing Details
 39. Fitter Messages
 40. Fitter Suppressed Messages



----------------
; Legal Notice ;
----------------
Copyright (C) 2018  Intel Corporation. All rights reserved.
Your use of Intel Corporation's design tools, logic functions 
and other software and tools, and its AMPP partner logic 
functions, and any output files from any of the foregoing 
(including device programming or simulation files), and any 
associated documentation or information are expressly subject 
to the terms and conditions of the Intel Program License 
Subscription Agreement, the Intel Quartus Prime License Agreement,
the Intel FPGA IP License Agreement, or other applicable license
agreement, including, without limitation, that your use is for
the sole purpose of programming logic devices manufactured by
Intel and sold by Intel or its authorized distributors.  Please
refer to the applicable agreement for further details.



+----------------------------------------------------------------------------------+
; Fitter Summary                                                                   ;
+------------------------------------+---------------------------------------------+
; Fitter Status                      ; Successful - Tue Sep 15 14:52:20 2026       ;
; Quartus Prime Version              ; 18.1.0 Build 625 09/12/2018 SJ Lite Edition ;
; Revision Name                      ; MODBUS                                      ;
; Top-level Entity Name              ; MODBUS                                      ;
; Family                             ; MAX 10                                      ;
; Device                             ; 10M50SAE144I7G                              ;
; Timing Models                      ; Final                                       ;
; Total logic elements               ; 3,998 / 49,760 ( 8 % )                      ;
;     Total combinational functions  ; 2,635 / 49,760 ( 5 % )                      ;
;     Dedicated logic registers      ; 3,018 / 49,760 ( 6 % )                      ;
; Total registers                    ; 3018                                        ;
; Total pins                         ; 17 / 101 ( 17 % )                           ;
; Total virtual pins                 ; 0                                           ;
; Total memory bits                  ; 2,048 / 1,677,312 ( < 1 % )                 ;
; Embedded Multiplier 9-bit elements ; 0 / 288 ( 0 % )                             ;
; Total PLLs                         ; 0 / 1 ( 0 % )                               ;
; UFM blocks                         ; 0 / 1 ( 0 % )                               ;
; ADC blocks                         ; 0 / 1 ( 0 % )                               ;
+------------------------------------+---------------------------------------------+


+----------------------------------------------------------------------------------------------------------------------------------------------------+
; Fitter Settings                                                                                                                                    ;
+--------------------------------------------------------------------+---------------------------------------+---------------------------------------+
; Option                                                             ; Setting                               ; Default Value                         ;
+--------------------------------------------------------------------+---------------------------------------+---------------------------------------+
; Device                                                             ; 10M50SAE144I7G                        ;                                       ;
; Minimum Core Junction Temperature                                  ; -40                                   ;                                       ;
; Maximum Core Junction Temperature                                  ; 100                                   ;                                       ;
; Fit Attempts to Skip                                               ; 0                                     ; 0.0                                   ;
; Use smart compilation                                              ; Off                                   ; Off                                   ;
; Enable parallel Assembler and Timing Analyzer during compilation   ; On                                    ; On                                    ;
; Enable compact report table                                        ; Off                                   ; Off                                   ;
; Auto Merge PLLs                                                    ; On                                    ; On                                    ;
; Router Timing Optimization Level                                   ; Normal                                ; Normal                                ;
; Perform Clocking Topology Analysis During Routing                  ; Off                                   ; Off                                   ;
; Placement Effort Multiplier                                        ; 1.0                                   ; 1.0                                   ;
; Router Effort Multiplier                                           ; 1.0                                   ; 1.0                                   ;
; Optimize Hold Timing                                               ; All Paths                             ; All Paths                             ;
; Optimize Multi-Corner Timing                                       ; On                                    ; On                                    ;
; Power Optimization During Fitting                                  ; Normal compilation                    ; Normal compilation                    ;
; SSN Optimization                                                   ; Off                                   ; Off                                   ;
; Optimize Timing                                                    ; Normal compilation                    ; Normal compilation                    ;
; Optimize Timing for ECOs                                           ; Off                                   ; Off                                   ;
; Regenerate Full Fit Report During ECO Compiles                     ; Off                                   ; Off                                   ;
; Optimize IOC Register Placement for Timing                         ; Normal                                ; Normal                                ;
; Final Placement Optimizations                                      ; Automatically                         ; Automatically                         ;
; Fitter Initial Placement Seed                                      ; 1                                     ; 1                                     ;
; Periphery to Core Placement and Routing Optimization               ; Off                                   ; Off                                   ;
; PCI I/O                                                            ; Off                                   ; Off                                   ;
; Weak Pull-Up Resistor                                              ; Off                                   ; Off                                   ;
; Enable Bus-Hold Circuitry                                          ; Off                                   ; Off                                   ;
; Auto Packed Registers                                              ; Auto                                  ; Auto                                  ;
; Auto Delay Chains                                                  ; On                                    ; On                                    ;
; Auto Delay Chains for High Fanout Input Pins                       ; Off                                   ; Off                                   ;
; Allow Single-ended Buffer for Differential-XSTL Input              ; Off                                   ; Off                                   ;
; Treat Bidirectional Pin as Output Pin                              ; Off                                   ; Off                                   ;
; Perform Physical Synthesis for Combinational Logic for Fitting     ; Off                                   ; Off                                   ;
; Perform Physical Synthesis for Combinational Logic for Performance ; Off                                   ; Off                                   ;
; Perform Register Duplication for Performance                       ; Off                                   ; Off                                   ;
; Perform Logic to Memory Mapping for Fitting                        ; Off                                   ; Off                                   ;
; Perform Register Retiming for Performance                          ; Off                                   ; Off                                   ;
; Perform Asynchronous Signal Pipelining                             ; Off                                   ; Off                                   ;
; Fitter Effort                                                      ; Auto Fit                              ; Auto Fit                              ;
; Physical Synthesis Effort Level                                    ; Normal                                ; Normal                                ;
; Logic Cell Insertion - Logic Duplication                           ; Auto                                  ; Auto                                  ;
; Auto Register Duplication                                          ; Auto                                  ; Auto                                  ;
; Auto Global Clock                                                  ; On                                    ; On                                    ;
; Auto Global Register Control Signals                               ; On                                    ; On                                    ;
; Reserve all unused pins                                            ; As input tri-stated with weak pull-up ; As input tri-stated with weak pull-up ;
; Synchronizer Identification                                        ; Auto                                  ; Auto                                  ;
; Enable Beneficial Skew Optimization                                ; On                                    ; On                                    ;
; Optimize Design for Metastability                                  ; On                                    ; On                                    ;
; Force Fitter to Avoid Periphery Placement Warnings                 ; Off                                   ; Off                                   ;
; Enable input tri-state on active configuration pins in user mode   ; Off                                   ; Off                                   ;
+--------------------------------------------------------------------+---------------------------------------+---------------------------------------+


+------------------------------------------+
; Parallel Compilation                     ;
+----------------------------+-------------+
; Processors                 ; Number      ;
+----------------------------+-------------+
; Number detected on machine ; 20          ;
; Maximum allowed            ; 14          ;
;                            ;             ;
; Average used               ; 1.74        ;
; Maximum used               ; 14          ;
;                            ;             ;
; Usage by Processor         ; % Time Used ;
;     Processor 1            ; 100.0%      ;
;     Processor 2            ;   6.2%      ;
;     Processor 3            ;   6.1%      ;
;     Processor 4            ;   6.0%      ;
;     Processor 5            ;   5.9%      ;
;     Processor 6            ;   5.8%      ;
;     Processor 7            ;   5.7%      ;
;     Processor 8            ;   5.6%      ;
;     Processors 9-14        ;   5.4%      ;
+----------------------------+-------------+


+------------------------------------------------------------------------------------------------------------------------------------------------------------------------------------------------------------------------------------------------------------------------------------+
; Fitter Netlist Optimizations                                                                                                                                                                                                                                                       ;
+-------------------------------------------+-----------------+------------------+---------------------+-----------+----------------+-----------------------------------------------------------------------------------------------------+------------------+-----------------------+
; Node                                      ; Action          ; Operation        ; Reason              ; Node Port ; Node Port Name ; Destination Node                                                                                    ; Destination Port ; Destination Port Name ;
+-------------------------------------------+-----------------+------------------+---------------------+-----------+----------------+-----------------------------------------------------------------------------------------------------+------------------+-----------------------+
; mbp_top_level:inst|mbp:inst2|ram_out_q[0] ; Packed Register ; Register Packing ; Timing optimization ; Q         ;                ; mbp_top_level:inst|mbp:inst2|altsyncram:ram_block_rtl_0|altsyncram_4n71:auto_generated|ram_block1a0 ; PORTADATAOUT     ;                       ;
; mbp_top_level:inst|mbp:inst2|ram_out_q[1] ; Packed Register ; Register Packing ; Timing optimization ; Q         ;                ; mbp_top_level:inst|mbp:inst2|altsyncram:ram_block_rtl_0|altsyncram_4n71:auto_generated|ram_block1a1 ; PORTADATAOUT     ;                       ;
; mbp_top_level:inst|mbp:inst2|ram_out_q[2] ; Packed Register ; Register Packing ; Timing optimization ; Q         ;                ; mbp_top_level:inst|mbp:inst2|altsyncram:ram_block_rtl_0|altsyncram_4n71:auto_generated|ram_block1a2 ; PORTADATAOUT     ;                       ;
; mbp_top_level:inst|mbp:inst2|ram_out_q[3] ; Packed Register ; Register Packing ; Timing optimization ; Q         ;                ; mbp_top_level:inst|mbp:inst2|altsyncram:ram_block_rtl_0|altsyncram_4n71:auto_generated|ram_block1a3 ; PORTADATAOUT     ;                       ;
; mbp_top_level:inst|mbp:inst2|ram_out_q[4] ; Packed Register ; Register Packing ; Timing optimization ; Q         ;                ; mbp_top_level:inst|mbp:inst2|altsyncram:ram_block_rtl_0|altsyncram_4n71:auto_generated|ram_block1a4 ; PORTADATAOUT     ;                       ;
; mbp_top_level:inst|mbp:inst2|ram_out_q[5] ; Packed Register ; Register Packing ; Timing optimization ; Q         ;                ; mbp_top_level:inst|mbp:inst2|altsyncram:ram_block_rtl_0|altsyncram_4n71:auto_generated|ram_block1a5 ; PORTADATAOUT     ;                       ;
; mbp_top_level:inst|mbp:inst2|ram_out_q[6] ; Packed Register ; Register Packing ; Timing optimization ; Q         ;                ; mbp_top_level:inst|mbp:inst2|altsyncram:ram_block_rtl_0|altsyncram_4n71:auto_generated|ram_block1a6 ; PORTADATAOUT     ;                       ;
; mbp_top_level:inst|mbp:inst2|ram_out_q[7] ; Packed Register ; Register Packing ; Timing optimization ; Q         ;                ; mbp_top_level:inst|mbp:inst2|altsyncram:ram_block_rtl_0|altsyncram_4n71:auto_generated|ram_block1a7 ; PORTADATAOUT     ;                       ;
+-------------------------------------------+-----------------+------------------+---------------------+-----------+----------------+-----------------------------------------------------------------------------------------------------+------------------+-----------------------+


+---------------------------------------------------------------------------------------------+
; Ignored Assignments                                                                         ;
+----------+----------------+--------------+-----------------+---------------+----------------+
; Name     ; Ignored Entity ; Ignored From ; Ignored To      ; Ignored Value ; Ignored Source ;
+----------+----------------+--------------+-----------------+---------------+----------------+
; Location ;                ;              ; AMP_TS_FPGA[0]  ; PIN_60        ; QSF Assignment ;
; Location ;                ;              ; AMP_TS_FPGA[1]  ; PIN_61        ; QSF Assignment ;
; Location ;                ;              ; AMP_TS_FPGA[2]  ; PIN_63        ; QSF Assignment ;
; Location ;                ;              ; AMP_TS_FPGA[3]  ; PIN_64        ; QSF Assignment ;
; Location ;                ;              ; AMP_TS_FPGA[4]  ; PIN_70        ; QSF Assignment ;
; Location ;                ;              ; AMP_TS_FPGA[5]  ; PIN_69        ; QSF Assignment ;
; Location ;                ;              ; AMP_TS_FPGA[6]  ; PIN_66        ; QSF Assignment ;
; Location ;                ;              ; AMP_TS_FPGA[7]  ; PIN_65        ; QSF Assignment ;
; Location ;                ;              ; FLT_CAV_FPGA[0] ; PIN_49        ; QSF Assignment ;
; Location ;                ;              ; FLT_CAV_FPGA[1] ; PIN_46        ; QSF Assignment ;
; Location ;                ;              ; FLT_CAV_FPGA[2] ; PIN_43        ; QSF Assignment ;
; Location ;                ;              ; FLT_CAV_FPGA[3] ; PIN_42        ; QSF Assignment ;
; Location ;                ;              ; FLT_CAV_FPGA[4] ; PIN_41        ; QSF Assignment ;
; Location ;                ;              ; FLT_CAV_FPGA[5] ; PIN_40        ; QSF Assignment ;
; Location ;                ;              ; FLT_CAV_FPGA[6] ; PIN_39        ; QSF Assignment ;
; Location ;                ;              ; FLT_CAV_FPGA[7] ; PIN_38        ; QSF Assignment ;
; Location ;                ;              ; FSD_CAV_FPGA[0] ; PIN_106       ; QSF Assignment ;
; Location ;                ;              ; FSD_CAV_FPGA[1] ; PIN_105       ; QSF Assignment ;
; Location ;                ;              ; FSD_CAV_FPGA[2] ; PIN_102       ; QSF Assignment ;
; Location ;                ;              ; FSD_CAV_FPGA[3] ; PIN_101       ; QSF Assignment ;
; Location ;                ;              ; FSD_CAV_FPGA[4] ; PIN_100       ; QSF Assignment ;
; Location ;                ;              ; FSD_CAV_FPGA[5] ; PIN_99        ; QSF Assignment ;
; Location ;                ;              ; FSD_CAV_FPGA[6] ; PIN_98        ; QSF Assignment ;
; Location ;                ;              ; FSD_CAV_FPGA[7] ; PIN_96        ; QSF Assignment ;
; Location ;                ;              ; GPIO[0]         ; PIN_120       ; QSF Assignment ;
; Location ;                ;              ; GPIO[1]         ; PIN_123       ; QSF Assignment ;
; Location ;                ;              ; GPIO[2]         ; PIN_119       ; QSF Assignment ;
; Location ;                ;              ; GPIO[3]         ; PIN_124       ; QSF Assignment ;
; Location ;                ;              ; GPIO[4]         ; PIN_118       ; QSF Assignment ;
; Location ;                ;              ; GPIO[5]         ; PIN_127       ; QSF Assignment ;
; Location ;                ;              ; HTRI_ADC_CSI    ; PIN_26        ; QSF Assignment ;
; Location ;                ;              ; HTRI_ADC_SCLK   ; PIN_27        ; QSF Assignment ;
; Location ;                ;              ; HTRI_ADC_SDI    ; PIN_28        ; QSF Assignment ;
; Location ;                ;              ; HTRI_ADC_SDO    ; PIN_25        ; QSF Assignment ;
; Location ;                ;              ; REMOTE_LOCAL    ; PIN_129       ; QSF Assignment ;
; Location ;                ;              ; TMPHS_ADC_CSI   ; PIN_82        ; QSF Assignment ;
; Location ;                ;              ; TMPHS_ADC_SCLK  ; PIN_83        ; QSF Assignment ;
; Location ;                ;              ; TMPHS_ADC_SDI   ; PIN_85        ; QSF Assignment ;
; Location ;                ;              ; TMPHS_ADC_SDO   ; PIN_87        ; QSF Assignment ;
+----------+----------------+--------------+-----------------+---------------+----------------+


+---------------------------------------------------------------------------------------------------+
; Incremental Compilation Preservation Summary                                                      ;
+---------------------+---------------------+----------------------------+--------------------------+
; Type                ; Total [A + B]       ; From Design Partitions [A] ; From Rapid Recompile [B] ;
+---------------------+---------------------+----------------------------+--------------------------+
; Placement (by node) ;                     ;                            ;                          ;
;     -- Requested    ; 0.00 % ( 0 / 5719 ) ; 0.00 % ( 0 / 5719 )        ; 0.00 % ( 0 / 5719 )      ;
;     -- Achieved     ; 0.00 % ( 0 / 5719 ) ; 0.00 % ( 0 / 5719 )        ; 0.00 % ( 0 / 5719 )      ;
;                     ;                     ;                            ;                          ;
; Routing (by net)    ;                     ;                            ;                          ;
;     -- Requested    ; 0.00 % ( 0 / 0 )    ; 0.00 % ( 0 / 0 )           ; 0.00 % ( 0 / 0 )         ;
;     -- Achieved     ; 0.00 % ( 0 / 0 )    ; 0.00 % ( 0 / 0 )           ; 0.00 % ( 0 / 0 )         ;
+---------------------+---------------------+----------------------------+--------------------------+


+----------------------------------------------------------------------------------------------------------------------------------------------------------------------------------------+
; Incremental Compilation Partition Settings                                                                                                                                             ;
+--------------------------------+----------------+-------------------+-------------------------+------------------------+------------------------------+--------------------------------+
; Partition Name                 ; Partition Type ; Netlist Type Used ; Preservation Level Used ; Netlist Type Requested ; Preservation Level Requested ; Contents                       ;
+--------------------------------+----------------+-------------------+-------------------------+------------------------+------------------------------+--------------------------------+
; Top                            ; User-created   ; Source File       ; N/A                     ; Source File            ; N/A                          ;                                ;
; hard_block:auto_generated_inst ; Auto-generated ; Source File       ; N/A                     ; Source File            ; N/A                          ; hard_block:auto_generated_inst ;
+--------------------------------+----------------+-------------------+-------------------------+------------------------+------------------------------+--------------------------------+


+------------------------------------------------------------------------------------------------------------------------------------+
; Incremental Compilation Placement Preservation                                                                                     ;
+--------------------------------+-----------------------+-------------------------+-------------------+---------------------+-------+
; Partition Name                 ; Preservation Achieved ; Preservation Level Used ; Netlist Type Used ; Preservation Method ; Notes ;
+--------------------------------+-----------------------+-------------------------+-------------------+---------------------+-------+
; Top                            ; 0.00 % ( 0 / 5703 )   ; N/A                     ; Source File       ; N/A                 ;       ;
; hard_block:auto_generated_inst ; 0.00 % ( 0 / 16 )     ; N/A                     ; Source File       ; N/A                 ;       ;
+--------------------------------+-----------------------+-------------------------+-------------------+---------------------+-------+


+--------------+
; Pin-Out File ;
+--------------+
The pin-out file can be found in C:/Users/geesamen/Documents/GitProjects/EES_REPO_CTRL/LLRF3_HTR/output_files/MODBUS.pin.


+---------------------------------------------------------------------------+
; Fitter Resource Usage Summary                                             ;
+---------------------------------------------+-----------------------------+
; Resource                                    ; Usage                       ;
+---------------------------------------------+-----------------------------+
; Total logic elements                        ; 3,998 / 49,760 ( 8 % )      ;
;     -- Combinational with no register       ; 980                         ;
;     -- Register only                        ; 1363                        ;
;     -- Combinational with a register        ; 1655                        ;
;                                             ;                             ;
; Logic element usage by number of LUT inputs ;                             ;
;     -- 4 input functions                    ; 1797                        ;
;     -- 3 input functions                    ; 208                         ;
;     -- <=2 input functions                  ; 630                         ;
;     -- Register only                        ; 1363                        ;
;                                             ;                             ;
; Logic elements by mode                      ;                             ;
;     -- normal mode                          ; 2387                        ;
;     -- arithmetic mode                      ; 248                         ;
;                                             ;                             ;
; Total registers*                            ; 3,018 / 50,226 ( 6 % )      ;
;     -- Dedicated logic registers            ; 3,018 / 49,760 ( 6 % )      ;
;     -- I/O registers                        ; 0 / 466 ( 0 % )             ;
;                                             ;                             ;
; Total LABs:  partially or completely used   ; 303 / 3,110 ( 10 % )        ;
; Virtual pins                                ; 0                           ;
; I/O pins                                    ; 17 / 101 ( 17 % )           ;
;     -- Clock pins                           ; 2 / 6 ( 33 % )              ;
;     -- Dedicated input pins                 ; 1 / 1 ( 100 % )             ;
;                                             ;                             ;
; M9Ks                                        ; 1 / 182 ( < 1 % )           ;
; UFM blocks                                  ; 0 / 1 ( 0 % )               ;
; ADC blocks                                  ; 0 / 1 ( 0 % )               ;
; Total block memory bits                     ; 2,048 / 1,677,312 ( < 1 % ) ;
; Total block memory implementation bits      ; 9,216 / 1,677,312 ( < 1 % ) ;
; Embedded Multiplier 9-bit elements          ; 0 / 288 ( 0 % )             ;
; PLLs                                        ; 0 / 1 ( 0 % )               ;
; Global signals                              ; 1                           ;
;     -- Global clocks                        ; 1 / 20 ( 5 % )              ;
; JTAGs                                       ; 0 / 1 ( 0 % )               ;
; CRC blocks                                  ; 0 / 1 ( 0 % )               ;
; Remote update blocks                        ; 0 / 1 ( 0 % )               ;
; Oscillator blocks                           ; 0 / 1 ( 0 % )               ;
; Impedance control blocks                    ; 0 / 1 ( 0 % )               ;
; Average interconnect usage (total/H/V)      ; 2.3% / 2.0% / 2.7%          ;
; Peak interconnect usage (total/H/V)         ; 28.1% / 24.1% / 33.7%       ;
; Maximum fan-out                             ; 3019                        ;
; Highest non-global fan-out                  ; 1275                        ;
; Total fan-out                               ; 19893                       ;
; Average fan-out                             ; 2.86                        ;
+---------------------------------------------+-----------------------------+
*  Register count does not include registers inside RAM blocks or DSP blocks.



+-----------------------------------------------------------------------------------------------------+
; Fitter Partition Statistics                                                                         ;
+---------------------------------------------+----------------------+--------------------------------+
; Statistic                                   ; Top                  ; hard_block:auto_generated_inst ;
+---------------------------------------------+----------------------+--------------------------------+
; Difficulty Clustering Region                ; Low                  ; Low                            ;
;                                             ;                      ;                                ;
; Total logic elements                        ; 3998 / 49760 ( 8 % ) ; 0 / 49760 ( 0 % )              ;
;     -- Combinational with no register       ; 980                  ; 0                              ;
;     -- Register only                        ; 1363                 ; 0                              ;
;     -- Combinational with a register        ; 1655                 ; 0                              ;
;                                             ;                      ;                                ;
; Logic element usage by number of LUT inputs ;                      ;                                ;
;     -- 4 input functions                    ; 1797                 ; 0                              ;
;     -- 3 input functions                    ; 208                  ; 0                              ;
;     -- <=2 input functions                  ; 630                  ; 0                              ;
;     -- Register only                        ; 1363                 ; 0                              ;
;                                             ;                      ;                                ;
; Logic elements by mode                      ;                      ;                                ;
;     -- normal mode                          ; 2387                 ; 0                              ;
;     -- arithmetic mode                      ; 248                  ; 0                              ;
;                                             ;                      ;                                ;
; Total registers                             ; 3018                 ; 0                              ;
;     -- Dedicated logic registers            ; 3018 / 49760 ( 6 % ) ; 0 / 49760 ( 0 % )              ;
;     -- I/O registers                        ; 0                    ; 0                              ;
;                                             ;                      ;                                ;
; Total LABs:  partially or completely used   ; 303 / 3110 ( 10 % )  ; 0 / 3110 ( 0 % )               ;
;                                             ;                      ;                                ;
; Virtual pins                                ; 0                    ; 0                              ;
; I/O pins                                    ; 17                   ; 0                              ;
; Embedded Multiplier 9-bit elements          ; 0 / 288 ( 0 % )      ; 0 / 288 ( 0 % )                ;
; Total memory bits                           ; 2048                 ; 0                              ;
; Total RAM block bits                        ; 9216                 ; 0                              ;
; M9K                                         ; 1 / 182 ( < 1 % )    ; 0 / 182 ( 0 % )                ;
; Clock control block                         ; 1 / 24 ( 4 % )       ; 0 / 24 ( 0 % )                 ;
; User Flash Memory                           ; 1 / 1 ( 100 % )      ; 0 / 1 ( 0 % )                  ;
; Analog-to-Digital Converter                 ; 2 / 2 ( 100 % )      ; 0 / 2 ( 0 % )                  ;
;                                             ;                      ;                                ;
; Connections                                 ;                      ;                                ;
;     -- Input Connections                    ; 0                    ; 0                              ;
;     -- Registered Input Connections         ; 0                    ; 0                              ;
;     -- Output Connections                   ; 0                    ; 0                              ;
;     -- Registered Output Connections        ; 0                    ; 0                              ;
;                                             ;                      ;                                ;
; Internal Connections                        ;                      ;                                ;
;     -- Total Connections                    ; 19899                ; 8                              ;
;     -- Registered Connections               ; 8707                 ; 0                              ;
;                                             ;                      ;                                ;
; External Connections                        ;                      ;                                ;
;     -- Top                                  ; 0                    ; 0                              ;
;     -- hard_block:auto_generated_inst       ; 0                    ; 0                              ;
;                                             ;                      ;                                ;
; Partition Interface                         ;                      ;                                ;
;     -- Input Ports                          ; 4                    ; 0                              ;
;     -- Output Ports                         ; 13                   ; 0                              ;
;     -- Bidir Ports                          ; 0                    ; 0                              ;
;                                             ;                      ;                                ;
; Registered Ports                            ;                      ;                                ;
;     -- Registered Input Ports               ; 0                    ; 0                              ;
;     -- Registered Output Ports              ; 0                    ; 0                              ;
;                                             ;                      ;                                ;
; Port Connectivity                           ;                      ;                                ;
;     -- Input Ports driven by GND            ; 0                    ; 0                              ;
;     -- Output Ports driven by GND           ; 0                    ; 0                              ;
;     -- Input Ports driven by VCC            ; 0                    ; 0                              ;
;     -- Output Ports driven by VCC           ; 0                    ; 0                              ;
;     -- Input Ports with no Source           ; 0                    ; 0                              ;
;     -- Output Ports with no Source          ; 0                    ; 0                              ;
;     -- Input Ports with no Fanout           ; 0                    ; 0                              ;
;     -- Output Ports with no Fanout          ; 0                    ; 0                              ;
+---------------------------------------------+----------------------+--------------------------------+


+-----------------------------------------------------------------------------------------------------------------------------------------------------------------------------------------------------------------------------------------------------------------------------------------------+
; Input Pins                                                                                                                                                                                                                                                                                    ;
+--------------+-------+----------+--------------+--------------+--------------+-----------------------+--------------------+--------+----------------+---------------+-----------------+----------+--------------+--------------+---------------------------+----------------------+-----------+
; Name         ; Pin # ; I/O Bank ; X coordinate ; Y coordinate ; Z coordinate ; Combinational Fan-Out ; Registered Fan-Out ; Global ; Input Register ; Power Up High ; PCI I/O Enabled ; Bus Hold ; Weak Pull Up ; I/O Standard ; Termination Control Block ; Location assigned by ; Slew Rate ;
+--------------+-------+----------+--------------+--------------+--------------+-----------------------+--------------------+--------+----------------+---------------+-----------------+----------+--------------+--------------+---------------------------+----------------------+-----------+
; GPIO[6]      ; 117   ; 7        ; 56           ; 54           ; 7            ; 1275                  ; 0                  ; no     ; no             ; no            ; yes             ; no       ; Off          ; 2.5 V        ; --                        ; User                 ; 0         ;
; HTRV_ADC_SDO ; 93    ; 6        ; 78           ; 31           ; 14           ; 1                     ; 0                  ; no     ; no             ; no            ; yes             ; no       ; Off          ; 2.5 V        ; --                        ; User                 ; 0         ;
; SYSCLOCK     ; 88    ; 6        ; 78           ; 29           ; 21           ; 3019                  ; 0                  ; yes    ; no             ; no            ; yes             ; no       ; Off          ; 3.3-V LVCMOS ; --                        ; User                 ; 0         ;
; XPORT_RX     ; 141   ; 8        ; 20           ; 39           ; 0            ; 1                     ; 0                  ; no     ; no             ; no            ; yes             ; no       ; Off          ; 2.5 V        ; --                        ; User                 ; 0         ;
+--------------+-------+----------+--------------+--------------+--------------+-----------------------+--------------------+--------+----------------+---------------+-----------------+----------+--------------+--------------+---------------------------+----------------------+-----------+


+----------------------------------------------------------------------------------------------------------------------------------------------------------------------------------------------------------------------------------------------------------------------------------------------------------------------------------------------------------------------------------------------------------------------------------------------------------------+
; Output Pins                                                                                                                                                                                                                                                                                                                                                                                                                                                    ;
+---------------+-------+----------+--------------+--------------+--------------+-----------------+------------------------+---------------+-----------+-----------------+------------+---------------+----------+--------------+--------------+------------------+-----------------------------------+---------------------------+----------------------------+-----------------------------+----------------------+----------------------+---------------------+
; Name          ; Pin # ; I/O Bank ; X coordinate ; Y coordinate ; Z coordinate ; Output Register ; Output Enable Register ; Power Up High ; Slew Rate ; PCI I/O Enabled ; Open Drain ; TRI Primitive ; Bus Hold ; Weak Pull Up ; I/O Standard ; Current Strength ; Termination                       ; Termination Control Block ; Output Buffer Pre-emphasis ; Voltage Output Differential ; Location assigned by ; Output Enable Source ; Output Enable Group ;
+---------------+-------+----------+--------------+--------------+--------------+-----------------+------------------------+---------------+-----------+-----------------+------------+---------------+----------+--------------+--------------+------------------+-----------------------------------+---------------------------+----------------------------+-----------------------------+----------------------+----------------------+---------------------+
; HEARTBEAT     ; 76    ; 5        ; 78           ; 3            ; 21           ; no              ; no                     ; no            ; 2         ; no              ; no         ; no            ; no       ; Off          ; 2.5 V        ; Default          ; Series 50 Ohm without Calibration ; --                        ; no                         ; no                          ; User                 ; -                    ; -                   ;
; HTRV_ADC_CSI  ; 92    ; 6        ; 78           ; 31           ; 21           ; no              ; no                     ; no            ; 2         ; no              ; no         ; no            ; no       ; Off          ; 2.5 V        ; Default          ; Series 50 Ohm without Calibration ; --                        ; no                         ; no                          ; User                 ; -                    ; -                   ;
; HTRV_ADC_SCLK ; 91    ; 6        ; 78           ; 30           ; 14           ; no              ; no                     ; no            ; 2         ; no              ; no         ; no            ; no       ; Off          ; 2.5 V        ; Default          ; Series 50 Ohm without Calibration ; --                        ; no                         ; no                          ; User                 ; -                    ; -                   ;
; HTRV_ADC_SDI  ; 90    ; 6        ; 78           ; 30           ; 21           ; no              ; no                     ; no            ; 2         ; no              ; no         ; no            ; no       ; Off          ; 2.5 V        ; Default          ; Series 50 Ohm without Calibration ; --                        ; no                         ; no                          ; User                 ; -                    ; -                   ;
; HTRV_DAC_DIN  ; 74    ; 5        ; 78           ; 3            ; 7            ; no              ; no                     ; no            ; 2         ; no              ; no         ; no            ; no       ; Off          ; 2.5 V        ; Default          ; Series 50 Ohm without Calibration ; --                        ; no                         ; no                          ; User                 ; -                    ; -                   ;
; HTRV_DAC_SCLK ; 77    ; 5        ; 78           ; 3            ; 14           ; no              ; no                     ; no            ; 2         ; no              ; no         ; no            ; no       ; Off          ; 2.5 V        ; Default          ; Series 50 Ohm without Calibration ; --                        ; no                         ; no                          ; User                 ; -                    ; -                   ;
; HTRV_DAC_SYNC ; 75    ; 5        ; 78           ; 3            ; 0            ; no              ; no                     ; no            ; 2         ; no              ; no         ; no            ; no       ; Off          ; 2.5 V        ; Default          ; Series 50 Ohm without Calibration ; --                        ; no                         ; no                          ; User                 ; -                    ; -                   ;
; LED[0]        ; 10    ; 1A       ; 0            ; 36           ; 21           ; no              ; no                     ; no            ; 2         ; no              ; no         ; no            ; no       ; Off          ; 2.5 V        ; Default          ; Series 50 Ohm without Calibration ; --                        ; no                         ; no                          ; User                 ; -                    ; -                   ;
; LED[1]        ; 11    ; 1A       ; 0            ; 35           ; 14           ; no              ; no                     ; no            ; 2         ; no              ; no         ; no            ; no       ; Off          ; 2.5 V        ; Default          ; Series 50 Ohm without Calibration ; --                        ; no                         ; no                          ; User                 ; -                    ; -                   ;
; LED[2]        ; 12    ; 1A       ; 0            ; 35           ; 21           ; no              ; no                     ; no            ; 2         ; no              ; no         ; no            ; no       ; Off          ; 2.5 V        ; Default          ; Series 50 Ohm without Calibration ; --                        ; no                         ; no                          ; User                 ; -                    ; -                   ;
; LED[3]        ; 13    ; 1A       ; 0            ; 34           ; 14           ; no              ; no                     ; no            ; 2         ; no              ; no         ; no            ; no       ; Off          ; 2.5 V        ; Default          ; Series 50 Ohm without Calibration ; --                        ; no                         ; no                          ; User                 ; -                    ; -                   ;
; LED[4]        ; 14    ; 1A       ; 0            ; 34           ; 21           ; no              ; no                     ; no            ; 2         ; no              ; no         ; no            ; no       ; Off          ; 2.5 V        ; Default          ; Series 50 Ohm without Calibration ; --                        ; no                         ; no                          ; User                 ; -                    ; -                   ;
; XPORT_TX      ; 140   ; 8        ; 22           ; 39           ; 28           ; no              ; no                     ; no            ; 2         ; no              ; no         ; no            ; no       ; Off          ; 2.5 V        ; Default          ; Series 50 Ohm without Calibration ; --                        ; no                         ; no                          ; User                 ; -                    ; -                   ;
+---------------+-------+----------+--------------+--------------+--------------+-----------------+------------------------+---------------+-----------+-----------------+------------+---------------+----------+--------------+--------------+------------------+-----------------------------------+---------------------------+----------------------------+-----------------------------+----------------------+----------------------+---------------------+


+-----------------------------------------------------------------------------------------------------------------------------------------+
; Dual Purpose and Dedicated Pins                                                                                                         ;
+----------+----------------------------------------------------+--------------------------------+---------------------+------------------+
; Location ; Pin Name                                           ; Reserved As                    ; User Signal Name    ; Pin Type         ;
+----------+----------------------------------------------------+--------------------------------+---------------------+------------------+
; 16       ; DIFFIO_RX_L17n, DIFFOUT_L17n, TMS, Low_Speed       ; Reserved as secondary function ; ~ALTERA_TMS~        ; Dual Purpose Pin ;
; 17       ; DIFFIO_RX_L17p, DIFFOUT_L17p, TCK, Low_Speed       ; Reserved as secondary function ; ~ALTERA_TCK~        ; Dual Purpose Pin ;
; 18       ; DIFFIO_RX_L18n, DIFFOUT_L18n, TDI, Low_Speed       ; Reserved as secondary function ; ~ALTERA_TDI~        ; Dual Purpose Pin ;
; 19       ; DIFFIO_RX_L18p, DIFFOUT_L18p, TDO, Low_Speed       ; Reserved as secondary function ; ~ALTERA_TDO~        ; Dual Purpose Pin ;
; 128      ; CONFIG_SEL, Low_Speed                              ; Reserved as secondary function ; ~ALTERA_CONFIG_SEL~ ; Dual Purpose Pin ;
; 130      ; nCONFIG, Low_Speed                                 ; Reserved as secondary function ; ~ALTERA_nCONFIG~    ; Dual Purpose Pin ;
; 136      ; DIFFIO_RX_T50p, DIFFOUT_T50p, nSTATUS, Low_Speed   ; Reserved as secondary function ; ~ALTERA_nSTATUS~    ; Dual Purpose Pin ;
; 138      ; DIFFIO_RX_T50n, DIFFOUT_T50n, CONF_DONE, Low_Speed ; Reserved as secondary function ; ~ALTERA_CONF_DONE~  ; Dual Purpose Pin ;
+----------+----------------------------------------------------+--------------------------------+---------------------+------------------+


+-----------------------------------------------------------+
; I/O Bank Usage                                            ;
+----------+-----------------+---------------+--------------+
; I/O Bank ; Usage           ; VCCIO Voltage ; VREF Voltage ;
+----------+-----------------+---------------+--------------+
; 1A       ; 5 / 8 ( 63 % )  ; 2.5V          ; --           ;
; 1B       ; 4 / 9 ( 44 % )  ; 2.5V          ; --           ;
; 2        ; 0 / 8 ( 0 % )   ; 2.5V          ; --           ;
; 3        ; 0 / 14 ( 0 % )  ; 2.5V          ; --           ;
; 4        ; 0 / 11 ( 0 % )  ; 2.5V          ; --           ;
; 5        ; 4 / 12 ( 33 % ) ; 2.5V          ; --           ;
; 6        ; 5 / 15 ( 33 % ) ; 2.5V          ; --           ;
; 7        ; 1 / 7 ( 14 % )  ; 2.5V          ; --           ;
; 8        ; 6 / 17 ( 35 % ) ; 2.5V          ; --           ;
+----------+-----------------+---------------+--------------+


+-----------------------------------------------------------------------------------------------------------------------------------------------------------------------------------------+
; All Package Pins                                                                                                                                                                        ;
+----------+------------+----------+------------------------------------------------+--------+-----------------------+-----------+------------+-----------------+----------+--------------+
; Location ; Pad Number ; I/O Bank ; Pin Name/Usage                                 ; Dir.   ; I/O Standard          ; Voltage   ; I/O Type   ; User Assignment ; Bus Hold ; Weak Pull Up ;
+----------+------------+----------+------------------------------------------------+--------+-----------------------+-----------+------------+-----------------+----------+--------------+
; 1        ;            ; --       ; VCC_ONE                                        ; power  ;                       ; 3.0V/3.3V ; --         ;                 ; --       ; --           ;
; 2        ;            ; --       ; VCCA6                                          ; power  ;                       ; 3.0V/3.3V ; --         ;                 ; --       ; --           ;
; 3        ;            ;          ; ANAIN1                                         ;        ;                       ;           ; --         ;                 ; --       ; --           ;
; 4        ;            ;          ; REFGND                                         ;        ;                       ;           ; --         ;                 ; --       ; --           ;
; 5        ;            ;          ; ADC_VREF                                       ;        ;                       ;           ; --         ;                 ; --       ; --           ;
; 6        ; 0          ; 1A       ; RESERVED_INPUT_WITH_WEAK_PULLUP                ;        ;                       ;           ; Row I/O    ;                 ; no       ; On           ;
; 7        ; 2          ; 1A       ; RESERVED_INPUT_WITH_WEAK_PULLUP                ;        ;                       ;           ; Row I/O    ;                 ; no       ; On           ;
; 8        ; 4          ; 1A       ; RESERVED_INPUT_WITH_WEAK_PULLUP                ;        ;                       ;           ; Row I/O    ;                 ; no       ; On           ;
; 9        ;            ; 1A       ; VCCIO1A                                        ; power  ;                       ; 2.5V      ; --         ;                 ; --       ; --           ;
; 10       ; 6          ; 1A       ; LED[0]                                         ; output ; 2.5 V                 ;           ; Row I/O    ; Y               ; no       ; Off          ;
; 11       ; 8          ; 1A       ; LED[1]                                         ; output ; 2.5 V                 ;           ; Row I/O    ; Y               ; no       ; Off          ;
; 12       ; 10         ; 1A       ; LED[2]                                         ; output ; 2.5 V                 ;           ; Row I/O    ; Y               ; no       ; Off          ;
; 13       ; 12         ; 1A       ; LED[3]                                         ; output ; 2.5 V                 ;           ; Row I/O    ; Y               ; no       ; Off          ;
; 14       ; 14         ; 1A       ; LED[4]                                         ; output ; 2.5 V                 ;           ; Row I/O    ; Y               ; no       ; Off          ;
; 15       ; 30         ; 1B       ; RESERVED_INPUT_WITH_WEAK_PULLUP                ;        ;                       ;           ; Row I/O    ;                 ; no       ; On           ;
; 16       ; 32         ; 1B       ; ~ALTERA_TMS~ / RESERVED_INPUT_WITH_WEAK_PULLUP ; input  ; 2.5 V Schmitt Trigger ;           ; Row I/O    ; N               ; no       ; On           ;
; 17       ; 34         ; 1B       ; ~ALTERA_TCK~ / RESERVED_INPUT                  ; input  ; 2.5 V Schmitt Trigger ;           ; Row I/O    ; N               ; no       ; Off          ;
; 18       ; 36         ; 1B       ; ~ALTERA_TDI~ / RESERVED_INPUT_WITH_WEAK_PULLUP ; input  ; 2.5 V Schmitt Trigger ;           ; Row I/O    ; N               ; no       ; On           ;
; 19       ; 38         ; 1B       ; ~ALTERA_TDO~                                   ; output ; 2.5 V                 ;           ; Row I/O    ; N               ; no       ; Off          ;
; 20       ; 40         ; 1B       ; RESERVED_INPUT_WITH_WEAK_PULLUP                ;        ;                       ;           ; Row I/O    ;                 ; no       ; On           ;
; 21       ; 42         ; 1B       ; RESERVED_INPUT_WITH_WEAK_PULLUP                ;        ;                       ;           ; Row I/O    ;                 ; no       ; On           ;
; 22       ; 44         ; 1B       ; RESERVED_INPUT_WITH_WEAK_PULLUP                ;        ;                       ;           ; Row I/O    ;                 ; no       ; On           ;
; 23       ; 46         ; 1B       ; RESERVED_INPUT_WITH_WEAK_PULLUP                ;        ;                       ;           ; Row I/O    ;                 ; no       ; On           ;
; 24       ;            ; 1B       ; VCCIO1B                                        ; power  ;                       ; 2.5V      ; --         ;                 ; --       ; --           ;
; 25       ; 56         ; 2        ; RESERVED_INPUT_WITH_WEAK_PULLUP                ;        ;                       ;           ; Row I/O    ;                 ; no       ; On           ;
; 26       ; 58         ; 2        ; RESERVED_INPUT_WITH_WEAK_PULLUP                ;        ;                       ;           ; Row I/O    ;                 ; no       ; On           ;
; 27       ; 72         ; 2        ; RESERVED_INPUT_WITH_WEAK_PULLUP                ;        ;                       ;           ; Row I/O    ;                 ; no       ; On           ;
; 28       ; 74         ; 2        ; RESERVED_INPUT_WITH_WEAK_PULLUP                ;        ;                       ;           ; Row I/O    ;                 ; no       ; On           ;
; 29       ; 77         ; 2        ; RESERVED_INPUT_WITH_WEAK_PULLUP                ;        ;                       ;           ; Row I/O    ;                 ; --       ; --           ;
; 30       ; 79         ; 2        ; RESERVED_INPUT_WITH_WEAK_PULLUP                ;        ;                       ;           ; Row I/O    ;                 ; no       ; On           ;
; 31       ;            ; 2        ; VCCIO2                                         ; power  ;                       ; 2.5V      ; --         ;                 ; --       ; --           ;
; 32       ; 120        ; 2        ; RESERVED_INPUT_WITH_WEAK_PULLUP                ;        ;                       ;           ; Row I/O    ;                 ; no       ; On           ;
; 33       ; 122        ; 2        ; RESERVED_INPUT_WITH_WEAK_PULLUP                ;        ;                       ;           ; Row I/O    ;                 ; no       ; On           ;
; 34       ;            ; --       ; VCCA2                                          ; power  ;                       ; 3.0V/3.3V ; --         ;                 ; --       ; --           ;
; 35       ;            ; --       ; VCCA1                                          ; power  ;                       ; 3.0V/3.3V ; --         ;                 ; --       ; --           ;
; 36       ;            ; --       ; VCC_ONE                                        ; power  ;                       ; 3.0V/3.3V ; --         ;                 ; --       ; --           ;
; 37       ;            ; --       ; VCC_ONE                                        ; power  ;                       ; 3.0V/3.3V ; --         ;                 ; --       ; --           ;
; 38       ; 124        ; 3        ; RESERVED_INPUT_WITH_WEAK_PULLUP                ;        ;                       ;           ; Column I/O ;                 ; no       ; On           ;
; 39       ; 126        ; 3        ; RESERVED_INPUT_WITH_WEAK_PULLUP                ;        ;                       ;           ; Column I/O ;                 ; no       ; On           ;
; 40       ; 128        ; 3        ; RESERVED_INPUT_WITH_WEAK_PULLUP                ;        ;                       ;           ; Column I/O ;                 ; no       ; On           ;
; 41       ; 130        ; 3        ; RESERVED_INPUT_WITH_WEAK_PULLUP                ;        ;                       ;           ; Column I/O ;                 ; no       ; On           ;
; 42       ; 132        ; 3        ; RESERVED_INPUT_WITH_WEAK_PULLUP                ;        ;                       ;           ; Column I/O ;                 ; no       ; On           ;
; 43       ; 134        ; 3        ; RESERVED_INPUT_WITH_WEAK_PULLUP                ;        ;                       ;           ; Column I/O ;                 ; no       ; On           ;
; 44       ; 153        ; 3        ; RESERVED_INPUT_WITH_WEAK_PULLUP                ;        ;                       ;           ; Column I/O ;                 ; --       ; --           ;
; 45       ;            ; 3        ; VCCIO3                                         ; power  ;                       ; 2.5V      ; --         ;                 ; --       ; --           ;
; 46       ; 152        ; 3        ; RESERVED_INPUT_WITH_WEAK_PULLUP                ;        ;                       ;           ; Column I/O ;                 ; no       ; On           ;
; 47       ;            ; --       ; VCC_ONE                                        ; power  ;                       ; 3.0V/3.3V ; --         ;                 ; --       ; --           ;
; 48       ;            ;          ; GND                                            ; gnd    ;                       ;           ; --         ;                 ; --       ; --           ;
; 49       ; 154        ; 3        ; RESERVED_INPUT_WITH_WEAK_PULLUP                ;        ;                       ;           ; Column I/O ;                 ; no       ; On           ;
; 50       ; 156        ; 3        ; RESERVED_INPUT_WITH_WEAK_PULLUP                ;        ;                       ;           ; Column I/O ;                 ; no       ; On           ;
; 51       ; 160        ; 3        ; RESERVED_INPUT_WITH_WEAK_PULLUP                ;        ;                       ;           ; Column I/O ;                 ; no       ; On           ;
; 52       ; 162        ; 3        ; RESERVED_INPUT_WITH_WEAK_PULLUP                ;        ;                       ;           ; Column I/O ;                 ; no       ; On           ;
; 53       ; 164        ; 3        ; RESERVED_INPUT_WITH_WEAK_PULLUP                ;        ;                       ;           ; Column I/O ;                 ; no       ; On           ;
; 54       ;            ; 3        ; VCCIO3                                         ; power  ;                       ; 2.5V      ; --         ;                 ; --       ; --           ;
; 55       ; 166        ; 3        ; RESERVED_INPUT_WITH_WEAK_PULLUP                ;        ;                       ;           ; Column I/O ;                 ; no       ; On           ;
; 56       ;            ;          ; GND                                            ; gnd    ;                       ;           ; --         ;                 ; --       ; --           ;
; 57       ; 197        ; 4        ; RESERVED_INPUT_WITH_WEAK_PULLUP                ;        ;                       ;           ; Column I/O ;                 ; --       ; --           ;
; 58       ; 198        ; 4        ; RESERVED_INPUT_WITH_WEAK_PULLUP                ;        ;                       ;           ; Column I/O ;                 ; no       ; On           ;
; 59       ;            ;          ; GND                                            ; gnd    ;                       ;           ; --         ;                 ; --       ; --           ;
; 60       ; 204        ; 4        ; RESERVED_INPUT_WITH_WEAK_PULLUP                ;        ;                       ;           ; Column I/O ;                 ; no       ; On           ;
; 61       ; 206        ; 4        ; RESERVED_INPUT_WITH_WEAK_PULLUP                ;        ;                       ;           ; Column I/O ;                 ; no       ; On           ;
; 62       ; 208        ; 4        ; RESERVED_INPUT_WITH_WEAK_PULLUP                ;        ;                       ;           ; Column I/O ;                 ; no       ; On           ;
; 63       ; 216        ; 4        ; RESERVED_INPUT_WITH_WEAK_PULLUP                ;        ;                       ;           ; Column I/O ;                 ; no       ; On           ;
; 64       ; 218        ; 4        ; RESERVED_INPUT_WITH_WEAK_PULLUP                ;        ;                       ;           ; Column I/O ;                 ; no       ; On           ;
; 65       ; 224        ; 4        ; RESERVED_INPUT_WITH_WEAK_PULLUP                ;        ;                       ;           ; Column I/O ;                 ; no       ; On           ;
; 66       ; 226        ; 4        ; RESERVED_INPUT_WITH_WEAK_PULLUP                ;        ;                       ;           ; Column I/O ;                 ; no       ; On           ;
; 67       ;            ; 4        ; VCCIO4                                         ; power  ;                       ; 2.5V      ; --         ;                 ; --       ; --           ;
; 68       ;            ;          ; GND                                            ; gnd    ;                       ;           ; --         ;                 ; --       ; --           ;
; 69       ; 240        ; 4        ; RESERVED_INPUT_WITH_WEAK_PULLUP                ;        ;                       ;           ; Column I/O ;                 ; no       ; On           ;
; 70       ; 242        ; 4        ; RESERVED_INPUT_WITH_WEAK_PULLUP                ;        ;                       ;           ; Column I/O ;                 ; no       ; On           ;
; 71       ;            ; --       ; VCCA5                                          ; power  ;                       ; 3.0V/3.3V ; --         ;                 ; --       ; --           ;
; 72       ;            ; --       ; VCC_ONE                                        ; power  ;                       ; 3.0V/3.3V ; --         ;                 ; --       ; --           ;
; 73       ;            ; --       ; VCC_ONE                                        ; power  ;                       ; 3.0V/3.3V ; --         ;                 ; --       ; --           ;
; 74       ; 245        ; 5        ; HTRV_DAC_DIN                                   ; output ; 2.5 V                 ;           ; Row I/O    ; Y               ; no       ; Off          ;
; 75       ; 247        ; 5        ; HTRV_DAC_SYNC                                  ; output ; 2.5 V                 ;           ; Row I/O    ; Y               ; no       ; Off          ;
; 76       ; 244        ; 5        ; HEARTBEAT                                      ; output ; 2.5 V                 ;           ; Row I/O    ; Y               ; no       ; Off          ;
; 77       ; 246        ; 5        ; HTRV_DAC_SCLK                                  ; output ; 2.5 V                 ;           ; Row I/O    ; Y               ; no       ; Off          ;
; 78       ;            ; 5        ; VCCIO5                                         ; power  ;                       ; 2.5V      ; --         ;                 ; --       ; --           ;
; 79       ;            ;          ; GND                                            ; gnd    ;                       ;           ; --         ;                 ; --       ; --           ;
; 80       ; 301        ; 5        ; RESERVED_INPUT_WITH_WEAK_PULLUP                ;        ;                       ;           ; Row I/O    ;                 ; no       ; On           ;
; 81       ; 303        ; 5        ; RESERVED_INPUT_WITH_WEAK_PULLUP                ;        ;                       ;           ; Row I/O    ;                 ; --       ; --           ;
; 82       ; 300        ; 5        ; RESERVED_INPUT_WITH_WEAK_PULLUP                ;        ;                       ;           ; Row I/O    ;                 ; no       ; On           ;
; 83       ; 302        ; 5        ; RESERVED_INPUT_WITH_WEAK_PULLUP                ;        ;                       ;           ; Row I/O    ;                 ; no       ; On           ;
; 84       ; 309        ; 5        ; RESERVED_INPUT_WITH_WEAK_PULLUP                ;        ;                       ;           ; Row I/O    ;                 ; no       ; On           ;
; 85       ; 308        ; 5        ; RESERVED_INPUT_WITH_WEAK_PULLUP                ;        ;                       ;           ; Row I/O    ;                 ; no       ; On           ;
; 86       ; 311        ; 5        ; RESERVED_INPUT_WITH_WEAK_PULLUP                ;        ;                       ;           ; Row I/O    ;                 ; no       ; On           ;
; 87       ; 310        ; 5        ; RESERVED_INPUT_WITH_WEAK_PULLUP                ;        ;                       ;           ; Row I/O    ;                 ; no       ; On           ;
; 88       ; 320        ; 6        ; SYSCLOCK                                       ; input  ; 3.3-V LVCMOS          ;           ; Row I/O    ; Y               ; no       ; Off          ;
; 89       ; 322        ; 6        ; RESERVED_INPUT_WITH_WEAK_PULLUP                ;        ;                       ;           ; Row I/O    ;                 ; no       ; On           ;
; 90       ; 324        ; 6        ; HTRV_ADC_SDI                                   ; output ; 2.5 V                 ;           ; Row I/O    ; Y               ; no       ; Off          ;
; 91       ; 326        ; 6        ; HTRV_ADC_SCLK                                  ; output ; 2.5 V                 ;           ; Row I/O    ; Y               ; no       ; Off          ;
; 92       ; 328        ; 6        ; HTRV_ADC_CSI                                   ; output ; 2.5 V                 ;           ; Row I/O    ; Y               ; no       ; Off          ;
; 93       ; 330        ; 6        ; HTRV_ADC_SDO                                   ; input  ; 2.5 V                 ;           ; Row I/O    ; Y               ; no       ; Off          ;
; 94       ;            ; 6        ; VCCIO6                                         ; power  ;                       ; 2.5V      ; --         ;                 ; --       ; --           ;
; 95       ;            ;          ; GND                                            ; gnd    ;                       ;           ; --         ;                 ; --       ; --           ;
; 96       ; 344        ; 6        ; RESERVED_INPUT_WITH_WEAK_PULLUP                ;        ;                       ;           ; Row I/O    ;                 ; no       ; On           ;
; 97       ; 345        ; 6        ; RESERVED_INPUT_WITH_WEAK_PULLUP                ;        ;                       ;           ; Row I/O    ;                 ; --       ; --           ;
; 98       ; 346        ; 6        ; RESERVED_INPUT_WITH_WEAK_PULLUP                ;        ;                       ;           ; Row I/O    ;                 ; no       ; On           ;
; 99       ; 348        ; 6        ; RESERVED_INPUT_WITH_WEAK_PULLUP                ;        ;                       ;           ; Row I/O    ;                 ; no       ; On           ;
; 100      ; 349        ; 6        ; RESERVED_INPUT_WITH_WEAK_PULLUP                ;        ;                       ;           ; Row I/O    ;                 ; no       ; On           ;
; 101      ; 350        ; 6        ; RESERVED_INPUT_WITH_WEAK_PULLUP                ;        ;                       ;           ; Row I/O    ;                 ; no       ; On           ;
; 102      ; 351        ; 6        ; RESERVED_INPUT_WITH_WEAK_PULLUP                ;        ;                       ;           ; Row I/O    ;                 ; no       ; On           ;
; 103      ;            ; 6        ; VCCIO6                                         ; power  ;                       ; 2.5V      ; --         ;                 ; --       ; --           ;
; 104      ;            ;          ; GND                                            ; gnd    ;                       ;           ; --         ;                 ; --       ; --           ;
; 105      ; 384        ; 6        ; RESERVED_INPUT_WITH_WEAK_PULLUP                ;        ;                       ;           ; Row I/O    ;                 ; no       ; On           ;
; 106      ; 386        ; 6        ; RESERVED_INPUT_WITH_WEAK_PULLUP                ;        ;                       ;           ; Row I/O    ;                 ; no       ; On           ;
; 107      ;            ; --       ; VCCA3                                          ; power  ;                       ; 3.0V/3.3V ; --         ;                 ; --       ; --           ;
; 108      ;            ; --       ; VCC_ONE                                        ; power  ;                       ; 3.0V/3.3V ; --         ;                 ; --       ; --           ;
; 109      ;            ; --       ; VCC_ONE                                        ; power  ;                       ; 3.0V/3.3V ; --         ;                 ; --       ; --           ;
; 110      ; 388        ; 7        ; RESERVED_INPUT_WITH_WEAK_PULLUP                ;        ;                       ;           ; Column I/O ;                 ; no       ; On           ;
; 111      ; 390        ; 7        ; RESERVED_INPUT_WITH_WEAK_PULLUP                ;        ;                       ;           ; Column I/O ;                 ; no       ; On           ;
; 112      ;            ;          ; GND                                            ; gnd    ;                       ;           ; --         ;                 ; --       ; --           ;
; 113      ;            ; 7        ; VCCIO7                                         ; power  ;                       ; 2.5V      ; --         ;                 ; --       ; --           ;
; 114      ;            ; --       ; VCC_ONE                                        ; power  ;                       ; 3.0V/3.3V ; --         ;                 ; --       ; --           ;
; 115      ;            ;          ; GND                                            ; gnd    ;                       ;           ; --         ;                 ; --       ; --           ;
; 116      ; 423        ; 7        ; RESERVED_INPUT_WITH_WEAK_PULLUP                ;        ;                       ;           ; Column I/O ;                 ; --       ; --           ;
; 117      ; 428        ; 7        ; GPIO[6]                                        ; input  ; 2.5 V                 ;           ; Column I/O ; Y               ; no       ; Off          ;
; 118      ; 430        ; 7        ; RESERVED_INPUT_WITH_WEAK_PULLUP                ;        ;                       ;           ; Column I/O ;                 ; no       ; On           ;
; 119      ; 448        ; 7        ; RESERVED_INPUT_WITH_WEAK_PULLUP                ;        ;                       ;           ; Column I/O ;                 ; no       ; On           ;
; 120      ; 450        ; 7        ; RESERVED_INPUT_WITH_WEAK_PULLUP                ;        ;                       ;           ; Column I/O ;                 ; no       ; On           ;
; 121      ;            ;          ; GND                                            ; gnd    ;                       ;           ; --         ;                 ; --       ; --           ;
; 122      ;            ; 8        ; VCCIO8                                         ; power  ;                       ; 2.5V      ; --         ;                 ; --       ; --           ;
; 123      ; 472        ; 8        ; RESERVED_INPUT_WITH_WEAK_PULLUP                ;        ;                       ;           ; Column I/O ;                 ; no       ; On           ;
; 124      ; 474        ; 8        ; RESERVED_INPUT_WITH_WEAK_PULLUP                ;        ;                       ;           ; Column I/O ;                 ; no       ; On           ;
; 125      ; 476        ; 8        ; RESERVED_INPUT_WITH_WEAK_PULLUP                ;        ;                       ;           ; Column I/O ;                 ; no       ; On           ;
; 126      ; 479        ; 8        ; RESERVED_INPUT_WITH_WEAK_PULLUP                ;        ;                       ;           ; Column I/O ;                 ; --       ; --           ;
; 127      ; 481        ; 8        ; RESERVED_INPUT_WITH_WEAK_PULLUP                ;        ;                       ;           ; Column I/O ;                 ; no       ; On           ;
; 128      ; 480        ; 8        ; ~ALTERA_CONFIG_SEL~ / RESERVED_INPUT           ; input  ; 2.5 V                 ;           ; Column I/O ; N               ; no       ; Off          ;
; 129      ; 483        ; 8        ; RESERVED_INPUT_WITH_WEAK_PULLUP                ;        ;                       ;           ; Column I/O ;                 ; no       ; On           ;
; 130      ; 482        ; 8        ; ~ALTERA_nCONFIG~ / RESERVED_INPUT              ; input  ; 2.5 V Schmitt Trigger ;           ; Column I/O ; N               ; no       ; Off          ;
; 131      ; 484        ; 8        ; RESERVED_INPUT_WITH_WEAK_PULLUP                ;        ;                       ;           ; Column I/O ;                 ; no       ; On           ;
; 132      ; 486        ; 8        ; RESERVED_INPUT_WITH_WEAK_PULLUP                ;        ;                       ;           ; Column I/O ;                 ; no       ; On           ;
; 133      ; 488        ; 8        ; RESERVED_INPUT_WITH_WEAK_PULLUP                ;        ;                       ;           ; Column I/O ;                 ; no       ; On           ;
; 134      ; 490        ; 8        ; RESERVED_INPUT_WITH_WEAK_PULLUP                ;        ;                       ;           ; Column I/O ;                 ; no       ; On           ;
; 135      ; 491        ; 8        ; RESERVED_INPUT_WITH_WEAK_PULLUP                ;        ;                       ;           ; Column I/O ;                 ; no       ; On           ;
; 136      ; 492        ; 8        ; ~ALTERA_nSTATUS~ / RESERVED_INPUT              ; input  ; 2.5 V Schmitt Trigger ;           ; Column I/O ; N               ; no       ; Off          ;
; 137      ;            ;          ; GND                                            ; gnd    ;                       ;           ; --         ;                 ; --       ; --           ;
; 138      ; 494        ; 8        ; ~ALTERA_CONF_DONE~ / RESERVED_INPUT            ; input  ; 2.5 V Schmitt Trigger ;           ; Column I/O ; N               ; no       ; Off          ;
; 139      ;            ; 8        ; VCCIO8                                         ; power  ;                       ; 2.5V      ; --         ;                 ; --       ; --           ;
; 140      ; 496        ; 8        ; XPORT_TX                                       ; output ; 2.5 V                 ;           ; Column I/O ; Y               ; no       ; Off          ;
; 141      ; 498        ; 8        ; XPORT_RX                                       ; input  ; 2.5 V                 ;           ; Column I/O ; Y               ; no       ; Off          ;
; 142      ;            ;          ; GND                                            ; gnd    ;                       ;           ; --         ;                 ; --       ; --           ;
; 143      ;            ; --       ; VCCA4                                          ; power  ;                       ; 3.0V/3.3V ; --         ;                 ; --       ; --           ;
; 144      ;            ; --       ; VCC_ONE                                        ; power  ;                       ; 3.0V/3.3V ; --         ;                 ; --       ; --           ;
+----------+------------+----------+------------------------------------------------+--------+-----------------------+-----------+------------+-----------------+----------+--------------+
Note: Pin directions (input, output or bidir) are based on device operating in user mode.


+-----------------------------------------------+
; I/O Assignment Warnings                       ;
+---------------+-------------------------------+
; Pin Name      ; Reason                        ;
+---------------+-------------------------------+
; HEARTBEAT     ; Incomplete set of assignments ;
; HTRV_ADC_CSI  ; Incomplete set of assignments ;
; HTRV_ADC_SCLK ; Incomplete set of assignments ;
; HTRV_ADC_SDI  ; Incomplete set of assignments ;
; HTRV_DAC_SCLK ; Incomplete set of assignments ;
; HTRV_DAC_DIN  ; Incomplete set of assignments ;
; HTRV_DAC_SYNC ; Incomplete set of assignments ;
; XPORT_TX      ; Incomplete set of assignments ;
; LED[4]        ; Incomplete set of assignments ;
; LED[3]        ; Incomplete set of assignments ;
; LED[2]        ; Incomplete set of assignments ;
; LED[1]        ; Incomplete set of assignments ;
; LED[0]        ; Incomplete set of assignments ;
; GPIO[6]       ; Incomplete set of assignments ;
; XPORT_RX      ; Incomplete set of assignments ;
; HTRV_ADC_SDO  ; Incomplete set of assignments ;
+---------------+-------------------------------+


+---------------------------------------------------------------------------------------------------------------------------------------------------------------------------------------------------------------------------------------------------------------------------------------------------------------------------------------------------------------------------------------------------------------+
; Fitter Resource Utilization by Entity                                                                                                                                                                                                                                                                                                                                                                         ;
+---------------------------------------------------+-------------+---------------------------+---------------+-------------+------+------------+--------------+---------+-----------+------+--------------+--------------+-------------------+------------------+------------+------------------------------------------------------------------------------------------------+-----------------+--------------+
; Compilation Hierarchy Node                        ; Logic Cells ; Dedicated Logic Registers ; I/O Registers ; Memory Bits ; M9Ks ; UFM Blocks ; DSP Elements ; DSP 9x9 ; DSP 18x18 ; Pins ; Virtual Pins ; LUT-Only LCs ; Register-Only LCs ; LUT/Register LCs ; ADC blocks ; Full Hierarchy Name                                                                            ; Entity Name     ; Library Name ;
+---------------------------------------------------+-------------+---------------------------+---------------+-------------+------+------------+--------------+---------+-----------+------+--------------+--------------+-------------------+------------------+------------+------------------------------------------------------------------------------------------------+-----------------+--------------+
; |MODBUS                                           ; 3998 (1)    ; 3018 (0)                  ; 0 (0)         ; 2048        ; 1    ; 1          ; 0            ; 0       ; 0         ; 17   ; 0            ; 980 (1)      ; 1363 (0)          ; 1655 (0)         ; 0          ; |MODBUS                                                                                        ; MODBUS          ; work         ;
;    |ADS8688v2:inst3|                              ; 481 (225)   ; 449 (193)                 ; 0 (0)         ; 0           ; 0    ; 0          ; 0            ; 0       ; 0         ; 0    ; 0            ; 32 (32)      ; 408 (152)         ; 41 (41)          ; 0          ; |MODBUS|ADS8688v2:inst3                                                                        ; ADS8688v2       ; work         ;
;       |FILTERS:\ADCDataFilter:0:ADC_Filter|       ; 32 (16)     ; 32 (16)                   ; 0 (0)         ; 0           ; 0    ; 0          ; 0            ; 0       ; 0         ; 0    ; 0            ; 0 (0)        ; 32 (16)           ; 0 (0)            ; 0          ; |MODBUS|ADS8688v2:inst3|FILTERS:\ADCDataFilter:0:ADC_Filter                                    ; FILTERS         ; work         ;
;          |regne:DATA_BUF|                         ; 16 (16)     ; 16 (16)                   ; 0 (0)         ; 0           ; 0    ; 0          ; 0            ; 0       ; 0         ; 0    ; 0            ; 0 (0)        ; 16 (16)           ; 0 (0)            ; 0          ; |MODBUS|ADS8688v2:inst3|FILTERS:\ADCDataFilter:0:ADC_Filter|regne:DATA_BUF                     ; regne           ; work         ;
;       |FILTERS:\ADCDataFilter:1:ADC_Filter|       ; 32 (16)     ; 32 (16)                   ; 0 (0)         ; 0           ; 0    ; 0          ; 0            ; 0       ; 0         ; 0    ; 0            ; 0 (0)        ; 32 (16)           ; 0 (0)            ; 0          ; |MODBUS|ADS8688v2:inst3|FILTERS:\ADCDataFilter:1:ADC_Filter                                    ; FILTERS         ; work         ;
;          |regne:DATA_BUF|                         ; 16 (16)     ; 16 (16)                   ; 0 (0)         ; 0           ; 0    ; 0          ; 0            ; 0       ; 0         ; 0    ; 0            ; 0 (0)        ; 16 (16)           ; 0 (0)            ; 0          ; |MODBUS|ADS8688v2:inst3|FILTERS:\ADCDataFilter:1:ADC_Filter|regne:DATA_BUF                     ; regne           ; work         ;
;       |FILTERS:\ADCDataFilter:2:ADC_Filter|       ; 32 (16)     ; 32 (16)                   ; 0 (0)         ; 0           ; 0    ; 0          ; 0            ; 0       ; 0         ; 0    ; 0            ; 0 (0)        ; 32 (16)           ; 0 (0)            ; 0          ; |MODBUS|ADS8688v2:inst3|FILTERS:\ADCDataFilter:2:ADC_Filter                                    ; FILTERS         ; work         ;
;          |regne:DATA_BUF|                         ; 16 (16)     ; 16 (16)                   ; 0 (0)         ; 0           ; 0    ; 0          ; 0            ; 0       ; 0         ; 0    ; 0            ; 0 (0)        ; 16 (16)           ; 0 (0)            ; 0          ; |MODBUS|ADS8688v2:inst3|FILTERS:\ADCDataFilter:2:ADC_Filter|regne:DATA_BUF                     ; regne           ; work         ;
;       |FILTERS:\ADCDataFilter:3:ADC_Filter|       ; 32 (16)     ; 32 (16)                   ; 0 (0)         ; 0           ; 0    ; 0          ; 0            ; 0       ; 0         ; 0    ; 0            ; 0 (0)        ; 32 (16)           ; 0 (0)            ; 0          ; |MODBUS|ADS8688v2:inst3|FILTERS:\ADCDataFilter:3:ADC_Filter                                    ; FILTERS         ; work         ;
;          |regne:DATA_BUF|                         ; 16 (16)     ; 16 (16)                   ; 0 (0)         ; 0           ; 0    ; 0          ; 0            ; 0       ; 0         ; 0    ; 0            ; 0 (0)        ; 16 (16)           ; 0 (0)            ; 0          ; |MODBUS|ADS8688v2:inst3|FILTERS:\ADCDataFilter:3:ADC_Filter|regne:DATA_BUF                     ; regne           ; work         ;
;       |FILTERS:\ADCDataFilter:4:ADC_Filter|       ; 32 (16)     ; 32 (16)                   ; 0 (0)         ; 0           ; 0    ; 0          ; 0            ; 0       ; 0         ; 0    ; 0            ; 0 (0)        ; 32 (16)           ; 0 (0)            ; 0          ; |MODBUS|ADS8688v2:inst3|FILTERS:\ADCDataFilter:4:ADC_Filter                                    ; FILTERS         ; work         ;
;          |regne:DATA_BUF|                         ; 16 (16)     ; 16 (16)                   ; 0 (0)         ; 0           ; 0    ; 0          ; 0            ; 0       ; 0         ; 0    ; 0            ; 0 (0)        ; 16 (16)           ; 0 (0)            ; 0          ; |MODBUS|ADS8688v2:inst3|FILTERS:\ADCDataFilter:4:ADC_Filter|regne:DATA_BUF                     ; regne           ; work         ;
;       |FILTERS:\ADCDataFilter:5:ADC_Filter|       ; 32 (16)     ; 32 (16)                   ; 0 (0)         ; 0           ; 0    ; 0          ; 0            ; 0       ; 0         ; 0    ; 0            ; 0 (0)        ; 32 (16)           ; 0 (0)            ; 0          ; |MODBUS|ADS8688v2:inst3|FILTERS:\ADCDataFilter:5:ADC_Filter                                    ; FILTERS         ; work         ;
;          |regne:DATA_BUF|                         ; 16 (16)     ; 16 (16)                   ; 0 (0)         ; 0           ; 0    ; 0          ; 0            ; 0       ; 0         ; 0    ; 0            ; 0 (0)        ; 16 (16)           ; 0 (0)            ; 0          ; |MODBUS|ADS8688v2:inst3|FILTERS:\ADCDataFilter:5:ADC_Filter|regne:DATA_BUF                     ; regne           ; work         ;
;       |FILTERS:\ADCDataFilter:6:ADC_Filter|       ; 32 (16)     ; 32 (16)                   ; 0 (0)         ; 0           ; 0    ; 0          ; 0            ; 0       ; 0         ; 0    ; 0            ; 0 (0)        ; 32 (16)           ; 0 (0)            ; 0          ; |MODBUS|ADS8688v2:inst3|FILTERS:\ADCDataFilter:6:ADC_Filter                                    ; FILTERS         ; work         ;
;          |regne:DATA_BUF|                         ; 16 (16)     ; 16 (16)                   ; 0 (0)         ; 0           ; 0    ; 0          ; 0            ; 0       ; 0         ; 0    ; 0            ; 0 (0)        ; 16 (16)           ; 0 (0)            ; 0          ; |MODBUS|ADS8688v2:inst3|FILTERS:\ADCDataFilter:6:ADC_Filter|regne:DATA_BUF                     ; regne           ; work         ;
;       |FILTERS:\ADCDataFilter:7:ADC_Filter|       ; 32 (16)     ; 32 (16)                   ; 0 (0)         ; 0           ; 0    ; 0          ; 0            ; 0       ; 0         ; 0    ; 0            ; 0 (0)        ; 32 (16)           ; 0 (0)            ; 0          ; |MODBUS|ADS8688v2:inst3|FILTERS:\ADCDataFilter:7:ADC_Filter                                    ; FILTERS         ; work         ;
;          |regne:DATA_BUF|                         ; 16 (16)     ; 16 (16)                   ; 0 (0)         ; 0           ; 0    ; 0          ; 0            ; 0       ; 0         ; 0    ; 0            ; 0 (0)        ; 16 (16)           ; 0 (0)            ; 0          ; |MODBUS|ADS8688v2:inst3|FILTERS:\ADCDataFilter:7:ADC_Filter|regne:DATA_BUF                     ; regne           ; work         ;
;    |DAC8568_CONTROL:inst4|                        ; 253 (46)    ; 183 (10)                  ; 0 (0)         ; 0           ; 0    ; 0          ; 0            ; 0       ; 0         ; 0    ; 0            ; 70 (36)      ; 15 (0)            ; 168 (78)         ; 0          ; |MODBUS|DAC8568_CONTROL:inst4                                                                  ; DAC8568_CONTROL ; work         ;
;       |FLIP_FLOP:DAC_DATA_LATCH|                  ; 1 (1)       ; 1 (1)                     ; 0 (0)         ; 0           ; 0    ; 0          ; 0            ; 0       ; 0         ; 0    ; 0            ; 0 (0)        ; 0 (0)             ; 1 (1)            ; 0          ; |MODBUS|DAC8568_CONTROL:inst4|FLIP_FLOP:DAC_DATA_LATCH                                         ; FLIP_FLOP       ; work         ;
;       |SHIFT_REG:DAC_DATA_IN_REG|                 ; 105 (105)   ; 28 (28)                   ; 0 (0)         ; 0           ; 0    ; 0          ; 0            ; 0       ; 0         ; 0    ; 0            ; 32 (32)      ; 0 (0)             ; 73 (73)          ; 0          ; |MODBUS|DAC8568_CONTROL:inst4|SHIFT_REG:DAC_DATA_IN_REG                                        ; SHIFT_REG       ; work         ;
;       |counter:DAC_ADDR_CNTR|                     ; 3 (3)       ; 3 (3)                     ; 0 (0)         ; 0           ; 0    ; 0          ; 0            ; 0       ; 0         ; 0    ; 0            ; 0 (0)        ; 0 (0)             ; 3 (3)            ; 0          ; |MODBUS|DAC8568_CONTROL:inst4|counter:DAC_ADDR_CNTR                                            ; counter         ; work         ;
;       |counter:SCLK_CNTR|                         ; 6 (6)       ; 5 (5)                     ; 0 (0)         ; 0           ; 0    ; 0          ; 0            ; 0       ; 0         ; 0    ; 0            ; 1 (1)        ; 0 (0)             ; 5 (5)            ; 0          ; |MODBUS|DAC8568_CONTROL:inst4|counter:SCLK_CNTR                                                ; counter         ; work         ;
;       |counter:SCLK_DIV_CNTR|                     ; 5 (5)       ; 4 (4)                     ; 0 (0)         ; 0           ; 0    ; 0          ; 0            ; 0       ; 0         ; 0    ; 0            ; 1 (1)        ; 0 (0)             ; 4 (4)            ; 0          ; |MODBUS|DAC8568_CONTROL:inst4|counter:SCLK_DIV_CNTR                                            ; counter         ; work         ;
;       |counter:SYNC_CNTR|                         ; 4 (4)       ; 4 (4)                     ; 0 (0)         ; 0           ; 0    ; 0          ; 0            ; 0       ; 0         ; 0    ; 0            ; 0 (0)        ; 0 (0)             ; 4 (4)            ; 0          ; |MODBUS|DAC8568_CONTROL:inst4|counter:SYNC_CNTR                                                ; counter         ; work         ;
;       |regne:\DAC_DATA_REG_GEN_I:0:DAC_DATA_REGI| ; 16 (16)     ; 16 (16)                   ; 0 (0)         ; 0           ; 0    ; 0          ; 0            ; 0       ; 0         ; 0    ; 0            ; 0 (0)        ; 1 (1)             ; 15 (15)          ; 0          ; |MODBUS|DAC8568_CONTROL:inst4|regne:\DAC_DATA_REG_GEN_I:0:DAC_DATA_REGI                        ; regne           ; work         ;
;       |regne:\DAC_DATA_REG_GEN_I:1:DAC_DATA_REGI| ; 16 (16)     ; 16 (16)                   ; 0 (0)         ; 0           ; 0    ; 0          ; 0            ; 0       ; 0         ; 0    ; 0            ; 0 (0)        ; 6 (6)             ; 10 (10)          ; 0          ; |MODBUS|DAC8568_CONTROL:inst4|regne:\DAC_DATA_REG_GEN_I:1:DAC_DATA_REGI                        ; regne           ; work         ;
;       |regne:\DAC_DATA_REG_GEN_I:2:DAC_DATA_REGI| ; 16 (16)     ; 16 (16)                   ; 0 (0)         ; 0           ; 0    ; 0          ; 0            ; 0       ; 0         ; 0    ; 0            ; 0 (0)        ; 0 (0)             ; 16 (16)          ; 0          ; |MODBUS|DAC8568_CONTROL:inst4|regne:\DAC_DATA_REG_GEN_I:2:DAC_DATA_REGI                        ; regne           ; work         ;
;       |regne:\DAC_DATA_REG_GEN_I:3:DAC_DATA_REGI| ; 16 (16)     ; 16 (16)                   ; 0 (0)         ; 0           ; 0    ; 0          ; 0            ; 0       ; 0         ; 0    ; 0            ; 0 (0)        ; 1 (1)             ; 15 (15)          ; 0          ; |MODBUS|DAC8568_CONTROL:inst4|regne:\DAC_DATA_REG_GEN_I:3:DAC_DATA_REGI                        ; regne           ; work         ;
;       |regne:\DAC_DATA_REG_GEN_I:4:DAC_DATA_REGI| ; 16 (16)     ; 16 (16)                   ; 0 (0)         ; 0           ; 0    ; 0          ; 0            ; 0       ; 0         ; 0    ; 0            ; 0 (0)        ; 4 (4)             ; 12 (12)          ; 0          ; |MODBUS|DAC8568_CONTROL:inst4|regne:\DAC_DATA_REG_GEN_I:4:DAC_DATA_REGI                        ; regne           ; work         ;
;       |regne:\DAC_DATA_REG_GEN_I:5:DAC_DATA_REGI| ; 16 (16)     ; 16 (16)                   ; 0 (0)         ; 0           ; 0    ; 0          ; 0            ; 0       ; 0         ; 0    ; 0            ; 0 (0)        ; 0 (0)             ; 16 (16)          ; 0          ; |MODBUS|DAC8568_CONTROL:inst4|regne:\DAC_DATA_REG_GEN_I:5:DAC_DATA_REGI                        ; regne           ; work         ;
;       |regne:\DAC_DATA_REG_GEN_I:6:DAC_DATA_REGI| ; 16 (16)     ; 16 (16)                   ; 0 (0)         ; 0           ; 0    ; 0          ; 0            ; 0       ; 0         ; 0    ; 0            ; 0 (0)        ; 3 (3)             ; 13 (13)          ; 0          ; |MODBUS|DAC8568_CONTROL:inst4|regne:\DAC_DATA_REG_GEN_I:6:DAC_DATA_REGI                        ; regne           ; work         ;
;       |regne:\DAC_DATA_REG_GEN_I:7:DAC_DATA_REGI| ; 16 (16)     ; 16 (16)                   ; 0 (0)         ; 0           ; 0    ; 0          ; 0            ; 0       ; 0         ; 0    ; 0            ; 0 (0)        ; 0 (0)             ; 16 (16)          ; 0          ; |MODBUS|DAC8568_CONTROL:inst4|regne:\DAC_DATA_REG_GEN_I:7:DAC_DATA_REGI                        ; regne           ; work         ;
;    |Heartbeat:inst7|                              ; 82 (82)     ; 33 (33)                   ; 0 (0)         ; 0           ; 0    ; 0          ; 0            ; 0       ; 0         ; 0    ; 0            ; 49 (49)      ; 0 (0)             ; 33 (33)          ; 0          ; |MODBUS|Heartbeat:inst7                                                                        ; Heartbeat       ; work         ;
;    |Heartbeat_FP:inst2|                           ; 153 (153)   ; 65 (65)                   ; 0 (0)         ; 0           ; 0    ; 0          ; 0            ; 0       ; 0         ; 0    ; 0            ; 88 (88)      ; 1 (1)             ; 64 (64)          ; 0          ; |MODBUS|Heartbeat_FP:inst2                                                                     ; Heartbeat_FP    ; work         ;
;    |mbp_regs:inst1|                               ; 2010 (2010) ; 1824 (1824)               ; 0 (0)         ; 0           ; 0    ; 0          ; 0            ; 0       ; 0         ; 0    ; 0            ; 186 (186)    ; 787 (787)         ; 1037 (1037)      ; 0          ; |MODBUS|mbp_regs:inst1                                                                         ; mbp_regs        ; work         ;
;    |mbp_top_level:inst|                           ; 1845 (0)    ; 464 (0)                   ; 0 (0)         ; 2048        ; 1    ; 0          ; 0            ; 0       ; 0         ; 0    ; 0            ; 554 (0)      ; 152 (0)           ; 1139 (0)         ; 0          ; |MODBUS|mbp_top_level:inst                                                                     ; mbp_top_level   ; work         ;
;       |mbp:inst2|                                 ; 1762 (1762) ; 413 (413)                 ; 0 (0)         ; 2048        ; 1    ; 0          ; 0            ; 0       ; 0         ; 0    ; 0            ; 522 (522)    ; 147 (147)         ; 1093 (1093)      ; 0          ; |MODBUS|mbp_top_level:inst|mbp:inst2                                                           ; mbp             ; work         ;
;          |altsyncram:ram_block_rtl_0|             ; 0 (0)       ; 0 (0)                     ; 0 (0)         ; 2048        ; 1    ; 0          ; 0            ; 0       ; 0         ; 0    ; 0            ; 0 (0)        ; 0 (0)             ; 0 (0)            ; 0          ; |MODBUS|mbp_top_level:inst|mbp:inst2|altsyncram:ram_block_rtl_0                                ; altsyncram      ; work         ;
;             |altsyncram_4n71:auto_generated|      ; 0 (0)       ; 0 (0)                     ; 0 (0)         ; 2048        ; 1    ; 0          ; 0            ; 0       ; 0         ; 0    ; 0            ; 0 (0)        ; 0 (0)             ; 0 (0)            ; 0          ; |MODBUS|mbp_top_level:inst|mbp:inst2|altsyncram:ram_block_rtl_0|altsyncram_4n71:auto_generated ; altsyncram_4n71 ; work         ;
;       |slim_txrx:inst1|                           ; 84 (84)     ; 51 (51)                   ; 0 (0)         ; 0           ; 0    ; 0          ; 0            ; 0       ; 0         ; 0    ; 0            ; 32 (32)      ; 5 (5)             ; 47 (47)          ; 0          ; |MODBUS|mbp_top_level:inst|slim_txrx:inst1                                                     ; slim_txrx       ; work         ;
+---------------------------------------------------+-------------+---------------------------+---------------+-------------+------+------------+--------------+---------+-----------+------+--------------+--------------+-------------------+------------------+------------+------------------------------------------------------------------------------------------------+-----------------+--------------+
Note: For table entries with two numbers listed, the numbers in parentheses indicate the number of resources of the given type used by the specific entity alone. The numbers listed outside of parentheses indicate the total resources of the given type used by the specific entity and all of its sub-entities in the hierarchy.


+-----------------------------------------------------------------------------------------------+
; Delay Chain Summary                                                                           ;
+---------------+----------+---------------+---------------+-----------------------+-----+------+
; Name          ; Pin Type ; Pad to Core 0 ; Pad to Core 1 ; Pad to Input Register ; TCO ; TCOE ;
+---------------+----------+---------------+---------------+-----------------------+-----+------+
; HEARTBEAT     ; Output   ; --            ; --            ; --                    ; --  ; --   ;
; HTRV_ADC_CSI  ; Output   ; --            ; --            ; --                    ; --  ; --   ;
; HTRV_ADC_SCLK ; Output   ; --            ; --            ; --                    ; --  ; --   ;
; HTRV_ADC_SDI  ; Output   ; --            ; --            ; --                    ; --  ; --   ;
; HTRV_DAC_SCLK ; Output   ; --            ; --            ; --                    ; --  ; --   ;
; HTRV_DAC_DIN  ; Output   ; --            ; --            ; --                    ; --  ; --   ;
; HTRV_DAC_SYNC ; Output   ; --            ; --            ; --                    ; --  ; --   ;
; XPORT_TX      ; Output   ; --            ; --            ; --                    ; --  ; --   ;
; LED[4]        ; Output   ; --            ; --            ; --                    ; --  ; --   ;
; LED[3]        ; Output   ; --            ; --            ; --                    ; --  ; --   ;
; LED[2]        ; Output   ; --            ; --            ; --                    ; --  ; --   ;
; LED[1]        ; Output   ; --            ; --            ; --                    ; --  ; --   ;
; LED[0]        ; Output   ; --            ; --            ; --                    ; --  ; --   ;
; SYSCLOCK      ; Input    ; (0) 0 ps      ; --            ; --                    ; --  ; --   ;
; GPIO[6]       ; Input    ; --            ; (6) 810 ps    ; --                    ; --  ; --   ;
; XPORT_RX      ; Input    ; --            ; (6) 810 ps    ; --                    ; --  ; --   ;
; HTRV_ADC_SDO  ; Input    ; (6) 815 ps    ; --            ; --                    ; --  ; --   ;
+---------------+----------+---------------+---------------+-----------------------+-----+------+


+------------------------------------------------------------------------------------------------------------------------------------------+
; Pad To Core Delay Chain Fanout                                                                                                           ;
+------------------------------------------------------------------------------------------------------------+-------------------+---------+
; Source Pin / Fanout                                                                                        ; Pad To Core Index ; Setting ;
+------------------------------------------------------------------------------------------------------------+-------------------+---------+
; SYSCLOCK                                                                                                   ;                   ;         ;
; GPIO[6]                                                                                                    ;                   ;         ;
;      - Heartbeat:inst7|count[28]                                                                           ; 1                 ; 6       ;
;      - Heartbeat:inst7|count[27]                                                                           ; 1                 ; 6       ;
;      - Heartbeat:inst7|count[26]                                                                           ; 1                 ; 6       ;
;      - Heartbeat:inst7|count[25]                                                                           ; 1                 ; 6       ;
;      - Heartbeat:inst7|count[24]                                                                           ; 1                 ; 6       ;
;      - Heartbeat:inst7|count[23]                                                                           ; 1                 ; 6       ;
;      - Heartbeat:inst7|count[22]                                                                           ; 1                 ; 6       ;
;      - Heartbeat:inst7|count[21]                                                                           ; 1                 ; 6       ;
;      - Heartbeat:inst7|count[20]                                                                           ; 1                 ; 6       ;
;      - Heartbeat:inst7|count[19]                                                                           ; 1                 ; 6       ;
;      - Heartbeat:inst7|count[18]                                                                           ; 1                 ; 6       ;
;      - Heartbeat:inst7|count[17]                                                                           ; 1                 ; 6       ;
;      - Heartbeat:inst7|count[16]                                                                           ; 1                 ; 6       ;
;      - Heartbeat:inst7|count[15]                                                                           ; 1                 ; 6       ;
;      - Heartbeat:inst7|count[14]                                                                           ; 1                 ; 6       ;
;      - Heartbeat:inst7|count[13]                                                                           ; 1                 ; 6       ;
;      - Heartbeat:inst7|count[12]                                                                           ; 1                 ; 6       ;
;      - Heartbeat:inst7|count[11]                                                                           ; 1                 ; 6       ;
;      - Heartbeat:inst7|count[10]                                                                           ; 1                 ; 6       ;
;      - Heartbeat:inst7|count[9]                                                                            ; 1                 ; 6       ;
;      - Heartbeat:inst7|count[8]                                                                            ; 1                 ; 6       ;
;      - Heartbeat:inst7|count[7]                                                                            ; 1                 ; 6       ;
;      - Heartbeat:inst7|count[6]                                                                            ; 1                 ; 6       ;
;      - Heartbeat:inst7|count[5]                                                                            ; 1                 ; 6       ;
;      - Heartbeat:inst7|count[4]                                                                            ; 1                 ; 6       ;
;      - Heartbeat:inst7|count[3]                                                                            ; 1                 ; 6       ;
;      - Heartbeat:inst7|count[2]                                                                            ; 1                 ; 6       ;
;      - Heartbeat:inst7|count[1]                                                                            ; 1                 ; 6       ;
;      - Heartbeat:inst7|count[0]                                                                            ; 1                 ; 6       ;
;      - ADS8688v2:inst3|q.sdi                                                                               ; 1                 ; 6       ;
;      - ADS8688v2:inst3|q.sclk                                                                              ; 1                 ; 6       ;
;      - DAC8568_CONTROL:inst4|SHIFT_REG:DAC_DATA_IN_REG|SHIFT_INPUT[31]                                     ; 1                 ; 6       ;
;      - Heartbeat_FP:inst2|isa_tmr[26]                                                                      ; 1                 ; 6       ;
;      - Heartbeat_FP:inst2|isa_tmr[25]                                                                      ; 1                 ; 6       ;
;      - Heartbeat_FP:inst2|isa_tmr[24]                                                                      ; 1                 ; 6       ;
;      - Heartbeat_FP:inst2|isa_tmr[23]                                                                      ; 1                 ; 6       ;
;      - Heartbeat_FP:inst2|isa_tmr[22]                                                                      ; 1                 ; 6       ;
;      - Heartbeat_FP:inst2|isa_tmr[21]                                                                      ; 1                 ; 6       ;
;      - Heartbeat_FP:inst2|isa_tmr[20]                                                                      ; 1                 ; 6       ;
;      - Heartbeat_FP:inst2|isa_tmr[19]                                                                      ; 1                 ; 6       ;
;      - Heartbeat_FP:inst2|isa_tmr[18]                                                                      ; 1                 ; 6       ;
;      - Heartbeat_FP:inst2|isa_tmr[17]                                                                      ; 1                 ; 6       ;
;      - Heartbeat_FP:inst2|isa_tmr[16]                                                                      ; 1                 ; 6       ;
;      - Heartbeat_FP:inst2|isa_tmr[15]                                                                      ; 1                 ; 6       ;
;      - Heartbeat_FP:inst2|isa_tmr[14]                                                                      ; 1                 ; 6       ;
;      - Heartbeat_FP:inst2|isa_tmr[13]                                                                      ; 1                 ; 6       ;
;      - Heartbeat_FP:inst2|isa_tmr[12]                                                                      ; 1                 ; 6       ;
;      - Heartbeat_FP:inst2|isa_tmr[11]                                                                      ; 1                 ; 6       ;
;      - Heartbeat_FP:inst2|isa_tmr[10]                                                                      ; 1                 ; 6       ;
;      - Heartbeat_FP:inst2|isa_tmr[9]                                                                       ; 1                 ; 6       ;
;      - Heartbeat_FP:inst2|isa_tmr[8]                                                                       ; 1                 ; 6       ;
;      - Heartbeat_FP:inst2|isa_tmr[7]                                                                       ; 1                 ; 6       ;
;      - Heartbeat_FP:inst2|isa_tmr[6]                                                                       ; 1                 ; 6       ;
;      - Heartbeat_FP:inst2|isa_tmr[5]                                                                       ; 1                 ; 6       ;
;      - Heartbeat_FP:inst2|isa_tmr[4]                                                                       ; 1                 ; 6       ;
;      - Heartbeat_FP:inst2|isa_tmr[3]                                                                       ; 1                 ; 6       ;
;      - Heartbeat_FP:inst2|isa_tmr[2]                                                                       ; 1                 ; 6       ;
;      - Heartbeat_FP:inst2|isa_tmr[1]                                                                       ; 1                 ; 6       ;
;      - Heartbeat_FP:inst2|isa_tmr[0]                                                                       ; 1                 ; 6       ;
;      - ADS8688v2:inst3|q.input_din_reg[9]                                                                  ; 1                 ; 6       ;
;      - ADS8688v2:inst3|q.input_din_reg[8]                                                                  ; 1                 ; 6       ;
;      - DAC8568_CONTROL:inst4|STATE.SCLK_REF_LOW                                                            ; 1                 ; 6       ;
;      - DAC8568_CONTROL:inst4|STATE.DATA_INIT                                                               ; 1                 ; 6       ;
;      - DAC8568_CONTROL:inst4|STATE.SCLK_DATA_LOW                                                           ; 1                 ; 6       ;
;      - DAC8568_CONTROL:inst4|STATE.DATA_NEW_WAIT                                                           ; 1                 ; 6       ;
;      - ADS8688v2:inst3|q.state.init                                                                        ; 1                 ; 6       ;
;      - Heartbeat_FP:inst2|s0                                                                               ; 1                 ; 6       ;
;      - Heartbeat_FP:inst2|s2                                                                               ; 1                 ; 6       ;
;      - Heartbeat_FP:inst2|s4                                                                               ; 1                 ; 6       ;
;      - Heartbeat_FP:inst2|s6                                                                               ; 1                 ; 6       ;
;      - Heartbeat:inst7|s0                                                                                  ; 1                 ; 6       ;
;      - Heartbeat:inst7|s1                                                                                  ; 1                 ; 6       ;
;      - Heartbeat:inst7|s3                                                                                  ; 1                 ; 6       ;
;      - ADS8688v2:inst3|q.input_din_reg[11]                                                                 ; 1                 ; 6       ;
;      - mbp_top_level:inst|mbp:inst2|ram_addr_q[1]                                                          ; 1                 ; 6       ;
;      - mbp_top_level:inst|mbp:inst2|ram_addr_q[2]                                                          ; 1                 ; 6       ;
;      - mbp_top_level:inst|mbp:inst2|ram_addr_q[3]                                                          ; 1                 ; 6       ;
;      - mbp_top_level:inst|mbp:inst2|ram_addr_q[4]                                                          ; 1                 ; 6       ;
;      - mbp_top_level:inst|mbp:inst2|ram_addr_q[5]                                                          ; 1                 ; 6       ;
;      - mbp_top_level:inst|mbp:inst2|ram_addr_q[6]                                                          ; 1                 ; 6       ;
;      - mbp_top_level:inst|mbp:inst2|ram_addr_q[7]                                                          ; 1                 ; 6       ;
;      - mbp_top_level:inst|mbp:inst2|buf_cnt_q[0]                                                           ; 1                 ; 6       ;
;      - mbp_top_level:inst|mbp:inst2|buf_cnt_q[1]                                                           ; 1                 ; 6       ;
;      - mbp_top_level:inst|mbp:inst2|buf_cnt_q[2]                                                           ; 1                 ; 6       ;
;      - mbp_top_level:inst|mbp:inst2|buf_cnt_q[3]                                                           ; 1                 ; 6       ;
;      - mbp_top_level:inst|mbp:inst2|buf_cnt_q[4]                                                           ; 1                 ; 6       ;
;      - mbp_top_level:inst|mbp:inst2|buf_cnt_q[5]                                                           ; 1                 ; 6       ;
;      - mbp_top_level:inst|mbp:inst2|buf_cnt_q[6]                                                           ; 1                 ; 6       ;
;      - mbp_top_level:inst|mbp:inst2|buf_cnt_q[7]                                                           ; 1                 ; 6       ;
;      - mbp_top_level:inst|mbp:inst2|wm_cnt_q[1]                                                            ; 1                 ; 6       ;
;      - mbp_top_level:inst|mbp:inst2|wm_cnt_q[2]                                                            ; 1                 ; 6       ;
;      - mbp_top_level:inst|mbp:inst2|wm_cnt_q[3]                                                            ; 1                 ; 6       ;
;      - mbp_top_level:inst|mbp:inst2|wm_cnt_q[4]                                                            ; 1                 ; 6       ;
;      - mbp_top_level:inst|mbp:inst2|wm_cnt_q[5]                                                            ; 1                 ; 6       ;
;      - mbp_top_level:inst|mbp:inst2|wm_cnt_q[6]                                                            ; 1                 ; 6       ;
;      - mbp_top_level:inst|mbp:inst2|wm_cnt_q[7]                                                            ; 1                 ; 6       ;
;      - ADS8688v2:inst3|q.bit_count[0]                                                                      ; 1                 ; 6       ;
;      - ADS8688v2:inst3|q.bit_count[1]                                                                      ; 1                 ; 6       ;
;      - ADS8688v2:inst3|q.bit_count[2]                                                                      ; 1                 ; 6       ;
;      - ADS8688v2:inst3|q.bit_count[3]                                                                      ; 1                 ; 6       ;
;      - ADS8688v2:inst3|q.bit_count[4]                                                                      ; 1                 ; 6       ;
;      - DAC8568_CONTROL:inst4|counter:SCLK_CNTR|count[0]                                                    ; 1                 ; 6       ;
;      - DAC8568_CONTROL:inst4|counter:SCLK_CNTR|count[1]                                                    ; 1                 ; 6       ;
;      - DAC8568_CONTROL:inst4|counter:SCLK_CNTR|count[2]                                                    ; 1                 ; 6       ;
;      - DAC8568_CONTROL:inst4|counter:SCLK_CNTR|count[3]                                                    ; 1                 ; 6       ;
;      - DAC8568_CONTROL:inst4|counter:SCLK_CNTR|count[4]                                                    ; 1                 ; 6       ;
;      - mbp_top_level:inst|mbp:inst2|wdTimer_q[0]                                                           ; 1                 ; 6       ;
;      - mbp_top_level:inst|mbp:inst2|wdTimer_q[1]                                                           ; 1                 ; 6       ;
;      - mbp_top_level:inst|mbp:inst2|wdTimer_q[2]                                                           ; 1                 ; 6       ;
;      - mbp_top_level:inst|mbp:inst2|wdTimer_q[3]                                                           ; 1                 ; 6       ;
;      - mbp_top_level:inst|mbp:inst2|wdTimer_q[4]                                                           ; 1                 ; 6       ;
;      - mbp_top_level:inst|mbp:inst2|wdTimer_q[5]                                                           ; 1                 ; 6       ;
;      - mbp_top_level:inst|mbp:inst2|wdTimer_q[6]                                                           ; 1                 ; 6       ;
;      - mbp_top_level:inst|mbp:inst2|wdTimer_q[7]                                                           ; 1                 ; 6       ;
;      - mbp_top_level:inst|mbp:inst2|wdTimer_q[8]                                                           ; 1                 ; 6       ;
;      - mbp_top_level:inst|mbp:inst2|wdTimer_q[9]                                                           ; 1                 ; 6       ;
;      - mbp_top_level:inst|mbp:inst2|wdTimer_q[10]                                                          ; 1                 ; 6       ;
;      - mbp_top_level:inst|mbp:inst2|wdTimer_q[11]                                                          ; 1                 ; 6       ;
;      - mbp_top_level:inst|mbp:inst2|wdTimer_q[12]                                                          ; 1                 ; 6       ;
;      - mbp_top_level:inst|mbp:inst2|wdTimer_q[13]                                                          ; 1                 ; 6       ;
;      - mbp_top_level:inst|mbp:inst2|wdTimer_q[14]                                                          ; 1                 ; 6       ;
;      - mbp_top_level:inst|mbp:inst2|wdTimer_q[15]                                                          ; 1                 ; 6       ;
;      - mbp_top_level:inst|mbp:inst2|wdTimer_q[16]                                                          ; 1                 ; 6       ;
;      - mbp_top_level:inst|mbp:inst2|wdTimer_q[17]                                                          ; 1                 ; 6       ;
;      - mbp_top_level:inst|mbp:inst2|addr_cnt_q[15]                                                         ; 1                 ; 6       ;
;      - mbp_top_level:inst|mbp:inst2|REGS_ADDR_q[1]                                                         ; 1                 ; 6       ;
;      - mbp_top_level:inst|mbp:inst2|REGS_ADDR_q[0]                                                         ; 1                 ; 6       ;
;      - mbp_top_level:inst|mbp:inst2|REGS_ADDR_q[3]                                                         ; 1                 ; 6       ;
;      - mbp_top_level:inst|mbp:inst2|REGS_ADDR_q[2]                                                         ; 1                 ; 6       ;
;      - mbp_top_level:inst|mbp:inst2|REGS_ADDR_q[5]                                                         ; 1                 ; 6       ;
;      - mbp_top_level:inst|mbp:inst2|REGS_ADDR_q[6]                                                         ; 1                 ; 6       ;
;      - mbp_top_level:inst|mbp:inst2|REGS_ADDR_q[4]                                                         ; 1                 ; 6       ;
;      - mbp_top_level:inst|mbp:inst2|REGS_ADDR_q[7]                                                         ; 1                 ; 6       ;
;      - mbp_top_level:inst|mbp:inst2|addr_cnt_q[14]                                                         ; 1                 ; 6       ;
;      - mbp_top_level:inst|mbp:inst2|addr_cnt_q[1]                                                          ; 1                 ; 6       ;
;      - mbp_top_level:inst|mbp:inst2|addr_cnt_q[0]                                                          ; 1                 ; 6       ;
;      - mbp_top_level:inst|mbp:inst2|addr_cnt_q[3]                                                          ; 1                 ; 6       ;
;      - mbp_top_level:inst|mbp:inst2|addr_cnt_q[2]                                                          ; 1                 ; 6       ;
;      - mbp_top_level:inst|mbp:inst2|addr_cnt_q[5]                                                          ; 1                 ; 6       ;
;      - mbp_top_level:inst|mbp:inst2|addr_cnt_q[6]                                                          ; 1                 ; 6       ;
;      - mbp_top_level:inst|mbp:inst2|addr_cnt_q[4]                                                          ; 1                 ; 6       ;
;      - mbp_top_level:inst|mbp:inst2|addr_cnt_q[7]                                                          ; 1                 ; 6       ;
;      - mbp_top_level:inst|mbp:inst2|hdr_lngth_q[2]                                                         ; 1                 ; 6       ;
;      - mbp_top_level:inst|mbp:inst2|hdr_lngth_q[10]                                                        ; 1                 ; 6       ;
;      - mbp_top_level:inst|mbp:inst2|hdr_lngth_q[9]                                                         ; 1                 ; 6       ;
;      - mbp_top_level:inst|mbp:inst2|hdr_lngth_q[8]                                                         ; 1                 ; 6       ;
;      - mbp_top_level:inst|mbp:inst2|hdr_lngth_q[3]                                                         ; 1                 ; 6       ;
;      - mbp_top_level:inst|mbp:inst2|hdr_lngth_q[11]                                                        ; 1                 ; 6       ;
;      - mbp_top_level:inst|mbp:inst2|hdr_lngth_q[5]                                                         ; 1                 ; 6       ;
;      - mbp_top_level:inst|mbp:inst2|hdr_lngth_q[13]                                                        ; 1                 ; 6       ;
;      - mbp_top_level:inst|mbp:inst2|hdr_lngth_q[6]                                                         ; 1                 ; 6       ;
;      - mbp_top_level:inst|mbp:inst2|hdr_lngth_q[14]                                                        ; 1                 ; 6       ;
;      - mbp_top_level:inst|mbp:inst2|hdr_lngth_q[4]                                                         ; 1                 ; 6       ;
;      - mbp_top_level:inst|mbp:inst2|hdr_lngth_q[12]                                                        ; 1                 ; 6       ;
;      - mbp_top_level:inst|mbp:inst2|hdr_lngth_q[7]                                                         ; 1                 ; 6       ;
;      - mbp_top_level:inst|mbp:inst2|hdr_lngth_q[15]                                                        ; 1                 ; 6       ;
;      - mbp_top_level:inst|mbp:inst2|addr_cnt_q[13]                                                         ; 1                 ; 6       ;
;      - mbp_top_level:inst|mbp:inst2|addr_cnt_q[12]                                                         ; 1                 ; 6       ;
;      - mbp_top_level:inst|mbp:inst2|addr_cnt_q[11]                                                         ; 1                 ; 6       ;
;      - mbp_top_level:inst|mbp:inst2|addr_cnt_q[10]                                                         ; 1                 ; 6       ;
;      - mbp_top_level:inst|mbp:inst2|addr_cnt_q[9]                                                          ; 1                 ; 6       ;
;      - mbp_top_level:inst|mbp:inst2|addr_cnt_q[8]                                                          ; 1                 ; 6       ;
;      - ADS8688v2:inst3|q.input_din_reg[10]                                                                 ; 1                 ; 6       ;
;      - ADS8688v2:inst3|q.cs                                                                                ; 1                 ; 6       ;
;      - Heartbeat:inst7|s2                                                                                  ; 1                 ; 6       ;
;      - ADS8688v2:inst3|q.state.cs_low                                                                      ; 1                 ; 6       ;
;      - ADS8688v2:inst3|q.state.data_cs_low                                                                 ; 1                 ; 6       ;
;      - ADS8688v2:inst3|q.state.cs_high                                                                     ; 1                 ; 6       ;
;      - ADS8688v2:inst3|q.state.data_cs_high                                                                ; 1                 ; 6       ;
;      - ADS8688v2:inst3|q.state.sclk_low_cntrl                                                              ; 1                 ; 6       ;
;      - ADS8688v2:inst3|q.state.sclk_data_low                                                               ; 1                 ; 6       ;
;      - ADS8688v2:inst3|q.state.sclk_high_cntrl                                                             ; 1                 ; 6       ;
;      - ADS8688v2:inst3|q.state.sclk_data_high                                                              ; 1                 ; 6       ;
;      - ADS8688v2:inst3|q.input_din_reg[15]                                                                 ; 1                 ; 6       ;
;      - ADS8688v2:inst3|q.state.load_cntrl_reg                                                              ; 1                 ; 6       ;
;      - ADS8688v2:inst3|q.state.wait_cs_high                                                                ; 1                 ; 6       ;
;      - DAC8568_CONTROL:inst4|counter:SCLK_DIV_CNTR|count[2]                                                ; 1                 ; 6       ;
;      - DAC8568_CONTROL:inst4|counter:SCLK_DIV_CNTR|count[1]                                                ; 1                 ; 6       ;
;      - DAC8568_CONTROL:inst4|counter:SCLK_DIV_CNTR|count[0]                                                ; 1                 ; 6       ;
;      - DAC8568_CONTROL:inst4|counter:SCLK_DIV_CNTR|count[3]                                                ; 1                 ; 6       ;
;      - DAC8568_CONTROL:inst4|STATE.SCLK_REF_HIGH                                                           ; 1                 ; 6       ;
;      - DAC8568_CONTROL:inst4|STATE.SCLK_DATA_HIGH                                                          ; 1                 ; 6       ;
;      - DAC8568_CONTROL:inst4|SHIFT_REG:DAC_DATA_IN_REG|SHIFT_INPUT[30]                                     ; 1                 ; 6       ;
;      - DAC8568_CONTROL:inst4|STATE.REF_ENABLE                                                              ; 1                 ; 6       ;
;      - DAC8568_CONTROL:inst4|STATE.DATA_LOAD                                                               ; 1                 ; 6       ;
;      - DAC8568_CONTROL:inst4|STATE.DAC_DATA_LOAD                                                           ; 1                 ; 6       ;
;      - DAC8568_CONTROL:inst4|STATE.TWAIT                                                                   ; 1                 ; 6       ;
;      - DAC8568_CONTROL:inst4|counter:DAC_ADDR_CNTR|count[2]                                                ; 1                 ; 6       ;
;      - DAC8568_CONTROL:inst4|counter:DAC_ADDR_CNTR|count[1]                                                ; 1                 ; 6       ;
;      - DAC8568_CONTROL:inst4|counter:DAC_ADDR_CNTR|count[0]                                                ; 1                 ; 6       ;
;      - DAC8568_CONTROL:inst4|counter:SYNC_CNTR|count[3]                                                    ; 1                 ; 6       ;
;      - DAC8568_CONTROL:inst4|counter:SYNC_CNTR|count[2]                                                    ; 1                 ; 6       ;
;      - DAC8568_CONTROL:inst4|counter:SYNC_CNTR|count[1]                                                    ; 1                 ; 6       ;
;      - DAC8568_CONTROL:inst4|counter:SYNC_CNTR|count[0]                                                    ; 1                 ; 6       ;
;      - mbp_regs:inst1|DACOUT[0][0]                                                                         ; 1                 ; 6       ;
;      - mbp_regs:inst1|DACOUT[0][1]                                                                         ; 1                 ; 6       ;
;      - DAC8568_CONTROL:inst4|regne:\DAC_DATA_REG_GEN_I:0:DAC_DATA_REGI|output[1]                           ; 1                 ; 6       ;
;      - DAC8568_CONTROL:inst4|regne:\DAC_DATA_REG_GEN_I:0:DAC_DATA_REGI|output[0]                           ; 1                 ; 6       ;
;      - mbp_regs:inst1|DACOUT[0][2]                                                                         ; 1                 ; 6       ;
;      - mbp_regs:inst1|DACOUT[0][3]                                                                         ; 1                 ; 6       ;
;      - DAC8568_CONTROL:inst4|regne:\DAC_DATA_REG_GEN_I:0:DAC_DATA_REGI|output[3]                           ; 1                 ; 6       ;
;      - DAC8568_CONTROL:inst4|regne:\DAC_DATA_REG_GEN_I:0:DAC_DATA_REGI|output[2]                           ; 1                 ; 6       ;
;      - mbp_regs:inst1|DACOUT[0][4]                                                                         ; 1                 ; 6       ;
;      - mbp_regs:inst1|DACOUT[0][5]                                                                         ; 1                 ; 6       ;
;      - DAC8568_CONTROL:inst4|regne:\DAC_DATA_REG_GEN_I:0:DAC_DATA_REGI|output[5]                           ; 1                 ; 6       ;
;      - DAC8568_CONTROL:inst4|regne:\DAC_DATA_REG_GEN_I:0:DAC_DATA_REGI|output[4]                           ; 1                 ; 6       ;
;      - mbp_regs:inst1|DACOUT[0][6]                                                                         ; 1                 ; 6       ;
;      - mbp_regs:inst1|DACOUT[0][7]                                                                         ; 1                 ; 6       ;
;      - DAC8568_CONTROL:inst4|regne:\DAC_DATA_REG_GEN_I:0:DAC_DATA_REGI|output[7]                           ; 1                 ; 6       ;
;      - DAC8568_CONTROL:inst4|regne:\DAC_DATA_REG_GEN_I:0:DAC_DATA_REGI|output[6]                           ; 1                 ; 6       ;
;      - mbp_regs:inst1|DACOUT[0][8]                                                                         ; 1                 ; 6       ;
;      - mbp_regs:inst1|DACOUT[0][9]                                                                         ; 1                 ; 6       ;
;      - DAC8568_CONTROL:inst4|regne:\DAC_DATA_REG_GEN_I:0:DAC_DATA_REGI|output[9]                           ; 1                 ; 6       ;
;      - DAC8568_CONTROL:inst4|regne:\DAC_DATA_REG_GEN_I:0:DAC_DATA_REGI|output[8]                           ; 1                 ; 6       ;
;      - mbp_regs:inst1|DACOUT[0][10]                                                                        ; 1                 ; 6       ;
;      - mbp_regs:inst1|DACOUT[0][11]                                                                        ; 1                 ; 6       ;
;      - DAC8568_CONTROL:inst4|regne:\DAC_DATA_REG_GEN_I:0:DAC_DATA_REGI|output[11]                          ; 1                 ; 6       ;
;      - DAC8568_CONTROL:inst4|regne:\DAC_DATA_REG_GEN_I:0:DAC_DATA_REGI|output[10]                          ; 1                 ; 6       ;
;      - mbp_regs:inst1|DACOUT[0][12]                                                                        ; 1                 ; 6       ;
;      - mbp_regs:inst1|DACOUT[0][13]                                                                        ; 1                 ; 6       ;
;      - DAC8568_CONTROL:inst4|regne:\DAC_DATA_REG_GEN_I:0:DAC_DATA_REGI|output[13]                          ; 1                 ; 6       ;
;      - DAC8568_CONTROL:inst4|regne:\DAC_DATA_REG_GEN_I:0:DAC_DATA_REGI|output[12]                          ; 1                 ; 6       ;
;      - mbp_regs:inst1|DACOUT[0][14]                                                                        ; 1                 ; 6       ;
;      - mbp_regs:inst1|DACOUT[0][15]                                                                        ; 1                 ; 6       ;
;      - DAC8568_CONTROL:inst4|regne:\DAC_DATA_REG_GEN_I:0:DAC_DATA_REGI|output[15]                          ; 1                 ; 6       ;
;      - DAC8568_CONTROL:inst4|regne:\DAC_DATA_REG_GEN_I:0:DAC_DATA_REGI|output[14]                          ; 1                 ; 6       ;
;      - mbp_regs:inst1|DACOUT[1][0]                                                                         ; 1                 ; 6       ;
;      - mbp_regs:inst1|DACOUT[1][1]                                                                         ; 1                 ; 6       ;
;      - DAC8568_CONTROL:inst4|regne:\DAC_DATA_REG_GEN_I:1:DAC_DATA_REGI|output[1]                           ; 1                 ; 6       ;
;      - DAC8568_CONTROL:inst4|regne:\DAC_DATA_REG_GEN_I:1:DAC_DATA_REGI|output[0]                           ; 1                 ; 6       ;
;      - mbp_regs:inst1|DACOUT[1][2]                                                                         ; 1                 ; 6       ;
;      - mbp_regs:inst1|DACOUT[1][3]                                                                         ; 1                 ; 6       ;
;      - DAC8568_CONTROL:inst4|regne:\DAC_DATA_REG_GEN_I:1:DAC_DATA_REGI|output[3]                           ; 1                 ; 6       ;
;      - DAC8568_CONTROL:inst4|regne:\DAC_DATA_REG_GEN_I:1:DAC_DATA_REGI|output[2]                           ; 1                 ; 6       ;
;      - mbp_regs:inst1|DACOUT[1][4]                                                                         ; 1                 ; 6       ;
;      - mbp_regs:inst1|DACOUT[1][5]                                                                         ; 1                 ; 6       ;
;      - DAC8568_CONTROL:inst4|regne:\DAC_DATA_REG_GEN_I:1:DAC_DATA_REGI|output[5]                           ; 1                 ; 6       ;
;      - DAC8568_CONTROL:inst4|regne:\DAC_DATA_REG_GEN_I:1:DAC_DATA_REGI|output[4]                           ; 1                 ; 6       ;
;      - mbp_regs:inst1|DACOUT[1][6]                                                                         ; 1                 ; 6       ;
;      - mbp_regs:inst1|DACOUT[1][7]                                                                         ; 1                 ; 6       ;
;      - DAC8568_CONTROL:inst4|regne:\DAC_DATA_REG_GEN_I:1:DAC_DATA_REGI|output[7]                           ; 1                 ; 6       ;
;      - DAC8568_CONTROL:inst4|regne:\DAC_DATA_REG_GEN_I:1:DAC_DATA_REGI|output[6]                           ; 1                 ; 6       ;
;      - mbp_regs:inst1|DACOUT[1][8]                                                                         ; 1                 ; 6       ;
;      - mbp_regs:inst1|DACOUT[1][9]                                                                         ; 1                 ; 6       ;
;      - DAC8568_CONTROL:inst4|regne:\DAC_DATA_REG_GEN_I:1:DAC_DATA_REGI|output[9]                           ; 1                 ; 6       ;
;      - DAC8568_CONTROL:inst4|regne:\DAC_DATA_REG_GEN_I:1:DAC_DATA_REGI|output[8]                           ; 1                 ; 6       ;
;      - mbp_regs:inst1|DACOUT[1][10]                                                                        ; 1                 ; 6       ;
;      - mbp_regs:inst1|DACOUT[1][11]                                                                        ; 1                 ; 6       ;
;      - DAC8568_CONTROL:inst4|regne:\DAC_DATA_REG_GEN_I:1:DAC_DATA_REGI|output[11]                          ; 1                 ; 6       ;
;      - DAC8568_CONTROL:inst4|regne:\DAC_DATA_REG_GEN_I:1:DAC_DATA_REGI|output[10]                          ; 1                 ; 6       ;
;      - mbp_regs:inst1|DACOUT[1][12]                                                                        ; 1                 ; 6       ;
;      - mbp_regs:inst1|DACOUT[1][13]                                                                        ; 1                 ; 6       ;
;      - DAC8568_CONTROL:inst4|regne:\DAC_DATA_REG_GEN_I:1:DAC_DATA_REGI|output[13]                          ; 1                 ; 6       ;
;      - DAC8568_CONTROL:inst4|regne:\DAC_DATA_REG_GEN_I:1:DAC_DATA_REGI|output[12]                          ; 1                 ; 6       ;
;      - mbp_regs:inst1|DACOUT[1][14]                                                                        ; 1                 ; 6       ;
;      - mbp_regs:inst1|DACOUT[1][15]                                                                        ; 1                 ; 6       ;
;      - DAC8568_CONTROL:inst4|regne:\DAC_DATA_REG_GEN_I:1:DAC_DATA_REGI|output[15]                          ; 1                 ; 6       ;
;      - DAC8568_CONTROL:inst4|regne:\DAC_DATA_REG_GEN_I:1:DAC_DATA_REGI|output[14]                          ; 1                 ; 6       ;
;      - mbp_regs:inst1|DACOUT[2][0]                                                                         ; 1                 ; 6       ;
;      - mbp_regs:inst1|DACOUT[2][1]                                                                         ; 1                 ; 6       ;
;      - DAC8568_CONTROL:inst4|regne:\DAC_DATA_REG_GEN_I:2:DAC_DATA_REGI|output[1]                           ; 1                 ; 6       ;
;      - DAC8568_CONTROL:inst4|regne:\DAC_DATA_REG_GEN_I:2:DAC_DATA_REGI|output[0]                           ; 1                 ; 6       ;
;      - mbp_regs:inst1|DACOUT[2][2]                                                                         ; 1                 ; 6       ;
;      - mbp_regs:inst1|DACOUT[2][3]                                                                         ; 1                 ; 6       ;
;      - DAC8568_CONTROL:inst4|regne:\DAC_DATA_REG_GEN_I:2:DAC_DATA_REGI|output[3]                           ; 1                 ; 6       ;
;      - DAC8568_CONTROL:inst4|regne:\DAC_DATA_REG_GEN_I:2:DAC_DATA_REGI|output[2]                           ; 1                 ; 6       ;
;      - mbp_regs:inst1|DACOUT[2][4]                                                                         ; 1                 ; 6       ;
;      - mbp_regs:inst1|DACOUT[2][5]                                                                         ; 1                 ; 6       ;
;      - DAC8568_CONTROL:inst4|regne:\DAC_DATA_REG_GEN_I:2:DAC_DATA_REGI|output[5]                           ; 1                 ; 6       ;
;      - DAC8568_CONTROL:inst4|regne:\DAC_DATA_REG_GEN_I:2:DAC_DATA_REGI|output[4]                           ; 1                 ; 6       ;
;      - mbp_regs:inst1|DACOUT[2][6]                                                                         ; 1                 ; 6       ;
;      - mbp_regs:inst1|DACOUT[2][7]                                                                         ; 1                 ; 6       ;
;      - DAC8568_CONTROL:inst4|regne:\DAC_DATA_REG_GEN_I:2:DAC_DATA_REGI|output[7]                           ; 1                 ; 6       ;
;      - DAC8568_CONTROL:inst4|regne:\DAC_DATA_REG_GEN_I:2:DAC_DATA_REGI|output[6]                           ; 1                 ; 6       ;
;      - mbp_regs:inst1|DACOUT[2][8]                                                                         ; 1                 ; 6       ;
;      - mbp_regs:inst1|DACOUT[2][9]                                                                         ; 1                 ; 6       ;
;      - DAC8568_CONTROL:inst4|regne:\DAC_DATA_REG_GEN_I:2:DAC_DATA_REGI|output[9]                           ; 1                 ; 6       ;
;      - DAC8568_CONTROL:inst4|regne:\DAC_DATA_REG_GEN_I:2:DAC_DATA_REGI|output[8]                           ; 1                 ; 6       ;
;      - mbp_regs:inst1|DACOUT[2][10]                                                                        ; 1                 ; 6       ;
;      - mbp_regs:inst1|DACOUT[2][11]                                                                        ; 1                 ; 6       ;
;      - DAC8568_CONTROL:inst4|regne:\DAC_DATA_REG_GEN_I:2:DAC_DATA_REGI|output[11]                          ; 1                 ; 6       ;
;      - DAC8568_CONTROL:inst4|regne:\DAC_DATA_REG_GEN_I:2:DAC_DATA_REGI|output[10]                          ; 1                 ; 6       ;
;      - mbp_regs:inst1|DACOUT[2][12]                                                                        ; 1                 ; 6       ;
;      - mbp_regs:inst1|DACOUT[2][13]                                                                        ; 1                 ; 6       ;
;      - DAC8568_CONTROL:inst4|regne:\DAC_DATA_REG_GEN_I:2:DAC_DATA_REGI|output[13]                          ; 1                 ; 6       ;
;      - DAC8568_CONTROL:inst4|regne:\DAC_DATA_REG_GEN_I:2:DAC_DATA_REGI|output[12]                          ; 1                 ; 6       ;
;      - mbp_regs:inst1|DACOUT[2][14]                                                                        ; 1                 ; 6       ;
;      - mbp_regs:inst1|DACOUT[2][15]                                                                        ; 1                 ; 6       ;
;      - DAC8568_CONTROL:inst4|regne:\DAC_DATA_REG_GEN_I:2:DAC_DATA_REGI|output[15]                          ; 1                 ; 6       ;
;      - DAC8568_CONTROL:inst4|regne:\DAC_DATA_REG_GEN_I:2:DAC_DATA_REGI|output[14]                          ; 1                 ; 6       ;
;      - mbp_regs:inst1|DACOUT[3][0]                                                                         ; 1                 ; 6       ;
;      - mbp_regs:inst1|DACOUT[3][1]                                                                         ; 1                 ; 6       ;
;      - DAC8568_CONTROL:inst4|regne:\DAC_DATA_REG_GEN_I:3:DAC_DATA_REGI|output[1]                           ; 1                 ; 6       ;
;      - DAC8568_CONTROL:inst4|regne:\DAC_DATA_REG_GEN_I:3:DAC_DATA_REGI|output[0]                           ; 1                 ; 6       ;
;      - mbp_regs:inst1|DACOUT[3][2]                                                                         ; 1                 ; 6       ;
;      - mbp_regs:inst1|DACOUT[3][3]                                                                         ; 1                 ; 6       ;
;      - DAC8568_CONTROL:inst4|regne:\DAC_DATA_REG_GEN_I:3:DAC_DATA_REGI|output[3]                           ; 1                 ; 6       ;
;      - DAC8568_CONTROL:inst4|regne:\DAC_DATA_REG_GEN_I:3:DAC_DATA_REGI|output[2]                           ; 1                 ; 6       ;
;      - mbp_regs:inst1|DACOUT[3][4]                                                                         ; 1                 ; 6       ;
;      - mbp_regs:inst1|DACOUT[3][5]                                                                         ; 1                 ; 6       ;
;      - DAC8568_CONTROL:inst4|regne:\DAC_DATA_REG_GEN_I:3:DAC_DATA_REGI|output[5]                           ; 1                 ; 6       ;
;      - DAC8568_CONTROL:inst4|regne:\DAC_DATA_REG_GEN_I:3:DAC_DATA_REGI|output[4]                           ; 1                 ; 6       ;
;      - mbp_regs:inst1|DACOUT[3][6]                                                                         ; 1                 ; 6       ;
;      - mbp_regs:inst1|DACOUT[3][7]                                                                         ; 1                 ; 6       ;
;      - DAC8568_CONTROL:inst4|regne:\DAC_DATA_REG_GEN_I:3:DAC_DATA_REGI|output[7]                           ; 1                 ; 6       ;
;      - DAC8568_CONTROL:inst4|regne:\DAC_DATA_REG_GEN_I:3:DAC_DATA_REGI|output[6]                           ; 1                 ; 6       ;
;      - mbp_regs:inst1|DACOUT[3][8]                                                                         ; 1                 ; 6       ;
;      - mbp_regs:inst1|DACOUT[3][9]                                                                         ; 1                 ; 6       ;
;      - DAC8568_CONTROL:inst4|regne:\DAC_DATA_REG_GEN_I:3:DAC_DATA_REGI|output[9]                           ; 1                 ; 6       ;
;      - DAC8568_CONTROL:inst4|regne:\DAC_DATA_REG_GEN_I:3:DAC_DATA_REGI|output[8]                           ; 1                 ; 6       ;
;      - mbp_regs:inst1|DACOUT[3][10]                                                                        ; 1                 ; 6       ;
;      - mbp_regs:inst1|DACOUT[3][11]                                                                        ; 1                 ; 6       ;
;      - DAC8568_CONTROL:inst4|regne:\DAC_DATA_REG_GEN_I:3:DAC_DATA_REGI|output[11]                          ; 1                 ; 6       ;
;      - DAC8568_CONTROL:inst4|regne:\DAC_DATA_REG_GEN_I:3:DAC_DATA_REGI|output[10]                          ; 1                 ; 6       ;
;      - mbp_regs:inst1|DACOUT[3][12]                                                                        ; 1                 ; 6       ;
;      - mbp_regs:inst1|DACOUT[3][13]                                                                        ; 1                 ; 6       ;
;      - DAC8568_CONTROL:inst4|regne:\DAC_DATA_REG_GEN_I:3:DAC_DATA_REGI|output[13]                          ; 1                 ; 6       ;
;      - DAC8568_CONTROL:inst4|regne:\DAC_DATA_REG_GEN_I:3:DAC_DATA_REGI|output[12]                          ; 1                 ; 6       ;
;      - mbp_regs:inst1|DACOUT[3][14]                                                                        ; 1                 ; 6       ;
;      - mbp_regs:inst1|DACOUT[3][15]                                                                        ; 1                 ; 6       ;
;      - DAC8568_CONTROL:inst4|regne:\DAC_DATA_REG_GEN_I:3:DAC_DATA_REGI|output[15]                          ; 1                 ; 6       ;
;      - DAC8568_CONTROL:inst4|regne:\DAC_DATA_REG_GEN_I:3:DAC_DATA_REGI|output[14]                          ; 1                 ; 6       ;
;      - mbp_regs:inst1|DACOUT[4][0]                                                                         ; 1                 ; 6       ;
;      - mbp_regs:inst1|DACOUT[4][1]                                                                         ; 1                 ; 6       ;
;      - DAC8568_CONTROL:inst4|regne:\DAC_DATA_REG_GEN_I:4:DAC_DATA_REGI|output[1]                           ; 1                 ; 6       ;
;      - DAC8568_CONTROL:inst4|regne:\DAC_DATA_REG_GEN_I:4:DAC_DATA_REGI|output[0]                           ; 1                 ; 6       ;
;      - mbp_regs:inst1|DACOUT[4][2]                                                                         ; 1                 ; 6       ;
;      - mbp_regs:inst1|DACOUT[4][3]                                                                         ; 1                 ; 6       ;
;      - DAC8568_CONTROL:inst4|regne:\DAC_DATA_REG_GEN_I:4:DAC_DATA_REGI|output[3]                           ; 1                 ; 6       ;
;      - DAC8568_CONTROL:inst4|regne:\DAC_DATA_REG_GEN_I:4:DAC_DATA_REGI|output[2]                           ; 1                 ; 6       ;
;      - mbp_regs:inst1|DACOUT[4][4]                                                                         ; 1                 ; 6       ;
;      - mbp_regs:inst1|DACOUT[4][5]                                                                         ; 1                 ; 6       ;
;      - DAC8568_CONTROL:inst4|regne:\DAC_DATA_REG_GEN_I:4:DAC_DATA_REGI|output[5]                           ; 1                 ; 6       ;
;      - DAC8568_CONTROL:inst4|regne:\DAC_DATA_REG_GEN_I:4:DAC_DATA_REGI|output[4]                           ; 1                 ; 6       ;
;      - mbp_regs:inst1|DACOUT[4][6]                                                                         ; 1                 ; 6       ;
;      - mbp_regs:inst1|DACOUT[4][7]                                                                         ; 1                 ; 6       ;
;      - DAC8568_CONTROL:inst4|regne:\DAC_DATA_REG_GEN_I:4:DAC_DATA_REGI|output[7]                           ; 1                 ; 6       ;
;      - DAC8568_CONTROL:inst4|regne:\DAC_DATA_REG_GEN_I:4:DAC_DATA_REGI|output[6]                           ; 1                 ; 6       ;
;      - mbp_regs:inst1|DACOUT[4][8]                                                                         ; 1                 ; 6       ;
;      - mbp_regs:inst1|DACOUT[4][9]                                                                         ; 1                 ; 6       ;
;      - DAC8568_CONTROL:inst4|regne:\DAC_DATA_REG_GEN_I:4:DAC_DATA_REGI|output[9]                           ; 1                 ; 6       ;
;      - DAC8568_CONTROL:inst4|regne:\DAC_DATA_REG_GEN_I:4:DAC_DATA_REGI|output[8]                           ; 1                 ; 6       ;
;      - mbp_regs:inst1|DACOUT[4][10]                                                                        ; 1                 ; 6       ;
;      - mbp_regs:inst1|DACOUT[4][11]                                                                        ; 1                 ; 6       ;
;      - DAC8568_CONTROL:inst4|regne:\DAC_DATA_REG_GEN_I:4:DAC_DATA_REGI|output[11]                          ; 1                 ; 6       ;
;      - DAC8568_CONTROL:inst4|regne:\DAC_DATA_REG_GEN_I:4:DAC_DATA_REGI|output[10]                          ; 1                 ; 6       ;
;      - mbp_regs:inst1|DACOUT[4][12]                                                                        ; 1                 ; 6       ;
;      - mbp_regs:inst1|DACOUT[4][13]                                                                        ; 1                 ; 6       ;
;      - DAC8568_CONTROL:inst4|regne:\DAC_DATA_REG_GEN_I:4:DAC_DATA_REGI|output[13]                          ; 1                 ; 6       ;
;      - DAC8568_CONTROL:inst4|regne:\DAC_DATA_REG_GEN_I:4:DAC_DATA_REGI|output[12]                          ; 1                 ; 6       ;
;      - mbp_regs:inst1|DACOUT[4][14]                                                                        ; 1                 ; 6       ;
;      - mbp_regs:inst1|DACOUT[4][15]                                                                        ; 1                 ; 6       ;
;      - DAC8568_CONTROL:inst4|regne:\DAC_DATA_REG_GEN_I:4:DAC_DATA_REGI|output[15]                          ; 1                 ; 6       ;
;      - DAC8568_CONTROL:inst4|regne:\DAC_DATA_REG_GEN_I:4:DAC_DATA_REGI|output[14]                          ; 1                 ; 6       ;
;      - mbp_regs:inst1|DACOUT[5][0]                                                                         ; 1                 ; 6       ;
;      - mbp_regs:inst1|DACOUT[5][1]                                                                         ; 1                 ; 6       ;
;      - DAC8568_CONTROL:inst4|regne:\DAC_DATA_REG_GEN_I:5:DAC_DATA_REGI|output[1]                           ; 1                 ; 6       ;
;      - DAC8568_CONTROL:inst4|regne:\DAC_DATA_REG_GEN_I:5:DAC_DATA_REGI|output[0]                           ; 1                 ; 6       ;
;      - mbp_regs:inst1|DACOUT[5][2]                                                                         ; 1                 ; 6       ;
;      - mbp_regs:inst1|DACOUT[5][3]                                                                         ; 1                 ; 6       ;
;      - DAC8568_CONTROL:inst4|regne:\DAC_DATA_REG_GEN_I:5:DAC_DATA_REGI|output[3]                           ; 1                 ; 6       ;
;      - DAC8568_CONTROL:inst4|regne:\DAC_DATA_REG_GEN_I:5:DAC_DATA_REGI|output[2]                           ; 1                 ; 6       ;
;      - mbp_regs:inst1|DACOUT[5][4]                                                                         ; 1                 ; 6       ;
;      - mbp_regs:inst1|DACOUT[5][5]                                                                         ; 1                 ; 6       ;
;      - DAC8568_CONTROL:inst4|regne:\DAC_DATA_REG_GEN_I:5:DAC_DATA_REGI|output[5]                           ; 1                 ; 6       ;
;      - DAC8568_CONTROL:inst4|regne:\DAC_DATA_REG_GEN_I:5:DAC_DATA_REGI|output[4]                           ; 1                 ; 6       ;
;      - mbp_regs:inst1|DACOUT[5][6]                                                                         ; 1                 ; 6       ;
;      - mbp_regs:inst1|DACOUT[5][7]                                                                         ; 1                 ; 6       ;
;      - DAC8568_CONTROL:inst4|regne:\DAC_DATA_REG_GEN_I:5:DAC_DATA_REGI|output[7]                           ; 1                 ; 6       ;
;      - DAC8568_CONTROL:inst4|regne:\DAC_DATA_REG_GEN_I:5:DAC_DATA_REGI|output[6]                           ; 1                 ; 6       ;
;      - mbp_regs:inst1|DACOUT[5][8]                                                                         ; 1                 ; 6       ;
;      - mbp_regs:inst1|DACOUT[5][9]                                                                         ; 1                 ; 6       ;
;      - DAC8568_CONTROL:inst4|regne:\DAC_DATA_REG_GEN_I:5:DAC_DATA_REGI|output[9]                           ; 1                 ; 6       ;
;      - DAC8568_CONTROL:inst4|regne:\DAC_DATA_REG_GEN_I:5:DAC_DATA_REGI|output[8]                           ; 1                 ; 6       ;
;      - mbp_regs:inst1|DACOUT[5][10]                                                                        ; 1                 ; 6       ;
;      - mbp_regs:inst1|DACOUT[5][11]                                                                        ; 1                 ; 6       ;
;      - DAC8568_CONTROL:inst4|regne:\DAC_DATA_REG_GEN_I:5:DAC_DATA_REGI|output[11]                          ; 1                 ; 6       ;
;      - DAC8568_CONTROL:inst4|regne:\DAC_DATA_REG_GEN_I:5:DAC_DATA_REGI|output[10]                          ; 1                 ; 6       ;
;      - mbp_regs:inst1|DACOUT[5][12]                                                                        ; 1                 ; 6       ;
;      - mbp_regs:inst1|DACOUT[5][13]                                                                        ; 1                 ; 6       ;
;      - DAC8568_CONTROL:inst4|regne:\DAC_DATA_REG_GEN_I:5:DAC_DATA_REGI|output[13]                          ; 1                 ; 6       ;
;      - DAC8568_CONTROL:inst4|regne:\DAC_DATA_REG_GEN_I:5:DAC_DATA_REGI|output[12]                          ; 1                 ; 6       ;
;      - mbp_regs:inst1|DACOUT[5][14]                                                                        ; 1                 ; 6       ;
;      - mbp_regs:inst1|DACOUT[5][15]                                                                        ; 1                 ; 6       ;
;      - DAC8568_CONTROL:inst4|regne:\DAC_DATA_REG_GEN_I:5:DAC_DATA_REGI|output[15]                          ; 1                 ; 6       ;
;      - DAC8568_CONTROL:inst4|regne:\DAC_DATA_REG_GEN_I:5:DAC_DATA_REGI|output[14]                          ; 1                 ; 6       ;
;      - mbp_regs:inst1|DACOUT[6][0]                                                                         ; 1                 ; 6       ;
;      - mbp_regs:inst1|DACOUT[6][1]                                                                         ; 1                 ; 6       ;
;      - DAC8568_CONTROL:inst4|regne:\DAC_DATA_REG_GEN_I:6:DAC_DATA_REGI|output[1]                           ; 1                 ; 6       ;
;      - DAC8568_CONTROL:inst4|regne:\DAC_DATA_REG_GEN_I:6:DAC_DATA_REGI|output[0]                           ; 1                 ; 6       ;
;      - mbp_regs:inst1|DACOUT[6][2]                                                                         ; 1                 ; 6       ;
;      - mbp_regs:inst1|DACOUT[6][3]                                                                         ; 1                 ; 6       ;
;      - DAC8568_CONTROL:inst4|regne:\DAC_DATA_REG_GEN_I:6:DAC_DATA_REGI|output[3]                           ; 1                 ; 6       ;
;      - DAC8568_CONTROL:inst4|regne:\DAC_DATA_REG_GEN_I:6:DAC_DATA_REGI|output[2]                           ; 1                 ; 6       ;
;      - mbp_regs:inst1|DACOUT[6][4]                                                                         ; 1                 ; 6       ;
;      - mbp_regs:inst1|DACOUT[6][5]                                                                         ; 1                 ; 6       ;
;      - DAC8568_CONTROL:inst4|regne:\DAC_DATA_REG_GEN_I:6:DAC_DATA_REGI|output[5]                           ; 1                 ; 6       ;
;      - DAC8568_CONTROL:inst4|regne:\DAC_DATA_REG_GEN_I:6:DAC_DATA_REGI|output[4]                           ; 1                 ; 6       ;
;      - mbp_regs:inst1|DACOUT[6][6]                                                                         ; 1                 ; 6       ;
;      - mbp_regs:inst1|DACOUT[6][7]                                                                         ; 1                 ; 6       ;
;      - DAC8568_CONTROL:inst4|regne:\DAC_DATA_REG_GEN_I:6:DAC_DATA_REGI|output[7]                           ; 1                 ; 6       ;
;      - DAC8568_CONTROL:inst4|regne:\DAC_DATA_REG_GEN_I:6:DAC_DATA_REGI|output[6]                           ; 1                 ; 6       ;
;      - mbp_regs:inst1|DACOUT[6][8]                                                                         ; 1                 ; 6       ;
;      - mbp_regs:inst1|DACOUT[6][9]                                                                         ; 1                 ; 6       ;
;      - DAC8568_CONTROL:inst4|regne:\DAC_DATA_REG_GEN_I:6:DAC_DATA_REGI|output[9]                           ; 1                 ; 6       ;
;      - DAC8568_CONTROL:inst4|regne:\DAC_DATA_REG_GEN_I:6:DAC_DATA_REGI|output[8]                           ; 1                 ; 6       ;
;      - mbp_regs:inst1|DACOUT[6][10]                                                                        ; 1                 ; 6       ;
;      - mbp_regs:inst1|DACOUT[6][11]                                                                        ; 1                 ; 6       ;
;      - DAC8568_CONTROL:inst4|regne:\DAC_DATA_REG_GEN_I:6:DAC_DATA_REGI|output[11]                          ; 1                 ; 6       ;
;      - DAC8568_CONTROL:inst4|regne:\DAC_DATA_REG_GEN_I:6:DAC_DATA_REGI|output[10]                          ; 1                 ; 6       ;
;      - mbp_regs:inst1|DACOUT[6][12]                                                                        ; 1                 ; 6       ;
;      - mbp_regs:inst1|DACOUT[6][13]                                                                        ; 1                 ; 6       ;
;      - DAC8568_CONTROL:inst4|regne:\DAC_DATA_REG_GEN_I:6:DAC_DATA_REGI|output[13]                          ; 1                 ; 6       ;
;      - DAC8568_CONTROL:inst4|regne:\DAC_DATA_REG_GEN_I:6:DAC_DATA_REGI|output[12]                          ; 1                 ; 6       ;
;      - mbp_regs:inst1|DACOUT[6][14]                                                                        ; 1                 ; 6       ;
;      - mbp_regs:inst1|DACOUT[6][15]                                                                        ; 1                 ; 6       ;
;      - DAC8568_CONTROL:inst4|regne:\DAC_DATA_REG_GEN_I:6:DAC_DATA_REGI|output[15]                          ; 1                 ; 6       ;
;      - DAC8568_CONTROL:inst4|regne:\DAC_DATA_REG_GEN_I:6:DAC_DATA_REGI|output[14]                          ; 1                 ; 6       ;
;      - mbp_regs:inst1|DACOUT[7][0]                                                                         ; 1                 ; 6       ;
;      - mbp_regs:inst1|DACOUT[7][1]                                                                         ; 1                 ; 6       ;
;      - DAC8568_CONTROL:inst4|regne:\DAC_DATA_REG_GEN_I:7:DAC_DATA_REGI|output[1]                           ; 1                 ; 6       ;
;      - DAC8568_CONTROL:inst4|regne:\DAC_DATA_REG_GEN_I:7:DAC_DATA_REGI|output[0]                           ; 1                 ; 6       ;
;      - mbp_regs:inst1|DACOUT[7][2]                                                                         ; 1                 ; 6       ;
;      - mbp_regs:inst1|DACOUT[7][3]                                                                         ; 1                 ; 6       ;
;      - DAC8568_CONTROL:inst4|regne:\DAC_DATA_REG_GEN_I:7:DAC_DATA_REGI|output[3]                           ; 1                 ; 6       ;
;      - DAC8568_CONTROL:inst4|regne:\DAC_DATA_REG_GEN_I:7:DAC_DATA_REGI|output[2]                           ; 1                 ; 6       ;
;      - mbp_regs:inst1|DACOUT[7][4]                                                                         ; 1                 ; 6       ;
;      - mbp_regs:inst1|DACOUT[7][5]                                                                         ; 1                 ; 6       ;
;      - DAC8568_CONTROL:inst4|regne:\DAC_DATA_REG_GEN_I:7:DAC_DATA_REGI|output[5]                           ; 1                 ; 6       ;
;      - DAC8568_CONTROL:inst4|regne:\DAC_DATA_REG_GEN_I:7:DAC_DATA_REGI|output[4]                           ; 1                 ; 6       ;
;      - mbp_regs:inst1|DACOUT[7][6]                                                                         ; 1                 ; 6       ;
;      - mbp_regs:inst1|DACOUT[7][7]                                                                         ; 1                 ; 6       ;
;      - DAC8568_CONTROL:inst4|regne:\DAC_DATA_REG_GEN_I:7:DAC_DATA_REGI|output[7]                           ; 1                 ; 6       ;
;      - DAC8568_CONTROL:inst4|regne:\DAC_DATA_REG_GEN_I:7:DAC_DATA_REGI|output[6]                           ; 1                 ; 6       ;
;      - mbp_regs:inst1|DACOUT[7][8]                                                                         ; 1                 ; 6       ;
;      - mbp_regs:inst1|DACOUT[7][9]                                                                         ; 1                 ; 6       ;
;      - DAC8568_CONTROL:inst4|regne:\DAC_DATA_REG_GEN_I:7:DAC_DATA_REGI|output[9]                           ; 1                 ; 6       ;
;      - DAC8568_CONTROL:inst4|regne:\DAC_DATA_REG_GEN_I:7:DAC_DATA_REGI|output[8]                           ; 1                 ; 6       ;
;      - mbp_regs:inst1|DACOUT[7][10]                                                                        ; 1                 ; 6       ;
;      - mbp_regs:inst1|DACOUT[7][11]                                                                        ; 1                 ; 6       ;
;      - DAC8568_CONTROL:inst4|regne:\DAC_DATA_REG_GEN_I:7:DAC_DATA_REGI|output[11]                          ; 1                 ; 6       ;
;      - DAC8568_CONTROL:inst4|regne:\DAC_DATA_REG_GEN_I:7:DAC_DATA_REGI|output[10]                          ; 1                 ; 6       ;
;      - mbp_regs:inst1|DACOUT[7][12]                                                                        ; 1                 ; 6       ;
;      - mbp_regs:inst1|DACOUT[7][13]                                                                        ; 1                 ; 6       ;
;      - DAC8568_CONTROL:inst4|regne:\DAC_DATA_REG_GEN_I:7:DAC_DATA_REGI|output[13]                          ; 1                 ; 6       ;
;      - DAC8568_CONTROL:inst4|regne:\DAC_DATA_REG_GEN_I:7:DAC_DATA_REGI|output[12]                          ; 1                 ; 6       ;
;      - mbp_regs:inst1|DACOUT[7][14]                                                                        ; 1                 ; 6       ;
;      - mbp_regs:inst1|DACOUT[7][15]                                                                        ; 1                 ; 6       ;
;      - DAC8568_CONTROL:inst4|regne:\DAC_DATA_REG_GEN_I:7:DAC_DATA_REGI|output[15]                          ; 1                 ; 6       ;
;      - DAC8568_CONTROL:inst4|regne:\DAC_DATA_REG_GEN_I:7:DAC_DATA_REGI|output[14]                          ; 1                 ; 6       ;
;      - Heartbeat_FP:inst2|s3                                                                               ; 1                 ; 6       ;
;      - Heartbeat_FP:inst2|count[19]                                                                        ; 1                 ; 6       ;
;      - Heartbeat_FP:inst2|count[28]                                                                        ; 1                 ; 6       ;
;      - Heartbeat_FP:inst2|count[27]                                                                        ; 1                 ; 6       ;
;      - Heartbeat_FP:inst2|count[26]                                                                        ; 1                 ; 6       ;
;      - Heartbeat_FP:inst2|count[2]                                                                         ; 1                 ; 6       ;
;      - Heartbeat_FP:inst2|count[18]                                                                        ; 1                 ; 6       ;
;      - Heartbeat_FP:inst2|count[15]                                                                        ; 1                 ; 6       ;
;      - Heartbeat_FP:inst2|count[8]                                                                         ; 1                 ; 6       ;
;      - Heartbeat_FP:inst2|count[5]                                                                         ; 1                 ; 6       ;
;      - Heartbeat_FP:inst2|count[22]                                                                        ; 1                 ; 6       ;
;      - Heartbeat_FP:inst2|count[16]                                                                        ; 1                 ; 6       ;
;      - Heartbeat_FP:inst2|count[23]                                                                        ; 1                 ; 6       ;
;      - Heartbeat_FP:inst2|count[14]                                                                        ; 1                 ; 6       ;
;      - Heartbeat_FP:inst2|count[10]                                                                        ; 1                 ; 6       ;
;      - Heartbeat_FP:inst2|count[6]                                                                         ; 1                 ; 6       ;
;      - Heartbeat_FP:inst2|count[13]                                                                        ; 1                 ; 6       ;
;      - Heartbeat_FP:inst2|count[12]                                                                        ; 1                 ; 6       ;
;      - Heartbeat_FP:inst2|count[3]                                                                         ; 1                 ; 6       ;
;      - Heartbeat_FP:inst2|count[21]                                                                        ; 1                 ; 6       ;
;      - Heartbeat_FP:inst2|count[11]                                                                        ; 1                 ; 6       ;
;      - Heartbeat_FP:inst2|count[4]                                                                         ; 1                 ; 6       ;
;      - Heartbeat_FP:inst2|count[0]                                                                         ; 1                 ; 6       ;
;      - Heartbeat_FP:inst2|count[25]                                                                        ; 1                 ; 6       ;
;      - Heartbeat_FP:inst2|count[24]                                                                        ; 1                 ; 6       ;
;      - Heartbeat_FP:inst2|count[17]                                                                        ; 1                 ; 6       ;
;      - Heartbeat_FP:inst2|count[20]                                                                        ; 1                 ; 6       ;
;      - Heartbeat_FP:inst2|count[9]                                                                         ; 1                 ; 6       ;
;      - Heartbeat_FP:inst2|count[7]                                                                         ; 1                 ; 6       ;
;      - Heartbeat_FP:inst2|count[1]                                                                         ; 1                 ; 6       ;
;      - Heartbeat_FP:inst2|s5                                                                               ; 1                 ; 6       ;
;      - mbp_top_level:inst|mbp:inst2|rx_trig_q[1]                                                           ; 1                 ; 6       ;
;      - Heartbeat_FP:inst2|isa_oe_ff[0]                                                                     ; 1                 ; 6       ;
;      - Heartbeat_FP:inst2|s1                                                                               ; 1                 ; 6       ;
;      - Heartbeat_FP:inst2|s7                                                                               ; 1                 ; 6       ;
;      - ADS8688v2:inst3|q.cntrl_count[3]                                                                    ; 1                 ; 6       ;
;      - ADS8688v2:inst3|q.cntrl_count[2]                                                                    ; 1                 ; 6       ;
;      - ADS8688v2:inst3|q.cntrl_count[1]                                                                    ; 1                 ; 6       ;
;      - ADS8688v2:inst3|q.cntrl_count[0]                                                                    ; 1                 ; 6       ;
;      - ADS8688v2:inst3|q.state.data_acquired                                                               ; 1                 ; 6       ;
;      - ADS8688v2:inst3|q.sclkDivider[2]                                                                    ; 1                 ; 6       ;
;      - ADS8688v2:inst3|q.sclkDivider[1]                                                                    ; 1                 ; 6       ;
;      - ADS8688v2:inst3|q.sclkDivider[0]                                                                    ; 1                 ; 6       ;
;      - ADS8688v2:inst3|q.state.data_cs_low_wait                                                            ; 1                 ; 6       ;
;      - ADS8688v2:inst3|q.input_din_reg[14]                                                                 ; 1                 ; 6       ;
;      - ADS8688v2:inst3|q.state.cs_low_wait                                                                 ; 1                 ; 6       ;
;      - DAC8568_CONTROL:inst4|SHIFT_REG:DAC_DATA_IN_REG|SHIFT_INPUT[29]                                     ; 1                 ; 6       ;
;      - ADS8688v2:inst3|FILTERS:\ADCDataFilter:0:ADC_Filter|DATA_OUT[0]                                     ; 1                 ; 6       ;
;      - ADS8688v2:inst3|FILTERS:\ADCDataFilter:0:ADC_Filter|DATA_OUT[1]                                     ; 1                 ; 6       ;
;      - ADS8688v2:inst3|FILTERS:\ADCDataFilter:0:ADC_Filter|DATA_OUT[2]                                     ; 1                 ; 6       ;
;      - ADS8688v2:inst3|FILTERS:\ADCDataFilter:0:ADC_Filter|DATA_OUT[3]                                     ; 1                 ; 6       ;
;      - ADS8688v2:inst3|FILTERS:\ADCDataFilter:0:ADC_Filter|DATA_OUT[4]                                     ; 1                 ; 6       ;
;      - ADS8688v2:inst3|FILTERS:\ADCDataFilter:0:ADC_Filter|DATA_OUT[5]                                     ; 1                 ; 6       ;
;      - ADS8688v2:inst3|FILTERS:\ADCDataFilter:0:ADC_Filter|DATA_OUT[6]                                     ; 1                 ; 6       ;
;      - ADS8688v2:inst3|FILTERS:\ADCDataFilter:0:ADC_Filter|DATA_OUT[7]                                     ; 1                 ; 6       ;
;      - ADS8688v2:inst3|FILTERS:\ADCDataFilter:0:ADC_Filter|DATA_OUT[8]                                     ; 1                 ; 6       ;
;      - ADS8688v2:inst3|FILTERS:\ADCDataFilter:0:ADC_Filter|DATA_OUT[9]                                     ; 1                 ; 6       ;
;      - ADS8688v2:inst3|FILTERS:\ADCDataFilter:0:ADC_Filter|DATA_OUT[10]                                    ; 1                 ; 6       ;
;      - ADS8688v2:inst3|FILTERS:\ADCDataFilter:0:ADC_Filter|DATA_OUT[11]                                    ; 1                 ; 6       ;
;      - ADS8688v2:inst3|FILTERS:\ADCDataFilter:0:ADC_Filter|DATA_OUT[12]                                    ; 1                 ; 6       ;
;      - ADS8688v2:inst3|FILTERS:\ADCDataFilter:0:ADC_Filter|DATA_OUT[13]                                    ; 1                 ; 6       ;
;      - ADS8688v2:inst3|FILTERS:\ADCDataFilter:0:ADC_Filter|DATA_OUT[14]                                    ; 1                 ; 6       ;
;      - ADS8688v2:inst3|FILTERS:\ADCDataFilter:0:ADC_Filter|DATA_OUT[15]                                    ; 1                 ; 6       ;
;      - ADS8688v2:inst3|FILTERS:\ADCDataFilter:1:ADC_Filter|DATA_OUT[0]                                     ; 1                 ; 6       ;
;      - ADS8688v2:inst3|FILTERS:\ADCDataFilter:1:ADC_Filter|DATA_OUT[1]                                     ; 1                 ; 6       ;
;      - ADS8688v2:inst3|FILTERS:\ADCDataFilter:1:ADC_Filter|DATA_OUT[2]                                     ; 1                 ; 6       ;
;      - ADS8688v2:inst3|FILTERS:\ADCDataFilter:1:ADC_Filter|DATA_OUT[3]                                     ; 1                 ; 6       ;
;      - ADS8688v2:inst3|FILTERS:\ADCDataFilter:1:ADC_Filter|DATA_OUT[4]                                     ; 1                 ; 6       ;
;      - ADS8688v2:inst3|FILTERS:\ADCDataFilter:1:ADC_Filter|DATA_OUT[5]                                     ; 1                 ; 6       ;
;      - ADS8688v2:inst3|FILTERS:\ADCDataFilter:1:ADC_Filter|DATA_OUT[6]                                     ; 1                 ; 6       ;
;      - ADS8688v2:inst3|FILTERS:\ADCDataFilter:1:ADC_Filter|DATA_OUT[7]                                     ; 1                 ; 6       ;
;      - ADS8688v2:inst3|FILTERS:\ADCDataFilter:1:ADC_Filter|DATA_OUT[8]                                     ; 1                 ; 6       ;
;      - ADS8688v2:inst3|FILTERS:\ADCDataFilter:1:ADC_Filter|DATA_OUT[9]                                     ; 1                 ; 6       ;
;      - ADS8688v2:inst3|FILTERS:\ADCDataFilter:1:ADC_Filter|DATA_OUT[10]                                    ; 1                 ; 6       ;
;      - ADS8688v2:inst3|FILTERS:\ADCDataFilter:1:ADC_Filter|DATA_OUT[11]                                    ; 1                 ; 6       ;
;      - ADS8688v2:inst3|FILTERS:\ADCDataFilter:1:ADC_Filter|DATA_OUT[12]                                    ; 1                 ; 6       ;
;      - ADS8688v2:inst3|FILTERS:\ADCDataFilter:1:ADC_Filter|DATA_OUT[13]                                    ; 1                 ; 6       ;
;      - ADS8688v2:inst3|FILTERS:\ADCDataFilter:1:ADC_Filter|DATA_OUT[14]                                    ; 1                 ; 6       ;
;      - ADS8688v2:inst3|FILTERS:\ADCDataFilter:1:ADC_Filter|DATA_OUT[15]                                    ; 1                 ; 6       ;
;      - ADS8688v2:inst3|FILTERS:\ADCDataFilter:2:ADC_Filter|DATA_OUT[0]                                     ; 1                 ; 6       ;
;      - ADS8688v2:inst3|FILTERS:\ADCDataFilter:2:ADC_Filter|DATA_OUT[1]                                     ; 1                 ; 6       ;
;      - ADS8688v2:inst3|FILTERS:\ADCDataFilter:2:ADC_Filter|DATA_OUT[2]                                     ; 1                 ; 6       ;
;      - ADS8688v2:inst3|FILTERS:\ADCDataFilter:2:ADC_Filter|DATA_OUT[3]                                     ; 1                 ; 6       ;
;      - ADS8688v2:inst3|FILTERS:\ADCDataFilter:2:ADC_Filter|DATA_OUT[4]                                     ; 1                 ; 6       ;
;      - ADS8688v2:inst3|FILTERS:\ADCDataFilter:2:ADC_Filter|DATA_OUT[5]                                     ; 1                 ; 6       ;
;      - ADS8688v2:inst3|FILTERS:\ADCDataFilter:2:ADC_Filter|DATA_OUT[6]                                     ; 1                 ; 6       ;
;      - ADS8688v2:inst3|FILTERS:\ADCDataFilter:2:ADC_Filter|DATA_OUT[7]                                     ; 1                 ; 6       ;
;      - ADS8688v2:inst3|FILTERS:\ADCDataFilter:2:ADC_Filter|DATA_OUT[8]                                     ; 1                 ; 6       ;
;      - ADS8688v2:inst3|FILTERS:\ADCDataFilter:2:ADC_Filter|DATA_OUT[9]                                     ; 1                 ; 6       ;
;      - ADS8688v2:inst3|FILTERS:\ADCDataFilter:2:ADC_Filter|DATA_OUT[10]                                    ; 1                 ; 6       ;
;      - ADS8688v2:inst3|FILTERS:\ADCDataFilter:2:ADC_Filter|DATA_OUT[11]                                    ; 1                 ; 6       ;
;      - ADS8688v2:inst3|FILTERS:\ADCDataFilter:2:ADC_Filter|DATA_OUT[12]                                    ; 1                 ; 6       ;
;      - ADS8688v2:inst3|FILTERS:\ADCDataFilter:2:ADC_Filter|DATA_OUT[13]                                    ; 1                 ; 6       ;
;      - ADS8688v2:inst3|FILTERS:\ADCDataFilter:2:ADC_Filter|DATA_OUT[14]                                    ; 1                 ; 6       ;
;      - ADS8688v2:inst3|FILTERS:\ADCDataFilter:2:ADC_Filter|DATA_OUT[15]                                    ; 1                 ; 6       ;
;      - ADS8688v2:inst3|FILTERS:\ADCDataFilter:3:ADC_Filter|DATA_OUT[0]                                     ; 1                 ; 6       ;
;      - ADS8688v2:inst3|FILTERS:\ADCDataFilter:3:ADC_Filter|DATA_OUT[1]                                     ; 1                 ; 6       ;
;      - ADS8688v2:inst3|FILTERS:\ADCDataFilter:3:ADC_Filter|DATA_OUT[2]                                     ; 1                 ; 6       ;
;      - ADS8688v2:inst3|FILTERS:\ADCDataFilter:3:ADC_Filter|DATA_OUT[3]                                     ; 1                 ; 6       ;
;      - ADS8688v2:inst3|FILTERS:\ADCDataFilter:3:ADC_Filter|DATA_OUT[4]                                     ; 1                 ; 6       ;
;      - ADS8688v2:inst3|FILTERS:\ADCDataFilter:3:ADC_Filter|DATA_OUT[5]                                     ; 1                 ; 6       ;
;      - ADS8688v2:inst3|FILTERS:\ADCDataFilter:3:ADC_Filter|DATA_OUT[6]                                     ; 1                 ; 6       ;
;      - ADS8688v2:inst3|FILTERS:\ADCDataFilter:3:ADC_Filter|DATA_OUT[7]                                     ; 1                 ; 6       ;
;      - ADS8688v2:inst3|FILTERS:\ADCDataFilter:3:ADC_Filter|DATA_OUT[8]                                     ; 1                 ; 6       ;
;      - ADS8688v2:inst3|FILTERS:\ADCDataFilter:3:ADC_Filter|DATA_OUT[9]                                     ; 1                 ; 6       ;
;      - ADS8688v2:inst3|FILTERS:\ADCDataFilter:3:ADC_Filter|DATA_OUT[10]                                    ; 1                 ; 6       ;
;      - ADS8688v2:inst3|FILTERS:\ADCDataFilter:3:ADC_Filter|DATA_OUT[11]                                    ; 1                 ; 6       ;
;      - ADS8688v2:inst3|FILTERS:\ADCDataFilter:3:ADC_Filter|DATA_OUT[12]                                    ; 1                 ; 6       ;
;      - ADS8688v2:inst3|FILTERS:\ADCDataFilter:3:ADC_Filter|DATA_OUT[13]                                    ; 1                 ; 6       ;
;      - ADS8688v2:inst3|FILTERS:\ADCDataFilter:3:ADC_Filter|DATA_OUT[14]                                    ; 1                 ; 6       ;
;      - ADS8688v2:inst3|FILTERS:\ADCDataFilter:3:ADC_Filter|DATA_OUT[15]                                    ; 1                 ; 6       ;
;      - ADS8688v2:inst3|FILTERS:\ADCDataFilter:4:ADC_Filter|DATA_OUT[0]                                     ; 1                 ; 6       ;
;      - ADS8688v2:inst3|FILTERS:\ADCDataFilter:4:ADC_Filter|DATA_OUT[1]                                     ; 1                 ; 6       ;
;      - ADS8688v2:inst3|FILTERS:\ADCDataFilter:4:ADC_Filter|DATA_OUT[2]                                     ; 1                 ; 6       ;
;      - ADS8688v2:inst3|FILTERS:\ADCDataFilter:4:ADC_Filter|DATA_OUT[3]                                     ; 1                 ; 6       ;
;      - ADS8688v2:inst3|FILTERS:\ADCDataFilter:4:ADC_Filter|DATA_OUT[4]                                     ; 1                 ; 6       ;
;      - ADS8688v2:inst3|FILTERS:\ADCDataFilter:4:ADC_Filter|DATA_OUT[5]                                     ; 1                 ; 6       ;
;      - ADS8688v2:inst3|FILTERS:\ADCDataFilter:4:ADC_Filter|DATA_OUT[6]                                     ; 1                 ; 6       ;
;      - ADS8688v2:inst3|FILTERS:\ADCDataFilter:4:ADC_Filter|DATA_OUT[7]                                     ; 1                 ; 6       ;
;      - ADS8688v2:inst3|FILTERS:\ADCDataFilter:4:ADC_Filter|DATA_OUT[8]                                     ; 1                 ; 6       ;
;      - ADS8688v2:inst3|FILTERS:\ADCDataFilter:4:ADC_Filter|DATA_OUT[9]                                     ; 1                 ; 6       ;
;      - ADS8688v2:inst3|FILTERS:\ADCDataFilter:4:ADC_Filter|DATA_OUT[10]                                    ; 1                 ; 6       ;
;      - ADS8688v2:inst3|FILTERS:\ADCDataFilter:4:ADC_Filter|DATA_OUT[11]                                    ; 1                 ; 6       ;
;      - ADS8688v2:inst3|FILTERS:\ADCDataFilter:4:ADC_Filter|DATA_OUT[12]                                    ; 1                 ; 6       ;
;      - ADS8688v2:inst3|FILTERS:\ADCDataFilter:4:ADC_Filter|DATA_OUT[13]                                    ; 1                 ; 6       ;
;      - ADS8688v2:inst3|FILTERS:\ADCDataFilter:4:ADC_Filter|DATA_OUT[14]                                    ; 1                 ; 6       ;
;      - ADS8688v2:inst3|FILTERS:\ADCDataFilter:4:ADC_Filter|DATA_OUT[15]                                    ; 1                 ; 6       ;
;      - ADS8688v2:inst3|FILTERS:\ADCDataFilter:5:ADC_Filter|DATA_OUT[0]                                     ; 1                 ; 6       ;
;      - ADS8688v2:inst3|FILTERS:\ADCDataFilter:5:ADC_Filter|DATA_OUT[1]                                     ; 1                 ; 6       ;
;      - ADS8688v2:inst3|FILTERS:\ADCDataFilter:5:ADC_Filter|DATA_OUT[2]                                     ; 1                 ; 6       ;
;      - ADS8688v2:inst3|FILTERS:\ADCDataFilter:5:ADC_Filter|DATA_OUT[3]                                     ; 1                 ; 6       ;
;      - ADS8688v2:inst3|FILTERS:\ADCDataFilter:5:ADC_Filter|DATA_OUT[4]                                     ; 1                 ; 6       ;
;      - ADS8688v2:inst3|FILTERS:\ADCDataFilter:5:ADC_Filter|DATA_OUT[5]                                     ; 1                 ; 6       ;
;      - ADS8688v2:inst3|FILTERS:\ADCDataFilter:5:ADC_Filter|DATA_OUT[6]                                     ; 1                 ; 6       ;
;      - ADS8688v2:inst3|FILTERS:\ADCDataFilter:5:ADC_Filter|DATA_OUT[7]                                     ; 1                 ; 6       ;
;      - ADS8688v2:inst3|FILTERS:\ADCDataFilter:5:ADC_Filter|DATA_OUT[8]                                     ; 1                 ; 6       ;
;      - ADS8688v2:inst3|FILTERS:\ADCDataFilter:5:ADC_Filter|DATA_OUT[9]                                     ; 1                 ; 6       ;
;      - ADS8688v2:inst3|FILTERS:\ADCDataFilter:5:ADC_Filter|DATA_OUT[10]                                    ; 1                 ; 6       ;
;      - ADS8688v2:inst3|FILTERS:\ADCDataFilter:5:ADC_Filter|DATA_OUT[11]                                    ; 1                 ; 6       ;
;      - ADS8688v2:inst3|FILTERS:\ADCDataFilter:5:ADC_Filter|DATA_OUT[12]                                    ; 1                 ; 6       ;
;      - ADS8688v2:inst3|FILTERS:\ADCDataFilter:5:ADC_Filter|DATA_OUT[13]                                    ; 1                 ; 6       ;
;      - ADS8688v2:inst3|FILTERS:\ADCDataFilter:5:ADC_Filter|DATA_OUT[14]                                    ; 1                 ; 6       ;
;      - ADS8688v2:inst3|FILTERS:\ADCDataFilter:5:ADC_Filter|DATA_OUT[15]                                    ; 1                 ; 6       ;
;      - ADS8688v2:inst3|FILTERS:\ADCDataFilter:6:ADC_Filter|DATA_OUT[0]                                     ; 1                 ; 6       ;
;      - ADS8688v2:inst3|FILTERS:\ADCDataFilter:6:ADC_Filter|DATA_OUT[1]                                     ; 1                 ; 6       ;
;      - ADS8688v2:inst3|FILTERS:\ADCDataFilter:6:ADC_Filter|DATA_OUT[2]                                     ; 1                 ; 6       ;
;      - ADS8688v2:inst3|FILTERS:\ADCDataFilter:6:ADC_Filter|DATA_OUT[3]                                     ; 1                 ; 6       ;
;      - ADS8688v2:inst3|FILTERS:\ADCDataFilter:6:ADC_Filter|DATA_OUT[4]                                     ; 1                 ; 6       ;
;      - ADS8688v2:inst3|FILTERS:\ADCDataFilter:6:ADC_Filter|DATA_OUT[5]                                     ; 1                 ; 6       ;
;      - ADS8688v2:inst3|FILTERS:\ADCDataFilter:6:ADC_Filter|DATA_OUT[6]                                     ; 1                 ; 6       ;
;      - ADS8688v2:inst3|FILTERS:\ADCDataFilter:6:ADC_Filter|DATA_OUT[7]                                     ; 1                 ; 6       ;
;      - ADS8688v2:inst3|FILTERS:\ADCDataFilter:6:ADC_Filter|DATA_OUT[8]                                     ; 1                 ; 6       ;
;      - ADS8688v2:inst3|FILTERS:\ADCDataFilter:6:ADC_Filter|DATA_OUT[9]                                     ; 1                 ; 6       ;
;      - ADS8688v2:inst3|FILTERS:\ADCDataFilter:6:ADC_Filter|DATA_OUT[10]                                    ; 1                 ; 6       ;
;      - ADS8688v2:inst3|FILTERS:\ADCDataFilter:6:ADC_Filter|DATA_OUT[11]                                    ; 1                 ; 6       ;
;      - ADS8688v2:inst3|FILTERS:\ADCDataFilter:6:ADC_Filter|DATA_OUT[12]                                    ; 1                 ; 6       ;
;      - ADS8688v2:inst3|FILTERS:\ADCDataFilter:6:ADC_Filter|DATA_OUT[13]                                    ; 1                 ; 6       ;
;      - ADS8688v2:inst3|FILTERS:\ADCDataFilter:6:ADC_Filter|DATA_OUT[14]                                    ; 1                 ; 6       ;
;      - ADS8688v2:inst3|FILTERS:\ADCDataFilter:6:ADC_Filter|DATA_OUT[15]                                    ; 1                 ; 6       ;
;      - ADS8688v2:inst3|FILTERS:\ADCDataFilter:7:ADC_Filter|DATA_OUT[0]                                     ; 1                 ; 6       ;
;      - ADS8688v2:inst3|FILTERS:\ADCDataFilter:7:ADC_Filter|DATA_OUT[1]                                     ; 1                 ; 6       ;
;      - ADS8688v2:inst3|FILTERS:\ADCDataFilter:7:ADC_Filter|DATA_OUT[2]                                     ; 1                 ; 6       ;
;      - ADS8688v2:inst3|FILTERS:\ADCDataFilter:7:ADC_Filter|DATA_OUT[3]                                     ; 1                 ; 6       ;
;      - ADS8688v2:inst3|FILTERS:\ADCDataFilter:7:ADC_Filter|DATA_OUT[4]                                     ; 1                 ; 6       ;
;      - ADS8688v2:inst3|FILTERS:\ADCDataFilter:7:ADC_Filter|DATA_OUT[5]                                     ; 1                 ; 6       ;
;      - ADS8688v2:inst3|FILTERS:\ADCDataFilter:7:ADC_Filter|DATA_OUT[6]                                     ; 1                 ; 6       ;
;      - ADS8688v2:inst3|FILTERS:\ADCDataFilter:7:ADC_Filter|DATA_OUT[7]                                     ; 1                 ; 6       ;
;      - ADS8688v2:inst3|FILTERS:\ADCDataFilter:7:ADC_Filter|DATA_OUT[8]                                     ; 1                 ; 6       ;
;      - ADS8688v2:inst3|FILTERS:\ADCDataFilter:7:ADC_Filter|DATA_OUT[9]                                     ; 1                 ; 6       ;
;      - ADS8688v2:inst3|FILTERS:\ADCDataFilter:7:ADC_Filter|DATA_OUT[10]                                    ; 1                 ; 6       ;
;      - ADS8688v2:inst3|FILTERS:\ADCDataFilter:7:ADC_Filter|DATA_OUT[11]                                    ; 1                 ; 6       ;
;      - ADS8688v2:inst3|FILTERS:\ADCDataFilter:7:ADC_Filter|DATA_OUT[12]                                    ; 1                 ; 6       ;
;      - ADS8688v2:inst3|FILTERS:\ADCDataFilter:7:ADC_Filter|DATA_OUT[13]                                    ; 1                 ; 6       ;
;      - ADS8688v2:inst3|FILTERS:\ADCDataFilter:7:ADC_Filter|DATA_OUT[14]                                    ; 1                 ; 6       ;
;      - ADS8688v2:inst3|FILTERS:\ADCDataFilter:7:ADC_Filter|DATA_OUT[15]                                    ; 1                 ; 6       ;
;      - mbp_top_level:inst|mbp:inst2|OP_2_UART_q[5]                                                         ; 1                 ; 6       ;
;      - mbp_top_level:inst|mbp:inst2|ov_delay_q[1]                                                          ; 1                 ; 6       ;
;      - mbp_top_level:inst|mbp:inst2|OP_2_UART_q[6]                                                         ; 1                 ; 6       ;
;      - mbp_top_level:inst|mbp:inst2|OP_2_UART_q[4]                                                         ; 1                 ; 6       ;
;      - mbp_top_level:inst|mbp:inst2|OP_2_UART_q[7]                                                         ; 1                 ; 6       ;
;      - mbp_top_level:inst|mbp:inst2|OP_2_UART_q[2]                                                         ; 1                 ; 6       ;
;      - mbp_top_level:inst|mbp:inst2|OP_2_UART_q[1]                                                         ; 1                 ; 6       ;
;      - mbp_top_level:inst|mbp:inst2|OP_2_UART_q[0]                                                         ; 1                 ; 6       ;
;      - mbp_top_level:inst|mbp:inst2|OP_2_UART_q[3]                                                         ; 1                 ; 6       ;
;      - ADS8688v2:inst3|q.state.data_cs_high_wait                                                           ; 1                 ; 6       ;
;      - ADS8688v2:inst3|q.input_din_reg[13]                                                                 ; 1                 ; 6       ;
;      - DAC8568_CONTROL:inst4|SHIFT_REG:DAC_DATA_IN_REG|SHIFT_INPUT[28]                                     ; 1                 ; 6       ;
;      - ADS8688v2:inst3|FILTERS:\ADCDataFilter:0:ADC_Filter|regne:DATA_BUF|output[0]                        ; 1                 ; 6       ;
;      - ADS8688v2:inst3|FILTERS:\ADCDataFilter:0:ADC_Filter|regne:DATA_BUF|output[1]                        ; 1                 ; 6       ;
;      - ADS8688v2:inst3|FILTERS:\ADCDataFilter:0:ADC_Filter|regne:DATA_BUF|output[2]                        ; 1                 ; 6       ;
;      - ADS8688v2:inst3|FILTERS:\ADCDataFilter:0:ADC_Filter|regne:DATA_BUF|output[3]                        ; 1                 ; 6       ;
;      - ADS8688v2:inst3|FILTERS:\ADCDataFilter:0:ADC_Filter|regne:DATA_BUF|output[4]                        ; 1                 ; 6       ;
;      - ADS8688v2:inst3|FILTERS:\ADCDataFilter:0:ADC_Filter|regne:DATA_BUF|output[5]                        ; 1                 ; 6       ;
;      - ADS8688v2:inst3|FILTERS:\ADCDataFilter:0:ADC_Filter|regne:DATA_BUF|output[6]                        ; 1                 ; 6       ;
;      - ADS8688v2:inst3|FILTERS:\ADCDataFilter:0:ADC_Filter|regne:DATA_BUF|output[7]                        ; 1                 ; 6       ;
;      - ADS8688v2:inst3|FILTERS:\ADCDataFilter:0:ADC_Filter|regne:DATA_BUF|output[8]                        ; 1                 ; 6       ;
;      - ADS8688v2:inst3|FILTERS:\ADCDataFilter:0:ADC_Filter|regne:DATA_BUF|output[9]                        ; 1                 ; 6       ;
;      - ADS8688v2:inst3|FILTERS:\ADCDataFilter:0:ADC_Filter|regne:DATA_BUF|output[10]                       ; 1                 ; 6       ;
;      - ADS8688v2:inst3|FILTERS:\ADCDataFilter:0:ADC_Filter|regne:DATA_BUF|output[11]                       ; 1                 ; 6       ;
;      - ADS8688v2:inst3|FILTERS:\ADCDataFilter:0:ADC_Filter|regne:DATA_BUF|output[12]                       ; 1                 ; 6       ;
;      - ADS8688v2:inst3|FILTERS:\ADCDataFilter:0:ADC_Filter|regne:DATA_BUF|output[13]                       ; 1                 ; 6       ;
;      - ADS8688v2:inst3|FILTERS:\ADCDataFilter:0:ADC_Filter|regne:DATA_BUF|output[14]                       ; 1                 ; 6       ;
;      - ADS8688v2:inst3|FILTERS:\ADCDataFilter:0:ADC_Filter|regne:DATA_BUF|output[15]                       ; 1                 ; 6       ;
;      - ADS8688v2:inst3|FILTERS:\ADCDataFilter:1:ADC_Filter|regne:DATA_BUF|output[0]                        ; 1                 ; 6       ;
;      - ADS8688v2:inst3|FILTERS:\ADCDataFilter:1:ADC_Filter|regne:DATA_BUF|output[1]                        ; 1                 ; 6       ;
;      - ADS8688v2:inst3|FILTERS:\ADCDataFilter:1:ADC_Filter|regne:DATA_BUF|output[2]                        ; 1                 ; 6       ;
;      - ADS8688v2:inst3|FILTERS:\ADCDataFilter:1:ADC_Filter|regne:DATA_BUF|output[3]                        ; 1                 ; 6       ;
;      - ADS8688v2:inst3|FILTERS:\ADCDataFilter:1:ADC_Filter|regne:DATA_BUF|output[4]                        ; 1                 ; 6       ;
;      - ADS8688v2:inst3|FILTERS:\ADCDataFilter:1:ADC_Filter|regne:DATA_BUF|output[5]                        ; 1                 ; 6       ;
;      - ADS8688v2:inst3|FILTERS:\ADCDataFilter:1:ADC_Filter|regne:DATA_BUF|output[6]                        ; 1                 ; 6       ;
;      - ADS8688v2:inst3|FILTERS:\ADCDataFilter:1:ADC_Filter|regne:DATA_BUF|output[7]                        ; 1                 ; 6       ;
;      - ADS8688v2:inst3|FILTERS:\ADCDataFilter:1:ADC_Filter|regne:DATA_BUF|output[8]                        ; 1                 ; 6       ;
;      - ADS8688v2:inst3|FILTERS:\ADCDataFilter:1:ADC_Filter|regne:DATA_BUF|output[9]                        ; 1                 ; 6       ;
;      - ADS8688v2:inst3|FILTERS:\ADCDataFilter:1:ADC_Filter|regne:DATA_BUF|output[10]                       ; 1                 ; 6       ;
;      - ADS8688v2:inst3|FILTERS:\ADCDataFilter:1:ADC_Filter|regne:DATA_BUF|output[11]                       ; 1                 ; 6       ;
;      - ADS8688v2:inst3|FILTERS:\ADCDataFilter:1:ADC_Filter|regne:DATA_BUF|output[12]                       ; 1                 ; 6       ;
;      - ADS8688v2:inst3|FILTERS:\ADCDataFilter:1:ADC_Filter|regne:DATA_BUF|output[13]                       ; 1                 ; 6       ;
;      - ADS8688v2:inst3|FILTERS:\ADCDataFilter:1:ADC_Filter|regne:DATA_BUF|output[14]                       ; 1                 ; 6       ;
;      - ADS8688v2:inst3|FILTERS:\ADCDataFilter:1:ADC_Filter|regne:DATA_BUF|output[15]                       ; 1                 ; 6       ;
;      - ADS8688v2:inst3|FILTERS:\ADCDataFilter:2:ADC_Filter|regne:DATA_BUF|output[0]                        ; 1                 ; 6       ;
;      - ADS8688v2:inst3|FILTERS:\ADCDataFilter:2:ADC_Filter|regne:DATA_BUF|output[1]                        ; 1                 ; 6       ;
;      - ADS8688v2:inst3|FILTERS:\ADCDataFilter:2:ADC_Filter|regne:DATA_BUF|output[2]                        ; 1                 ; 6       ;
;      - ADS8688v2:inst3|FILTERS:\ADCDataFilter:2:ADC_Filter|regne:DATA_BUF|output[3]                        ; 1                 ; 6       ;
;      - ADS8688v2:inst3|FILTERS:\ADCDataFilter:2:ADC_Filter|regne:DATA_BUF|output[4]                        ; 1                 ; 6       ;
;      - ADS8688v2:inst3|FILTERS:\ADCDataFilter:2:ADC_Filter|regne:DATA_BUF|output[5]                        ; 1                 ; 6       ;
;      - ADS8688v2:inst3|FILTERS:\ADCDataFilter:2:ADC_Filter|regne:DATA_BUF|output[6]                        ; 1                 ; 6       ;
;      - ADS8688v2:inst3|FILTERS:\ADCDataFilter:2:ADC_Filter|regne:DATA_BUF|output[7]                        ; 1                 ; 6       ;
;      - ADS8688v2:inst3|FILTERS:\ADCDataFilter:2:ADC_Filter|regne:DATA_BUF|output[8]                        ; 1                 ; 6       ;
;      - ADS8688v2:inst3|FILTERS:\ADCDataFilter:2:ADC_Filter|regne:DATA_BUF|output[9]                        ; 1                 ; 6       ;
;      - ADS8688v2:inst3|FILTERS:\ADCDataFilter:2:ADC_Filter|regne:DATA_BUF|output[10]                       ; 1                 ; 6       ;
;      - ADS8688v2:inst3|FILTERS:\ADCDataFilter:2:ADC_Filter|regne:DATA_BUF|output[11]                       ; 1                 ; 6       ;
;      - ADS8688v2:inst3|FILTERS:\ADCDataFilter:2:ADC_Filter|regne:DATA_BUF|output[12]                       ; 1                 ; 6       ;
;      - ADS8688v2:inst3|FILTERS:\ADCDataFilter:2:ADC_Filter|regne:DATA_BUF|output[13]                       ; 1                 ; 6       ;
;      - ADS8688v2:inst3|FILTERS:\ADCDataFilter:2:ADC_Filter|regne:DATA_BUF|output[14]                       ; 1                 ; 6       ;
;      - ADS8688v2:inst3|FILTERS:\ADCDataFilter:2:ADC_Filter|regne:DATA_BUF|output[15]                       ; 1                 ; 6       ;
;      - ADS8688v2:inst3|FILTERS:\ADCDataFilter:3:ADC_Filter|regne:DATA_BUF|output[0]                        ; 1                 ; 6       ;
;      - ADS8688v2:inst3|FILTERS:\ADCDataFilter:3:ADC_Filter|regne:DATA_BUF|output[1]                        ; 1                 ; 6       ;
;      - ADS8688v2:inst3|FILTERS:\ADCDataFilter:3:ADC_Filter|regne:DATA_BUF|output[2]                        ; 1                 ; 6       ;
;      - ADS8688v2:inst3|FILTERS:\ADCDataFilter:3:ADC_Filter|regne:DATA_BUF|output[3]                        ; 1                 ; 6       ;
;      - ADS8688v2:inst3|FILTERS:\ADCDataFilter:3:ADC_Filter|regne:DATA_BUF|output[4]                        ; 1                 ; 6       ;
;      - ADS8688v2:inst3|FILTERS:\ADCDataFilter:3:ADC_Filter|regne:DATA_BUF|output[5]                        ; 1                 ; 6       ;
;      - ADS8688v2:inst3|FILTERS:\ADCDataFilter:3:ADC_Filter|regne:DATA_BUF|output[6]                        ; 1                 ; 6       ;
;      - ADS8688v2:inst3|FILTERS:\ADCDataFilter:3:ADC_Filter|regne:DATA_BUF|output[7]                        ; 1                 ; 6       ;
;      - ADS8688v2:inst3|FILTERS:\ADCDataFilter:3:ADC_Filter|regne:DATA_BUF|output[8]                        ; 1                 ; 6       ;
;      - ADS8688v2:inst3|FILTERS:\ADCDataFilter:3:ADC_Filter|regne:DATA_BUF|output[9]                        ; 1                 ; 6       ;
;      - ADS8688v2:inst3|FILTERS:\ADCDataFilter:3:ADC_Filter|regne:DATA_BUF|output[10]                       ; 1                 ; 6       ;
;      - ADS8688v2:inst3|FILTERS:\ADCDataFilter:3:ADC_Filter|regne:DATA_BUF|output[11]                       ; 1                 ; 6       ;
;      - ADS8688v2:inst3|FILTERS:\ADCDataFilter:3:ADC_Filter|regne:DATA_BUF|output[12]                       ; 1                 ; 6       ;
;      - ADS8688v2:inst3|FILTERS:\ADCDataFilter:3:ADC_Filter|regne:DATA_BUF|output[13]                       ; 1                 ; 6       ;
;      - ADS8688v2:inst3|FILTERS:\ADCDataFilter:3:ADC_Filter|regne:DATA_BUF|output[14]                       ; 1                 ; 6       ;
;      - ADS8688v2:inst3|FILTERS:\ADCDataFilter:3:ADC_Filter|regne:DATA_BUF|output[15]                       ; 1                 ; 6       ;
;      - ADS8688v2:inst3|FILTERS:\ADCDataFilter:4:ADC_Filter|regne:DATA_BUF|output[0]                        ; 1                 ; 6       ;
;      - ADS8688v2:inst3|FILTERS:\ADCDataFilter:4:ADC_Filter|regne:DATA_BUF|output[1]                        ; 1                 ; 6       ;
;      - ADS8688v2:inst3|FILTERS:\ADCDataFilter:4:ADC_Filter|regne:DATA_BUF|output[2]                        ; 1                 ; 6       ;
;      - ADS8688v2:inst3|FILTERS:\ADCDataFilter:4:ADC_Filter|regne:DATA_BUF|output[3]                        ; 1                 ; 6       ;
;      - ADS8688v2:inst3|FILTERS:\ADCDataFilter:4:ADC_Filter|regne:DATA_BUF|output[4]                        ; 1                 ; 6       ;
;      - ADS8688v2:inst3|FILTERS:\ADCDataFilter:4:ADC_Filter|regne:DATA_BUF|output[5]                        ; 1                 ; 6       ;
;      - ADS8688v2:inst3|FILTERS:\ADCDataFilter:4:ADC_Filter|regne:DATA_BUF|output[6]                        ; 1                 ; 6       ;
;      - ADS8688v2:inst3|FILTERS:\ADCDataFilter:4:ADC_Filter|regne:DATA_BUF|output[7]                        ; 1                 ; 6       ;
;      - ADS8688v2:inst3|FILTERS:\ADCDataFilter:4:ADC_Filter|regne:DATA_BUF|output[8]                        ; 1                 ; 6       ;
;      - ADS8688v2:inst3|FILTERS:\ADCDataFilter:4:ADC_Filter|regne:DATA_BUF|output[9]                        ; 1                 ; 6       ;
;      - ADS8688v2:inst3|FILTERS:\ADCDataFilter:4:ADC_Filter|regne:DATA_BUF|output[10]                       ; 1                 ; 6       ;
;      - ADS8688v2:inst3|FILTERS:\ADCDataFilter:4:ADC_Filter|regne:DATA_BUF|output[11]                       ; 1                 ; 6       ;
;      - ADS8688v2:inst3|FILTERS:\ADCDataFilter:4:ADC_Filter|regne:DATA_BUF|output[12]                       ; 1                 ; 6       ;
;      - ADS8688v2:inst3|FILTERS:\ADCDataFilter:4:ADC_Filter|regne:DATA_BUF|output[13]                       ; 1                 ; 6       ;
;      - ADS8688v2:inst3|FILTERS:\ADCDataFilter:4:ADC_Filter|regne:DATA_BUF|output[14]                       ; 1                 ; 6       ;
;      - ADS8688v2:inst3|FILTERS:\ADCDataFilter:4:ADC_Filter|regne:DATA_BUF|output[15]                       ; 1                 ; 6       ;
;      - ADS8688v2:inst3|FILTERS:\ADCDataFilter:5:ADC_Filter|regne:DATA_BUF|output[0]                        ; 1                 ; 6       ;
;      - ADS8688v2:inst3|FILTERS:\ADCDataFilter:5:ADC_Filter|regne:DATA_BUF|output[1]                        ; 1                 ; 6       ;
;      - ADS8688v2:inst3|FILTERS:\ADCDataFilter:5:ADC_Filter|regne:DATA_BUF|output[2]                        ; 1                 ; 6       ;
;      - ADS8688v2:inst3|FILTERS:\ADCDataFilter:5:ADC_Filter|regne:DATA_BUF|output[3]                        ; 1                 ; 6       ;
;      - ADS8688v2:inst3|FILTERS:\ADCDataFilter:5:ADC_Filter|regne:DATA_BUF|output[4]                        ; 1                 ; 6       ;
;      - ADS8688v2:inst3|FILTERS:\ADCDataFilter:5:ADC_Filter|regne:DATA_BUF|output[5]                        ; 1                 ; 6       ;
;      - ADS8688v2:inst3|FILTERS:\ADCDataFilter:5:ADC_Filter|regne:DATA_BUF|output[6]                        ; 1                 ; 6       ;
;      - ADS8688v2:inst3|FILTERS:\ADCDataFilter:5:ADC_Filter|regne:DATA_BUF|output[7]                        ; 1                 ; 6       ;
;      - ADS8688v2:inst3|FILTERS:\ADCDataFilter:5:ADC_Filter|regne:DATA_BUF|output[8]                        ; 1                 ; 6       ;
;      - ADS8688v2:inst3|FILTERS:\ADCDataFilter:5:ADC_Filter|regne:DATA_BUF|output[9]                        ; 1                 ; 6       ;
;      - ADS8688v2:inst3|FILTERS:\ADCDataFilter:5:ADC_Filter|regne:DATA_BUF|output[10]                       ; 1                 ; 6       ;
;      - ADS8688v2:inst3|FILTERS:\ADCDataFilter:5:ADC_Filter|regne:DATA_BUF|output[11]                       ; 1                 ; 6       ;
;      - ADS8688v2:inst3|FILTERS:\ADCDataFilter:5:ADC_Filter|regne:DATA_BUF|output[12]                       ; 1                 ; 6       ;
;      - ADS8688v2:inst3|FILTERS:\ADCDataFilter:5:ADC_Filter|regne:DATA_BUF|output[13]                       ; 1                 ; 6       ;
;      - ADS8688v2:inst3|FILTERS:\ADCDataFilter:5:ADC_Filter|regne:DATA_BUF|output[14]                       ; 1                 ; 6       ;
;      - ADS8688v2:inst3|FILTERS:\ADCDataFilter:5:ADC_Filter|regne:DATA_BUF|output[15]                       ; 1                 ; 6       ;
;      - ADS8688v2:inst3|FILTERS:\ADCDataFilter:6:ADC_Filter|regne:DATA_BUF|output[0]                        ; 1                 ; 6       ;
;      - ADS8688v2:inst3|FILTERS:\ADCDataFilter:6:ADC_Filter|regne:DATA_BUF|output[1]                        ; 1                 ; 6       ;
;      - ADS8688v2:inst3|FILTERS:\ADCDataFilter:6:ADC_Filter|regne:DATA_BUF|output[2]                        ; 1                 ; 6       ;
;      - ADS8688v2:inst3|FILTERS:\ADCDataFilter:6:ADC_Filter|regne:DATA_BUF|output[3]                        ; 1                 ; 6       ;
;      - ADS8688v2:inst3|FILTERS:\ADCDataFilter:6:ADC_Filter|regne:DATA_BUF|output[4]                        ; 1                 ; 6       ;
;      - ADS8688v2:inst3|FILTERS:\ADCDataFilter:6:ADC_Filter|regne:DATA_BUF|output[5]                        ; 1                 ; 6       ;
;      - ADS8688v2:inst3|FILTERS:\ADCDataFilter:6:ADC_Filter|regne:DATA_BUF|output[6]                        ; 1                 ; 6       ;
;      - ADS8688v2:inst3|FILTERS:\ADCDataFilter:6:ADC_Filter|regne:DATA_BUF|output[7]                        ; 1                 ; 6       ;
;      - ADS8688v2:inst3|FILTERS:\ADCDataFilter:6:ADC_Filter|regne:DATA_BUF|output[8]                        ; 1                 ; 6       ;
;      - ADS8688v2:inst3|FILTERS:\ADCDataFilter:6:ADC_Filter|regne:DATA_BUF|output[9]                        ; 1                 ; 6       ;
;      - ADS8688v2:inst3|FILTERS:\ADCDataFilter:6:ADC_Filter|regne:DATA_BUF|output[10]                       ; 1                 ; 6       ;
;      - ADS8688v2:inst3|FILTERS:\ADCDataFilter:6:ADC_Filter|regne:DATA_BUF|output[11]                       ; 1                 ; 6       ;
;      - ADS8688v2:inst3|FILTERS:\ADCDataFilter:6:ADC_Filter|regne:DATA_BUF|output[12]                       ; 1                 ; 6       ;
;      - ADS8688v2:inst3|FILTERS:\ADCDataFilter:6:ADC_Filter|regne:DATA_BUF|output[13]                       ; 1                 ; 6       ;
;      - ADS8688v2:inst3|FILTERS:\ADCDataFilter:6:ADC_Filter|regne:DATA_BUF|output[14]                       ; 1                 ; 6       ;
;      - ADS8688v2:inst3|FILTERS:\ADCDataFilter:6:ADC_Filter|regne:DATA_BUF|output[15]                       ; 1                 ; 6       ;
;      - ADS8688v2:inst3|FILTERS:\ADCDataFilter:7:ADC_Filter|regne:DATA_BUF|output[0]                        ; 1                 ; 6       ;
;      - ADS8688v2:inst3|FILTERS:\ADCDataFilter:7:ADC_Filter|regne:DATA_BUF|output[1]                        ; 1                 ; 6       ;
;      - ADS8688v2:inst3|FILTERS:\ADCDataFilter:7:ADC_Filter|regne:DATA_BUF|output[2]                        ; 1                 ; 6       ;
;      - ADS8688v2:inst3|FILTERS:\ADCDataFilter:7:ADC_Filter|regne:DATA_BUF|output[3]                        ; 1                 ; 6       ;
;      - ADS8688v2:inst3|FILTERS:\ADCDataFilter:7:ADC_Filter|regne:DATA_BUF|output[4]                        ; 1                 ; 6       ;
;      - ADS8688v2:inst3|FILTERS:\ADCDataFilter:7:ADC_Filter|regne:DATA_BUF|output[5]                        ; 1                 ; 6       ;
;      - ADS8688v2:inst3|FILTERS:\ADCDataFilter:7:ADC_Filter|regne:DATA_BUF|output[6]                        ; 1                 ; 6       ;
;      - ADS8688v2:inst3|FILTERS:\ADCDataFilter:7:ADC_Filter|regne:DATA_BUF|output[7]                        ; 1                 ; 6       ;
;      - ADS8688v2:inst3|FILTERS:\ADCDataFilter:7:ADC_Filter|regne:DATA_BUF|output[8]                        ; 1                 ; 6       ;
;      - ADS8688v2:inst3|FILTERS:\ADCDataFilter:7:ADC_Filter|regne:DATA_BUF|output[9]                        ; 1                 ; 6       ;
;      - ADS8688v2:inst3|FILTERS:\ADCDataFilter:7:ADC_Filter|regne:DATA_BUF|output[10]                       ; 1                 ; 6       ;
;      - ADS8688v2:inst3|FILTERS:\ADCDataFilter:7:ADC_Filter|regne:DATA_BUF|output[11]                       ; 1                 ; 6       ;
;      - ADS8688v2:inst3|FILTERS:\ADCDataFilter:7:ADC_Filter|regne:DATA_BUF|output[12]                       ; 1                 ; 6       ;
;      - ADS8688v2:inst3|FILTERS:\ADCDataFilter:7:ADC_Filter|regne:DATA_BUF|output[13]                       ; 1                 ; 6       ;
;      - ADS8688v2:inst3|FILTERS:\ADCDataFilter:7:ADC_Filter|regne:DATA_BUF|output[14]                       ; 1                 ; 6       ;
;      - ADS8688v2:inst3|FILTERS:\ADCDataFilter:7:ADC_Filter|regne:DATA_BUF|output[15]                       ; 1                 ; 6       ;
;      - mbp_top_level:inst|mbp:inst2|op_hdr_q[6][5]                                                         ; 1                 ; 6       ;
;      - mbp_top_level:inst|mbp:inst2|op_cnt_q[1]                                                            ; 1                 ; 6       ;
;      - mbp_top_level:inst|mbp:inst2|op_hdr_q[5][5]                                                         ; 1                 ; 6       ;
;      - mbp_top_level:inst|mbp:inst2|op_cnt_q[0]                                                            ; 1                 ; 6       ;
;      - mbp_top_level:inst|mbp:inst2|op_hdr_q[4][5]                                                         ; 1                 ; 6       ;
;      - mbp_top_level:inst|mbp:inst2|op_hdr_q[7][5]                                                         ; 1                 ; 6       ;
;      - mbp_top_level:inst|mbp:inst2|op_hdr_q[1][5]                                                         ; 1                 ; 6       ;
;      - mbp_top_level:inst|mbp:inst2|op_hdr_q[2][5]                                                         ; 1                 ; 6       ;
;      - mbp_top_level:inst|mbp:inst2|op_hdr_q[0][5]                                                         ; 1                 ; 6       ;
;      - mbp_top_level:inst|mbp:inst2|op_hdr_q[3][5]                                                         ; 1                 ; 6       ;
;      - mbp_top_level:inst|mbp:inst2|op_cnt_q[3]                                                            ; 1                 ; 6       ;
;      - mbp_top_level:inst|mbp:inst2|state_q.ld_hi                                                          ; 1                 ; 6       ;
;      - mbp_top_level:inst|mbp:inst2|op_hdr_q[10][5]                                                        ; 1                 ; 6       ;
;      - mbp_top_level:inst|mbp:inst2|op_hdr_q[9][5]                                                         ; 1                 ; 6       ;
;      - mbp_top_level:inst|mbp:inst2|op_hdr_q[8][5]                                                         ; 1                 ; 6       ;
;      - mbp_top_level:inst|mbp:inst2|op_hdr_q[11][5]                                                        ; 1                 ; 6       ;
;      - mbp_top_level:inst|mbp:inst2|op_cnt_q[2]                                                            ; 1                 ; 6       ;
;      - mbp_top_level:inst|mbp:inst2|read_bc_q                                                              ; 1                 ; 6       ;
;      - mbp_top_level:inst|mbp:inst2|UART_DIN_RDY_q[0]                                                      ; 1                 ; 6       ;
;      - mbp_top_level:inst|mbp:inst2|op_cnt_q[7]                                                            ; 1                 ; 6       ;
;      - mbp_top_level:inst|mbp:inst2|op_cnt_q[6]                                                            ; 1                 ; 6       ;
;      - mbp_top_level:inst|mbp:inst2|op_cnt_q[5]                                                            ; 1                 ; 6       ;
;      - mbp_top_level:inst|mbp:inst2|op_cnt_q[4]                                                            ; 1                 ; 6       ;
;      - mbp_top_level:inst|mbp:inst2|UART_DIN_RDY_q[1]                                                      ; 1                 ; 6       ;
;      - mbp_top_level:inst|mbp:inst2|op_int_q[3]                                                            ; 1                 ; 6       ;
;      - mbp_top_level:inst|mbp:inst2|op_int_q[0]                                                            ; 1                 ; 6       ;
;      - mbp_top_level:inst|mbp:inst2|op_int_q[2]                                                            ; 1                 ; 6       ;
;      - mbp_top_level:inst|mbp:inst2|state_q.print_hdr                                                      ; 1                 ; 6       ;
;      - mbp_top_level:inst|mbp:inst2|rx_buf_q[7][2]                                                         ; 1                 ; 6       ;
;      - mbp_top_level:inst|mbp:inst2|rx_buf_q[7][7]                                                         ; 1                 ; 6       ;
;      - mbp_top_level:inst|mbp:inst2|rx_buf_q[7][6]                                                         ; 1                 ; 6       ;
;      - mbp_top_level:inst|mbp:inst2|rx_buf_q[7][5]                                                         ; 1                 ; 6       ;
;      - mbp_top_level:inst|mbp:inst2|rx_buf_q[7][3]                                                         ; 1                 ; 6       ;
;      - mbp_top_level:inst|mbp:inst2|rx_buf_q[7][1]                                                         ; 1                 ; 6       ;
;      - mbp_top_level:inst|mbp:inst2|rx_buf_q[7][4]                                                         ; 1                 ; 6       ;
;      - mbp_top_level:inst|mbp:inst2|rx_buf_q[7][0]                                                         ; 1                 ; 6       ;
;      - mbp_top_level:inst|mbp:inst2|ov_delay_q[0]                                                          ; 1                 ; 6       ;
;      - mbp_top_level:inst|mbp:inst2|op_hdr_q[5][6]                                                         ; 1                 ; 6       ;
;      - mbp_top_level:inst|mbp:inst2|op_hdr_q[6][6]                                                         ; 1                 ; 6       ;
;      - mbp_top_level:inst|mbp:inst2|op_hdr_q[4][6]                                                         ; 1                 ; 6       ;
;      - mbp_top_level:inst|mbp:inst2|op_hdr_q[7][6]                                                         ; 1                 ; 6       ;
;      - mbp_top_level:inst|mbp:inst2|op_hdr_q[2][6]                                                         ; 1                 ; 6       ;
;      - mbp_top_level:inst|mbp:inst2|op_hdr_q[1][6]                                                         ; 1                 ; 6       ;
;      - mbp_top_level:inst|mbp:inst2|op_hdr_q[0][6]                                                         ; 1                 ; 6       ;
;      - mbp_top_level:inst|mbp:inst2|op_hdr_q[3][6]                                                         ; 1                 ; 6       ;
;      - mbp_top_level:inst|mbp:inst2|op_hdr_q[9][6]                                                         ; 1                 ; 6       ;
;      - mbp_top_level:inst|mbp:inst2|op_hdr_q[10][6]                                                        ; 1                 ; 6       ;
;      - mbp_top_level:inst|mbp:inst2|op_hdr_q[8][6]                                                         ; 1                 ; 6       ;
;      - mbp_top_level:inst|mbp:inst2|op_hdr_q[11][6]                                                        ; 1                 ; 6       ;
;      - mbp_top_level:inst|mbp:inst2|op_hdr_q[5][4]                                                         ; 1                 ; 6       ;
;      - mbp_top_level:inst|mbp:inst2|op_hdr_q[6][4]                                                         ; 1                 ; 6       ;
;      - mbp_top_level:inst|mbp:inst2|op_hdr_q[4][4]                                                         ; 1                 ; 6       ;
;      - mbp_top_level:inst|mbp:inst2|op_hdr_q[7][4]                                                         ; 1                 ; 6       ;
;      - mbp_top_level:inst|mbp:inst2|op_hdr_q[2][4]                                                         ; 1                 ; 6       ;
;      - mbp_top_level:inst|mbp:inst2|op_hdr_q[1][4]                                                         ; 1                 ; 6       ;
;      - mbp_top_level:inst|mbp:inst2|op_hdr_q[0][4]                                                         ; 1                 ; 6       ;
;      - mbp_top_level:inst|mbp:inst2|op_hdr_q[3][4]                                                         ; 1                 ; 6       ;
;      - mbp_top_level:inst|mbp:inst2|op_hdr_q[9][4]                                                         ; 1                 ; 6       ;
;      - mbp_top_level:inst|mbp:inst2|op_hdr_q[10][4]                                                        ; 1                 ; 6       ;
;      - mbp_top_level:inst|mbp:inst2|op_hdr_q[8][4]                                                         ; 1                 ; 6       ;
;      - mbp_top_level:inst|mbp:inst2|op_hdr_q[11][4]                                                        ; 1                 ; 6       ;
;      - mbp_top_level:inst|mbp:inst2|op_hdr_q[6][7]                                                         ; 1                 ; 6       ;
;      - mbp_top_level:inst|mbp:inst2|op_hdr_q[5][7]                                                         ; 1                 ; 6       ;
;      - mbp_top_level:inst|mbp:inst2|op_hdr_q[4][7]                                                         ; 1                 ; 6       ;
;      - mbp_top_level:inst|mbp:inst2|op_hdr_q[7][7]                                                         ; 1                 ; 6       ;
;      - mbp_top_level:inst|mbp:inst2|op_hdr_q[1][7]                                                         ; 1                 ; 6       ;
;      - mbp_top_level:inst|mbp:inst2|op_hdr_q[2][7]                                                         ; 1                 ; 6       ;
;      - mbp_top_level:inst|mbp:inst2|op_hdr_q[0][7]                                                         ; 1                 ; 6       ;
;      - mbp_top_level:inst|mbp:inst2|op_hdr_q[3][7]                                                         ; 1                 ; 6       ;
;      - mbp_top_level:inst|mbp:inst2|op_hdr_q[10][7]                                                        ; 1                 ; 6       ;
;      - mbp_top_level:inst|mbp:inst2|op_hdr_q[9][7]                                                         ; 1                 ; 6       ;
;      - mbp_top_level:inst|mbp:inst2|op_hdr_q[8][7]                                                         ; 1                 ; 6       ;
;      - mbp_top_level:inst|mbp:inst2|op_hdr_q[11][7]                                                        ; 1                 ; 6       ;
;      - mbp_top_level:inst|mbp:inst2|op_hdr_q[5][2]                                                         ; 1                 ; 6       ;
;      - mbp_top_level:inst|mbp:inst2|op_hdr_q[6][2]                                                         ; 1                 ; 6       ;
;      - mbp_top_level:inst|mbp:inst2|op_hdr_q[4][2]                                                         ; 1                 ; 6       ;
;      - mbp_top_level:inst|mbp:inst2|op_hdr_q[7][2]                                                         ; 1                 ; 6       ;
;      - mbp_top_level:inst|mbp:inst2|op_hdr_q[2][2]                                                         ; 1                 ; 6       ;
;      - mbp_top_level:inst|mbp:inst2|op_hdr_q[1][2]                                                         ; 1                 ; 6       ;
;      - mbp_top_level:inst|mbp:inst2|op_hdr_q[0][2]                                                         ; 1                 ; 6       ;
;      - mbp_top_level:inst|mbp:inst2|op_hdr_q[3][2]                                                         ; 1                 ; 6       ;
;      - mbp_top_level:inst|mbp:inst2|op_hdr_q[9][2]                                                         ; 1                 ; 6       ;
;      - mbp_top_level:inst|mbp:inst2|op_hdr_q[10][2]                                                        ; 1                 ; 6       ;
;      - mbp_top_level:inst|mbp:inst2|op_hdr_q[8][2]                                                         ; 1                 ; 6       ;
;      - mbp_top_level:inst|mbp:inst2|op_hdr_q[11][2]                                                        ; 1                 ; 6       ;
;      - mbp_top_level:inst|mbp:inst2|op_hdr_q[6][1]                                                         ; 1                 ; 6       ;
;      - mbp_top_level:inst|mbp:inst2|op_hdr_q[5][1]                                                         ; 1                 ; 6       ;
;      - mbp_top_level:inst|mbp:inst2|op_hdr_q[4][1]                                                         ; 1                 ; 6       ;
;      - mbp_top_level:inst|mbp:inst2|op_hdr_q[7][1]                                                         ; 1                 ; 6       ;
;      - mbp_top_level:inst|mbp:inst2|op_hdr_q[1][1]                                                         ; 1                 ; 6       ;
;      - mbp_top_level:inst|mbp:inst2|op_hdr_q[2][1]                                                         ; 1                 ; 6       ;
;      - mbp_top_level:inst|mbp:inst2|op_hdr_q[0][1]                                                         ; 1                 ; 6       ;
;      - mbp_top_level:inst|mbp:inst2|op_hdr_q[3][1]                                                         ; 1                 ; 6       ;
;      - mbp_top_level:inst|mbp:inst2|op_hdr_q[10][1]                                                        ; 1                 ; 6       ;
;      - mbp_top_level:inst|mbp:inst2|op_hdr_q[9][1]                                                         ; 1                 ; 6       ;
;      - mbp_top_level:inst|mbp:inst2|op_hdr_q[8][1]                                                         ; 1                 ; 6       ;
;      - mbp_top_level:inst|mbp:inst2|op_hdr_q[11][1]                                                        ; 1                 ; 6       ;
;      - mbp_top_level:inst|mbp:inst2|op_hdr_q[5][0]                                                         ; 1                 ; 6       ;
;      - mbp_top_level:inst|mbp:inst2|op_hdr_q[6][0]                                                         ; 1                 ; 6       ;
;      - mbp_top_level:inst|mbp:inst2|op_hdr_q[4][0]                                                         ; 1                 ; 6       ;
;      - mbp_top_level:inst|mbp:inst2|op_hdr_q[7][0]                                                         ; 1                 ; 6       ;
;      - mbp_top_level:inst|mbp:inst2|op_hdr_q[2][0]                                                         ; 1                 ; 6       ;
;      - mbp_top_level:inst|mbp:inst2|op_hdr_q[1][0]                                                         ; 1                 ; 6       ;
;      - mbp_top_level:inst|mbp:inst2|op_hdr_q[0][0]                                                         ; 1                 ; 6       ;
;      - mbp_top_level:inst|mbp:inst2|op_hdr_q[3][0]                                                         ; 1                 ; 6       ;
;      - mbp_top_level:inst|mbp:inst2|op_hdr_q[9][0]                                                         ; 1                 ; 6       ;
;      - mbp_top_level:inst|mbp:inst2|op_hdr_q[10][0]                                                        ; 1                 ; 6       ;
;      - mbp_top_level:inst|mbp:inst2|op_hdr_q[8][0]                                                         ; 1                 ; 6       ;
;      - mbp_top_level:inst|mbp:inst2|op_hdr_q[11][0]                                                        ; 1                 ; 6       ;
;      - mbp_top_level:inst|mbp:inst2|op_hdr_q[6][3]                                                         ; 1                 ; 6       ;
;      - mbp_top_level:inst|mbp:inst2|op_hdr_q[5][3]                                                         ; 1                 ; 6       ;
;      - mbp_top_level:inst|mbp:inst2|op_hdr_q[4][3]                                                         ; 1                 ; 6       ;
;      - mbp_top_level:inst|mbp:inst2|op_hdr_q[7][3]                                                         ; 1                 ; 6       ;
;      - mbp_top_level:inst|mbp:inst2|op_hdr_q[1][3]                                                         ; 1                 ; 6       ;
;      - mbp_top_level:inst|mbp:inst2|op_hdr_q[2][3]                                                         ; 1                 ; 6       ;
;      - mbp_top_level:inst|mbp:inst2|op_hdr_q[0][3]                                                         ; 1                 ; 6       ;
;      - mbp_top_level:inst|mbp:inst2|op_hdr_q[3][3]                                                         ; 1                 ; 6       ;
;      - mbp_top_level:inst|mbp:inst2|op_hdr_q[10][3]                                                        ; 1                 ; 6       ;
;      - mbp_top_level:inst|mbp:inst2|op_hdr_q[9][3]                                                         ; 1                 ; 6       ;
;      - mbp_top_level:inst|mbp:inst2|op_hdr_q[8][3]                                                         ; 1                 ; 6       ;
;      - mbp_top_level:inst|mbp:inst2|op_hdr_q[11][3]                                                        ; 1                 ; 6       ;
;      - ADS8688v2:inst3|q.input_din_reg[12]                                                                 ; 1                 ; 6       ;
;      - DAC8568_CONTROL:inst4|SHIFT_REG:DAC_DATA_IN_REG|SHIFT_INPUT[27]                                     ; 1                 ; 6       ;
;      - ADS8688v2:inst3|q.ADC_data[0][0]                                                                    ; 1                 ; 6       ;
;      - ADS8688v2:inst3|q.ADC_data[0][1]                                                                    ; 1                 ; 6       ;
;      - ADS8688v2:inst3|q.ADC_data[0][2]                                                                    ; 1                 ; 6       ;
;      - ADS8688v2:inst3|q.ADC_data[0][3]                                                                    ; 1                 ; 6       ;
;      - ADS8688v2:inst3|q.ADC_data[0][4]                                                                    ; 1                 ; 6       ;
;      - ADS8688v2:inst3|q.ADC_data[0][5]                                                                    ; 1                 ; 6       ;
;      - ADS8688v2:inst3|q.ADC_data[0][6]                                                                    ; 1                 ; 6       ;
;      - ADS8688v2:inst3|q.ADC_data[0][7]                                                                    ; 1                 ; 6       ;
;      - ADS8688v2:inst3|q.ADC_data[0][8]                                                                    ; 1                 ; 6       ;
;      - ADS8688v2:inst3|q.ADC_data[0][9]                                                                    ; 1                 ; 6       ;
;      - ADS8688v2:inst3|q.ADC_data[0][10]                                                                   ; 1                 ; 6       ;
;      - ADS8688v2:inst3|q.ADC_data[0][11]                                                                   ; 1                 ; 6       ;
;      - ADS8688v2:inst3|q.ADC_data[0][12]                                                                   ; 1                 ; 6       ;
;      - ADS8688v2:inst3|q.ADC_data[0][13]                                                                   ; 1                 ; 6       ;
;      - ADS8688v2:inst3|q.ADC_data[0][14]                                                                   ; 1                 ; 6       ;
;      - ADS8688v2:inst3|q.ADC_data[0][15]                                                                   ; 1                 ; 6       ;
;      - ADS8688v2:inst3|q.ADC_data[1][0]                                                                    ; 1                 ; 6       ;
;      - ADS8688v2:inst3|q.ADC_data[1][1]                                                                    ; 1                 ; 6       ;
;      - ADS8688v2:inst3|q.ADC_data[1][2]                                                                    ; 1                 ; 6       ;
;      - ADS8688v2:inst3|q.ADC_data[1][3]                                                                    ; 1                 ; 6       ;
;      - ADS8688v2:inst3|q.ADC_data[1][4]                                                                    ; 1                 ; 6       ;
;      - ADS8688v2:inst3|q.ADC_data[1][5]                                                                    ; 1                 ; 6       ;
;      - ADS8688v2:inst3|q.ADC_data[1][6]                                                                    ; 1                 ; 6       ;
;      - ADS8688v2:inst3|q.ADC_data[1][7]                                                                    ; 1                 ; 6       ;
;      - ADS8688v2:inst3|q.ADC_data[1][8]                                                                    ; 1                 ; 6       ;
;      - ADS8688v2:inst3|q.ADC_data[1][9]                                                                    ; 1                 ; 6       ;
;      - ADS8688v2:inst3|q.ADC_data[1][10]                                                                   ; 1                 ; 6       ;
;      - ADS8688v2:inst3|q.ADC_data[1][11]                                                                   ; 1                 ; 6       ;
;      - ADS8688v2:inst3|q.ADC_data[1][12]                                                                   ; 1                 ; 6       ;
;      - ADS8688v2:inst3|q.ADC_data[1][13]                                                                   ; 1                 ; 6       ;
;      - ADS8688v2:inst3|q.ADC_data[1][14]                                                                   ; 1                 ; 6       ;
;      - ADS8688v2:inst3|q.ADC_data[1][15]                                                                   ; 1                 ; 6       ;
;      - ADS8688v2:inst3|q.ADC_data[2][0]                                                                    ; 1                 ; 6       ;
;      - ADS8688v2:inst3|q.ADC_data[2][1]                                                                    ; 1                 ; 6       ;
;      - ADS8688v2:inst3|q.ADC_data[2][2]                                                                    ; 1                 ; 6       ;
;      - ADS8688v2:inst3|q.ADC_data[2][3]                                                                    ; 1                 ; 6       ;
;      - ADS8688v2:inst3|q.ADC_data[2][4]                                                                    ; 1                 ; 6       ;
;      - ADS8688v2:inst3|q.ADC_data[2][5]                                                                    ; 1                 ; 6       ;
;      - ADS8688v2:inst3|q.ADC_data[2][6]                                                                    ; 1                 ; 6       ;
;      - ADS8688v2:inst3|q.ADC_data[2][7]                                                                    ; 1                 ; 6       ;
;      - ADS8688v2:inst3|q.ADC_data[2][8]                                                                    ; 1                 ; 6       ;
;      - ADS8688v2:inst3|q.ADC_data[2][9]                                                                    ; 1                 ; 6       ;
;      - ADS8688v2:inst3|q.ADC_data[2][10]                                                                   ; 1                 ; 6       ;
;      - ADS8688v2:inst3|q.ADC_data[2][11]                                                                   ; 1                 ; 6       ;
;      - ADS8688v2:inst3|q.ADC_data[2][12]                                                                   ; 1                 ; 6       ;
;      - ADS8688v2:inst3|q.ADC_data[2][13]                                                                   ; 1                 ; 6       ;
;      - ADS8688v2:inst3|q.ADC_data[2][14]                                                                   ; 1                 ; 6       ;
;      - ADS8688v2:inst3|q.ADC_data[2][15]                                                                   ; 1                 ; 6       ;
;      - ADS8688v2:inst3|q.ADC_data[3][0]                                                                    ; 1                 ; 6       ;
;      - ADS8688v2:inst3|q.ADC_data[3][1]                                                                    ; 1                 ; 6       ;
;      - ADS8688v2:inst3|q.ADC_data[3][2]                                                                    ; 1                 ; 6       ;
;      - ADS8688v2:inst3|q.ADC_data[3][3]                                                                    ; 1                 ; 6       ;
;      - ADS8688v2:inst3|q.ADC_data[3][4]                                                                    ; 1                 ; 6       ;
;      - ADS8688v2:inst3|q.ADC_data[3][5]                                                                    ; 1                 ; 6       ;
;      - ADS8688v2:inst3|q.ADC_data[3][6]                                                                    ; 1                 ; 6       ;
;      - ADS8688v2:inst3|q.ADC_data[3][7]                                                                    ; 1                 ; 6       ;
;      - ADS8688v2:inst3|q.ADC_data[3][8]                                                                    ; 1                 ; 6       ;
;      - ADS8688v2:inst3|q.ADC_data[3][9]                                                                    ; 1                 ; 6       ;
;      - ADS8688v2:inst3|q.ADC_data[3][10]                                                                   ; 1                 ; 6       ;
;      - ADS8688v2:inst3|q.ADC_data[3][11]                                                                   ; 1                 ; 6       ;
;      - ADS8688v2:inst3|q.ADC_data[3][12]                                                                   ; 1                 ; 6       ;
;      - ADS8688v2:inst3|q.ADC_data[3][13]                                                                   ; 1                 ; 6       ;
;      - ADS8688v2:inst3|q.ADC_data[3][14]                                                                   ; 1                 ; 6       ;
;      - ADS8688v2:inst3|q.ADC_data[3][15]                                                                   ; 1                 ; 6       ;
;      - ADS8688v2:inst3|q.ADC_data[4][0]                                                                    ; 1                 ; 6       ;
;      - ADS8688v2:inst3|q.ADC_data[4][1]                                                                    ; 1                 ; 6       ;
;      - ADS8688v2:inst3|q.ADC_data[4][2]                                                                    ; 1                 ; 6       ;
;      - ADS8688v2:inst3|q.ADC_data[4][3]                                                                    ; 1                 ; 6       ;
;      - ADS8688v2:inst3|q.ADC_data[4][4]                                                                    ; 1                 ; 6       ;
;      - ADS8688v2:inst3|q.ADC_data[4][5]                                                                    ; 1                 ; 6       ;
;      - ADS8688v2:inst3|q.ADC_data[4][6]                                                                    ; 1                 ; 6       ;
;      - ADS8688v2:inst3|q.ADC_data[4][7]                                                                    ; 1                 ; 6       ;
;      - ADS8688v2:inst3|q.ADC_data[4][8]                                                                    ; 1                 ; 6       ;
;      - ADS8688v2:inst3|q.ADC_data[4][9]                                                                    ; 1                 ; 6       ;
;      - ADS8688v2:inst3|q.ADC_data[4][10]                                                                   ; 1                 ; 6       ;
;      - ADS8688v2:inst3|q.ADC_data[4][11]                                                                   ; 1                 ; 6       ;
;      - ADS8688v2:inst3|q.ADC_data[4][12]                                                                   ; 1                 ; 6       ;
;      - ADS8688v2:inst3|q.ADC_data[4][13]                                                                   ; 1                 ; 6       ;
;      - ADS8688v2:inst3|q.ADC_data[4][14]                                                                   ; 1                 ; 6       ;
;      - ADS8688v2:inst3|q.ADC_data[4][15]                                                                   ; 1                 ; 6       ;
;      - ADS8688v2:inst3|q.ADC_data[5][0]                                                                    ; 1                 ; 6       ;
;      - ADS8688v2:inst3|q.ADC_data[5][1]                                                                    ; 1                 ; 6       ;
;      - ADS8688v2:inst3|q.ADC_data[5][2]                                                                    ; 1                 ; 6       ;
;      - ADS8688v2:inst3|q.ADC_data[5][3]                                                                    ; 1                 ; 6       ;
;      - ADS8688v2:inst3|q.ADC_data[5][4]                                                                    ; 1                 ; 6       ;
;      - ADS8688v2:inst3|q.ADC_data[5][5]                                                                    ; 1                 ; 6       ;
;      - ADS8688v2:inst3|q.ADC_data[5][6]                                                                    ; 1                 ; 6       ;
;      - ADS8688v2:inst3|q.ADC_data[5][7]                                                                    ; 1                 ; 6       ;
;      - ADS8688v2:inst3|q.ADC_data[5][8]                                                                    ; 1                 ; 6       ;
;      - ADS8688v2:inst3|q.ADC_data[5][9]                                                                    ; 1                 ; 6       ;
;      - ADS8688v2:inst3|q.ADC_data[5][10]                                                                   ; 1                 ; 6       ;
;      - ADS8688v2:inst3|q.ADC_data[5][11]                                                                   ; 1                 ; 6       ;
;      - ADS8688v2:inst3|q.ADC_data[5][12]                                                                   ; 1                 ; 6       ;
;      - ADS8688v2:inst3|q.ADC_data[5][13]                                                                   ; 1                 ; 6       ;
;      - ADS8688v2:inst3|q.ADC_data[5][14]                                                                   ; 1                 ; 6       ;
;      - ADS8688v2:inst3|q.ADC_data[5][15]                                                                   ; 1                 ; 6       ;
;      - ADS8688v2:inst3|q.ADC_data[6][0]                                                                    ; 1                 ; 6       ;
;      - ADS8688v2:inst3|q.ADC_data[6][1]                                                                    ; 1                 ; 6       ;
;      - ADS8688v2:inst3|q.ADC_data[6][2]                                                                    ; 1                 ; 6       ;
;      - ADS8688v2:inst3|q.ADC_data[6][3]                                                                    ; 1                 ; 6       ;
;      - ADS8688v2:inst3|q.ADC_data[6][4]                                                                    ; 1                 ; 6       ;
;      - ADS8688v2:inst3|q.ADC_data[6][5]                                                                    ; 1                 ; 6       ;
;      - ADS8688v2:inst3|q.ADC_data[6][6]                                                                    ; 1                 ; 6       ;
;      - ADS8688v2:inst3|q.ADC_data[6][7]                                                                    ; 1                 ; 6       ;
;      - ADS8688v2:inst3|q.ADC_data[6][8]                                                                    ; 1                 ; 6       ;
;      - ADS8688v2:inst3|q.ADC_data[6][9]                                                                    ; 1                 ; 6       ;
;      - ADS8688v2:inst3|q.ADC_data[6][10]                                                                   ; 1                 ; 6       ;
;      - ADS8688v2:inst3|q.ADC_data[6][11]                                                                   ; 1                 ; 6       ;
;      - ADS8688v2:inst3|q.ADC_data[6][12]                                                                   ; 1                 ; 6       ;
;      - ADS8688v2:inst3|q.ADC_data[6][13]                                                                   ; 1                 ; 6       ;
;      - ADS8688v2:inst3|q.ADC_data[6][14]                                                                   ; 1                 ; 6       ;
;      - ADS8688v2:inst3|q.ADC_data[6][15]                                                                   ; 1                 ; 6       ;
;      - ADS8688v2:inst3|q.ADC_data[7][0]                                                                    ; 1                 ; 6       ;
;      - ADS8688v2:inst3|q.ADC_data[7][1]                                                                    ; 1                 ; 6       ;
;      - ADS8688v2:inst3|q.ADC_data[7][2]                                                                    ; 1                 ; 6       ;
;      - ADS8688v2:inst3|q.ADC_data[7][3]                                                                    ; 1                 ; 6       ;
;      - ADS8688v2:inst3|q.ADC_data[7][4]                                                                    ; 1                 ; 6       ;
;      - ADS8688v2:inst3|q.ADC_data[7][5]                                                                    ; 1                 ; 6       ;
;      - ADS8688v2:inst3|q.ADC_data[7][6]                                                                    ; 1                 ; 6       ;
;      - ADS8688v2:inst3|q.ADC_data[7][7]                                                                    ; 1                 ; 6       ;
;      - ADS8688v2:inst3|q.ADC_data[7][8]                                                                    ; 1                 ; 6       ;
;      - ADS8688v2:inst3|q.ADC_data[7][9]                                                                    ; 1                 ; 6       ;
;      - ADS8688v2:inst3|q.ADC_data[7][10]                                                                   ; 1                 ; 6       ;
;      - ADS8688v2:inst3|q.ADC_data[7][11]                                                                   ; 1                 ; 6       ;
;      - ADS8688v2:inst3|q.ADC_data[7][12]                                                                   ; 1                 ; 6       ;
;      - ADS8688v2:inst3|q.ADC_data[7][13]                                                                   ; 1                 ; 6       ;
;      - ADS8688v2:inst3|q.ADC_data[7][14]                                                                   ; 1                 ; 6       ;
;      - ADS8688v2:inst3|q.ADC_data[7][15]                                                                   ; 1                 ; 6       ;
;      - mbp_top_level:inst|mbp:inst2|rx_buf_q[6][5]                                                         ; 1                 ; 6       ;
;      - mbp_top_level:inst|mbp:inst2|state_q.ltch_op                                                        ; 1                 ; 6       ;
;      - mbp_top_level:inst|mbp:inst2|exc_q[1]                                                               ; 1                 ; 6       ;
;      - mbp_top_level:inst|mbp:inst2|exc_q[0]                                                               ; 1                 ; 6       ;
;      - mbp_top_level:inst|mbp:inst2|rx_buf_q[1][5]                                                         ; 1                 ; 6       ;
;      - mbp_top_level:inst|mbp:inst2|rx_buf_q[2][5]                                                         ; 1                 ; 6       ;
;      - mbp_top_level:inst|mbp:inst2|rx_buf_q[0][5]                                                         ; 1                 ; 6       ;
;      - mbp_top_level:inst|mbp:inst2|rx_buf_q[3][5]                                                         ; 1                 ; 6       ;
;      - mbp_top_level:inst|mbp:inst2|state_q.write_data_lower                                               ; 1                 ; 6       ;
;      - mbp_top_level:inst|mbp:inst2|state_q.read_data                                                      ; 1                 ; 6       ;
;      - mbp_top_level:inst|mbp:inst2|state_q.ltch_upr_byte                                                  ; 1                 ; 6       ;
;      - mbp_top_level:inst|mbp:inst2|REGS_DOUT_q[5]                                                         ; 1                 ; 6       ;
;      - mbp_top_level:inst|mbp:inst2|REGS_LD_q                                                              ; 1                 ; 6       ;
;      - mbp_regs:inst1|Equal0~95                                                                            ; 1                 ; 6       ;
;      - mbp_top_level:inst|mbp:inst2|start_addr_q[2]                                                        ; 1                 ; 6       ;
;      - mbp_top_level:inst|mbp:inst2|start_addr_q[1]                                                        ; 1                 ; 6       ;
;      - mbp_top_level:inst|mbp:inst2|start_addr_q[0]                                                        ; 1                 ; 6       ;
;      - mbp_top_level:inst|mbp:inst2|state_q.write_data_upper                                               ; 1                 ; 6       ;
;      - mbp_top_level:inst|mbp:inst2|start_addr_q[3]                                                        ; 1                 ; 6       ;
;      - mbp_regs:inst1|Equal0~110                                                                           ; 1                 ; 6       ;
;      - mbp_top_level:inst|mbp:inst2|start_addr_q[5]                                                        ; 1                 ; 6       ;
;      - mbp_top_level:inst|mbp:inst2|start_addr_q[4]                                                        ; 1                 ; 6       ;
;      - mbp_top_level:inst|mbp:inst2|start_addr_q[6]                                                        ; 1                 ; 6       ;
;      - mbp_regs:inst1|Equal0~123                                                                           ; 1                 ; 6       ;
;      - mbp_top_level:inst|mbp:inst2|rx_buf_q[10][5]                                                        ; 1                 ; 6       ;
;      - mbp_top_level:inst|mbp:inst2|rx_buf_q[9][5]                                                         ; 1                 ; 6       ;
;      - mbp_top_level:inst|mbp:inst2|rx_buf_q[8][5]                                                         ; 1                 ; 6       ;
;      - mbp_top_level:inst|mbp:inst2|hdr_bc_q[5]                                                            ; 1                 ; 6       ;
;      - mbp_top_level:inst|mbp:inst2|rx_buf_q[11][5]                                                        ; 1                 ; 6       ;
;      - mbp_top_level:inst|mbp:inst2|start_addr_q[7]                                                        ; 1                 ; 6       ;
;      - mbp_top_level:inst|mbp:inst2|REGS_DOUT_q[13]                                                        ; 1                 ; 6       ;
;      - mbp_top_level:inst|mbp:inst2|state_q.ld_low                                                         ; 1                 ; 6       ;
;      - mbp_top_level:inst|mbp:inst2|numregs_q[15]                                                          ; 1                 ; 6       ;
;      - mbp_top_level:inst|mbp:inst2|numregs_q[14]                                                          ; 1                 ; 6       ;
;      - mbp_top_level:inst|mbp:inst2|numregs_q[13]                                                          ; 1                 ; 6       ;
;      - mbp_top_level:inst|mbp:inst2|numregs_q[12]                                                          ; 1                 ; 6       ;
;      - mbp_top_level:inst|mbp:inst2|numregs_q[11]                                                          ; 1                 ; 6       ;
;      - mbp_top_level:inst|mbp:inst2|numregs_q[10]                                                          ; 1                 ; 6       ;
;      - mbp_top_level:inst|mbp:inst2|numregs_q[9]                                                           ; 1                 ; 6       ;
;      - mbp_top_level:inst|mbp:inst2|numregs_q[8]                                                           ; 1                 ; 6       ;
;      - mbp_top_level:inst|mbp:inst2|numregs_q[7]                                                           ; 1                 ; 6       ;
;      - mbp_top_level:inst|mbp:inst2|numregs_q[6]                                                           ; 1                 ; 6       ;
;      - mbp_top_level:inst|mbp:inst2|numregs_q[5]                                                           ; 1                 ; 6       ;
;      - mbp_top_level:inst|mbp:inst2|numregs_q[4]                                                           ; 1                 ; 6       ;
;      - mbp_top_level:inst|mbp:inst2|numregs_q[3]                                                           ; 1                 ; 6       ;
;      - mbp_top_level:inst|mbp:inst2|numregs_q[2]                                                           ; 1                 ; 6       ;
;      - mbp_top_level:inst|mbp:inst2|numregs_q[1]                                                           ; 1                 ; 6       ;
;      - mbp_top_level:inst|mbp:inst2|numregs_q[0]                                                           ; 1                 ; 6       ;
;      - mbp_top_level:inst|mbp:inst2|state_q.get_data                                                       ; 1                 ; 6       ;
;      - mbp_top_level:inst|mbp:inst2|OP_VLD_2_UART_q                                                        ; 1                 ; 6       ;
;      - mbp_top_level:inst|mbp:inst2|rx_buf_q[6][6]                                                         ; 1                 ; 6       ;
;      - mbp_top_level:inst|mbp:inst2|rx_buf_q[2][6]                                                         ; 1                 ; 6       ;
;      - mbp_top_level:inst|mbp:inst2|rx_buf_q[1][6]                                                         ; 1                 ; 6       ;
;      - mbp_top_level:inst|mbp:inst2|rx_buf_q[0][6]                                                         ; 1                 ; 6       ;
;      - mbp_top_level:inst|mbp:inst2|rx_buf_q[3][6]                                                         ; 1                 ; 6       ;
;      - mbp_top_level:inst|mbp:inst2|REGS_DOUT_q[6]                                                         ; 1                 ; 6       ;
;      - mbp_top_level:inst|mbp:inst2|rx_buf_q[9][6]                                                         ; 1                 ; 6       ;
;      - mbp_top_level:inst|mbp:inst2|rx_buf_q[10][6]                                                        ; 1                 ; 6       ;
;      - mbp_top_level:inst|mbp:inst2|rx_buf_q[8][6]                                                         ; 1                 ; 6       ;
;      - mbp_top_level:inst|mbp:inst2|hdr_bc_q[6]                                                            ; 1                 ; 6       ;
;      - mbp_top_level:inst|mbp:inst2|rx_buf_q[11][6]                                                        ; 1                 ; 6       ;
;      - mbp_top_level:inst|mbp:inst2|REGS_DOUT_q[14]                                                        ; 1                 ; 6       ;
;      - mbp_top_level:inst|mbp:inst2|rx_buf_q[6][4]                                                         ; 1                 ; 6       ;
;      - mbp_top_level:inst|mbp:inst2|rx_buf_q[2][4]                                                         ; 1                 ; 6       ;
;      - mbp_top_level:inst|mbp:inst2|rx_buf_q[1][4]                                                         ; 1                 ; 6       ;
;      - mbp_top_level:inst|mbp:inst2|rx_buf_q[0][4]                                                         ; 1                 ; 6       ;
;      - mbp_top_level:inst|mbp:inst2|rx_buf_q[3][4]                                                         ; 1                 ; 6       ;
;      - mbp_top_level:inst|mbp:inst2|REGS_DOUT_q[4]                                                         ; 1                 ; 6       ;
;      - mbp_top_level:inst|mbp:inst2|rx_buf_q[9][4]                                                         ; 1                 ; 6       ;
;      - mbp_top_level:inst|mbp:inst2|rx_buf_q[10][4]                                                        ; 1                 ; 6       ;
;      - mbp_top_level:inst|mbp:inst2|rx_buf_q[8][4]                                                         ; 1                 ; 6       ;
;      - mbp_top_level:inst|mbp:inst2|hdr_bc_q[4]                                                            ; 1                 ; 6       ;
;      - mbp_top_level:inst|mbp:inst2|rx_buf_q[11][4]                                                        ; 1                 ; 6       ;
;      - mbp_top_level:inst|mbp:inst2|REGS_DOUT_q[12]                                                        ; 1                 ; 6       ;
;      - mbp_top_level:inst|mbp:inst2|rx_buf_q[6][7]                                                         ; 1                 ; 6       ;
;      - mbp_top_level:inst|mbp:inst2|rx_buf_q[1][7]                                                         ; 1                 ; 6       ;
;      - mbp_top_level:inst|mbp:inst2|rx_buf_q[2][7]                                                         ; 1                 ; 6       ;
;      - mbp_top_level:inst|mbp:inst2|rx_buf_q[0][7]                                                         ; 1                 ; 6       ;
;      - mbp_top_level:inst|mbp:inst2|rx_buf_q[3][7]                                                         ; 1                 ; 6       ;
;      - mbp_top_level:inst|mbp:inst2|REGS_DOUT_q[7]                                                         ; 1                 ; 6       ;
;      - mbp_top_level:inst|mbp:inst2|rx_buf_q[10][7]                                                        ; 1                 ; 6       ;
;      - mbp_top_level:inst|mbp:inst2|rx_buf_q[9][7]                                                         ; 1                 ; 6       ;
;      - mbp_top_level:inst|mbp:inst2|rx_buf_q[8][7]                                                         ; 1                 ; 6       ;
;      - mbp_top_level:inst|mbp:inst2|hdr_bc_q[7]                                                            ; 1                 ; 6       ;
;      - mbp_top_level:inst|mbp:inst2|rx_buf_q[11][7]                                                        ; 1                 ; 6       ;
;      - mbp_top_level:inst|mbp:inst2|REGS_DOUT_q[15]                                                        ; 1                 ; 6       ;
;      - mbp_top_level:inst|mbp:inst2|rx_buf_q[6][2]                                                         ; 1                 ; 6       ;
;      - mbp_top_level:inst|mbp:inst2|rx_buf_q[2][2]                                                         ; 1                 ; 6       ;
;      - mbp_top_level:inst|mbp:inst2|rx_buf_q[1][2]                                                         ; 1                 ; 6       ;
;      - mbp_top_level:inst|mbp:inst2|rx_buf_q[0][2]                                                         ; 1                 ; 6       ;
;      - mbp_top_level:inst|mbp:inst2|rx_buf_q[3][2]                                                         ; 1                 ; 6       ;
;      - mbp_top_level:inst|mbp:inst2|REGS_DOUT_q[2]                                                         ; 1                 ; 6       ;
;      - mbp_top_level:inst|mbp:inst2|rx_buf_q[9][2]                                                         ; 1                 ; 6       ;
;      - mbp_top_level:inst|mbp:inst2|rx_buf_q[10][2]                                                        ; 1                 ; 6       ;
;      - mbp_top_level:inst|mbp:inst2|rx_buf_q[8][2]                                                         ; 1                 ; 6       ;
;      - mbp_top_level:inst|mbp:inst2|hdr_bc_q[2]                                                            ; 1                 ; 6       ;
;      - mbp_top_level:inst|mbp:inst2|rx_buf_q[11][2]                                                        ; 1                 ; 6       ;
;      - mbp_top_level:inst|mbp:inst2|REGS_DOUT_q[10]                                                        ; 1                 ; 6       ;
;      - mbp_top_level:inst|mbp:inst2|rx_buf_q[6][1]                                                         ; 1                 ; 6       ;
;      - mbp_top_level:inst|mbp:inst2|hdr_lngth_q[1]                                                         ; 1                 ; 6       ;
;      - mbp_top_level:inst|mbp:inst2|rx_buf_q[1][1]                                                         ; 1                 ; 6       ;
;      - mbp_top_level:inst|mbp:inst2|rx_buf_q[2][1]                                                         ; 1                 ; 6       ;
;      - mbp_top_level:inst|mbp:inst2|rx_buf_q[0][1]                                                         ; 1                 ; 6       ;
;      - mbp_top_level:inst|mbp:inst2|rx_buf_q[3][1]                                                         ; 1                 ; 6       ;
;      - mbp_top_level:inst|mbp:inst2|REGS_DOUT_q[1]                                                         ; 1                 ; 6       ;
;      - mbp_top_level:inst|mbp:inst2|rx_buf_q[10][1]                                                        ; 1                 ; 6       ;
;      - mbp_top_level:inst|mbp:inst2|rx_buf_q[9][1]                                                         ; 1                 ; 6       ;
;      - mbp_top_level:inst|mbp:inst2|hdr_bc_q[1]                                                            ; 1                 ; 6       ;
;      - mbp_top_level:inst|mbp:inst2|rx_buf_q[8][1]                                                         ; 1                 ; 6       ;
;      - mbp_top_level:inst|mbp:inst2|rx_buf_q[11][1]                                                        ; 1                 ; 6       ;
;      - mbp_top_level:inst|mbp:inst2|REGS_DOUT_q[9]                                                         ; 1                 ; 6       ;
;      - mbp_top_level:inst|mbp:inst2|hdr_lngth_q[0]                                                         ; 1                 ; 6       ;
;      - mbp_top_level:inst|mbp:inst2|rx_buf_q[6][0]                                                         ; 1                 ; 6       ;
;      - mbp_top_level:inst|mbp:inst2|rx_buf_q[2][0]                                                         ; 1                 ; 6       ;
;      - mbp_top_level:inst|mbp:inst2|rx_buf_q[1][0]                                                         ; 1                 ; 6       ;
;      - mbp_top_level:inst|mbp:inst2|rx_buf_q[0][0]                                                         ; 1                 ; 6       ;
;      - mbp_top_level:inst|mbp:inst2|rx_buf_q[3][0]                                                         ; 1                 ; 6       ;
;      - mbp_top_level:inst|mbp:inst2|REGS_DOUT_q[0]                                                         ; 1                 ; 6       ;
;      - mbp_top_level:inst|mbp:inst2|rx_buf_q[9][0]                                                         ; 1                 ; 6       ;
;      - mbp_top_level:inst|mbp:inst2|rx_buf_q[10][0]                                                        ; 1                 ; 6       ;
;      - mbp_top_level:inst|mbp:inst2|rx_buf_q[8][0]                                                         ; 1                 ; 6       ;
;      - mbp_top_level:inst|mbp:inst2|rx_buf_q[11][0]                                                        ; 1                 ; 6       ;
;      - mbp_top_level:inst|mbp:inst2|REGS_DOUT_q[8]                                                         ; 1                 ; 6       ;
;      - mbp_top_level:inst|mbp:inst2|rx_buf_q[6][3]                                                         ; 1                 ; 6       ;
;      - mbp_top_level:inst|mbp:inst2|rx_buf_q[1][3]                                                         ; 1                 ; 6       ;
;      - mbp_top_level:inst|mbp:inst2|rx_buf_q[2][3]                                                         ; 1                 ; 6       ;
;      - mbp_top_level:inst|mbp:inst2|rx_buf_q[0][3]                                                         ; 1                 ; 6       ;
;      - mbp_top_level:inst|mbp:inst2|rx_buf_q[3][3]                                                         ; 1                 ; 6       ;
;      - mbp_top_level:inst|mbp:inst2|REGS_DOUT_q[3]                                                         ; 1                 ; 6       ;
;      - mbp_top_level:inst|mbp:inst2|rx_buf_q[10][3]                                                        ; 1                 ; 6       ;
;      - mbp_top_level:inst|mbp:inst2|rx_buf_q[9][3]                                                         ; 1                 ; 6       ;
;      - mbp_top_level:inst|mbp:inst2|rx_buf_q[8][3]                                                         ; 1                 ; 6       ;
;      - mbp_top_level:inst|mbp:inst2|hdr_bc_q[3]                                                            ; 1                 ; 6       ;
;      - mbp_top_level:inst|mbp:inst2|rx_buf_q[11][3]                                                        ; 1                 ; 6       ;
;      - mbp_top_level:inst|mbp:inst2|REGS_DOUT_q[11]                                                        ; 1                 ; 6       ;
;      - DAC8568_CONTROL:inst4|SHIFT_REG:DAC_DATA_IN_REG|SHIFT_INPUT[26]                                     ; 1                 ; 6       ;
;      - DAC8568_CONTROL:inst4|FLIP_FLOP:DAC_DATA_LATCH|OUP                                                  ; 1                 ; 6       ;
;      - ADS8688v2:inst3|q.SPI_data[0]                                                                       ; 1                 ; 6       ;
;      - ADS8688v2:inst3|q.ActiveChannel[0]                                                                  ; 1                 ; 6       ;
;      - ADS8688v2:inst3|q.ActiveChannel[1]                                                                  ; 1                 ; 6       ;
;      - ADS8688v2:inst3|q.ActiveChannel[2]                                                                  ; 1                 ; 6       ;
;      - ADS8688v2:inst3|q.SPI_data[1]                                                                       ; 1                 ; 6       ;
;      - ADS8688v2:inst3|q.SPI_data[2]                                                                       ; 1                 ; 6       ;
;      - ADS8688v2:inst3|q.SPI_data[3]                                                                       ; 1                 ; 6       ;
;      - ADS8688v2:inst3|q.SPI_data[4]                                                                       ; 1                 ; 6       ;
;      - ADS8688v2:inst3|q.SPI_data[5]                                                                       ; 1                 ; 6       ;
;      - ADS8688v2:inst3|q.SPI_data[6]                                                                       ; 1                 ; 6       ;
;      - ADS8688v2:inst3|q.SPI_data[7]                                                                       ; 1                 ; 6       ;
;      - ADS8688v2:inst3|q.SPI_data[8]                                                                       ; 1                 ; 6       ;
;      - ADS8688v2:inst3|q.SPI_data[9]                                                                       ; 1                 ; 6       ;
;      - ADS8688v2:inst3|q.SPI_data[10]                                                                      ; 1                 ; 6       ;
;      - ADS8688v2:inst3|q.SPI_data[11]                                                                      ; 1                 ; 6       ;
;      - ADS8688v2:inst3|q.SPI_data[12]                                                                      ; 1                 ; 6       ;
;      - ADS8688v2:inst3|q.SPI_data[13]                                                                      ; 1                 ; 6       ;
;      - ADS8688v2:inst3|q.SPI_data[14]                                                                      ; 1                 ; 6       ;
;      - ADS8688v2:inst3|q.SPI_data[15]                                                                      ; 1                 ; 6       ;
;      - mbp_top_level:inst|mbp:inst2|state_q.calc_exc                                                       ; 1                 ; 6       ;
;      - mbp_top_level:inst|mbp:inst2|start_addr_q[15]                                                       ; 1                 ; 6       ;
;      - mbp_top_level:inst|mbp:inst2|start_addr_q[14]                                                       ; 1                 ; 6       ;
;      - mbp_top_level:inst|mbp:inst2|start_addr_q[13]                                                       ; 1                 ; 6       ;
;      - mbp_top_level:inst|mbp:inst2|start_addr_q[12]                                                       ; 1                 ; 6       ;
;      - mbp_top_level:inst|mbp:inst2|start_addr_q[11]                                                       ; 1                 ; 6       ;
;      - mbp_top_level:inst|mbp:inst2|start_addr_q[10]                                                       ; 1                 ; 6       ;
;      - mbp_top_level:inst|mbp:inst2|start_addr_q[9]                                                        ; 1                 ; 6       ;
;      - mbp_top_level:inst|mbp:inst2|start_addr_q[8]                                                        ; 1                 ; 6       ;
;      - mbp_top_level:inst|mbp:inst2|hrtregs_us_q[6]                                                        ; 1                 ; 6       ;
;      - mbp_top_level:inst|mbp:inst2|frame_length_q[13]                                                     ; 1                 ; 6       ;
;      - mbp_top_level:inst|mbp:inst2|frame_length_q[12]                                                     ; 1                 ; 6       ;
;      - mbp_top_level:inst|mbp:inst2|frame_length_q[11]                                                     ; 1                 ; 6       ;
;      - mbp_top_level:inst|mbp:inst2|frame_length_q[10]                                                     ; 1                 ; 6       ;
;      - mbp_top_level:inst|mbp:inst2|frame_length_q[9]                                                      ; 1                 ; 6       ;
;      - mbp_top_level:inst|mbp:inst2|frame_length_q[8]                                                      ; 1                 ; 6       ;
;      - mbp_top_level:inst|mbp:inst2|frame_length_q[7]                                                      ; 1                 ; 6       ;
;      - mbp_top_level:inst|mbp:inst2|frame_length_q[6]                                                      ; 1                 ; 6       ;
;      - mbp_top_level:inst|mbp:inst2|frame_length_q[5]                                                      ; 1                 ; 6       ;
;      - mbp_top_level:inst|mbp:inst2|frame_length_q[4]                                                      ; 1                 ; 6       ;
;      - mbp_top_level:inst|mbp:inst2|frame_length_q[3]                                                      ; 1                 ; 6       ;
;      - mbp_top_level:inst|mbp:inst2|frame_length_q[2]                                                      ; 1                 ; 6       ;
;      - mbp_top_level:inst|mbp:inst2|frame_length_q[1]                                                      ; 1                 ; 6       ;
;      - mbp_top_level:inst|mbp:inst2|frame_length_q[14]                                                     ; 1                 ; 6       ;
;      - mbp_top_level:inst|mbp:inst2|frame_length_q[15]                                                     ; 1                 ; 6       ;
;      - mbp_top_level:inst|mbp:inst2|rx_buf_q[12][7]                                                        ; 1                 ; 6       ;
;      - mbp_top_level:inst|mbp:inst2|rx_buf_q[12][6]                                                        ; 1                 ; 6       ;
;      - mbp_top_level:inst|mbp:inst2|rx_buf_q[12][5]                                                        ; 1                 ; 6       ;
;      - mbp_top_level:inst|mbp:inst2|rx_buf_q[12][4]                                                        ; 1                 ; 6       ;
;      - mbp_top_level:inst|mbp:inst2|rx_buf_q[12][3]                                                        ; 1                 ; 6       ;
;      - mbp_top_level:inst|mbp:inst2|rx_buf_q[12][2]                                                        ; 1                 ; 6       ;
;      - mbp_top_level:inst|mbp:inst2|rx_buf_q[12][0]                                                        ; 1                 ; 6       ;
;      - mbp_top_level:inst|mbp:inst2|rx_buf_q[12][1]                                                        ; 1                 ; 6       ;
;      - mbp_top_level:inst|mbp:inst2|frame_length_q[0]                                                      ; 1                 ; 6       ;
;      - mbp_top_level:inst|mbp:inst2|state_q.ram_wait2                                                      ; 1                 ; 6       ;
;      - mbp_top_level:inst|mbp:inst2|state_q.ltch_data                                                      ; 1                 ; 6       ;
;      - mbp_top_level:inst|mbp:inst2|state_q.ram_wait1                                                      ; 1                 ; 6       ;
;      - mbp_top_level:inst|mbp:inst2|state_q.cnt_st                                                         ; 1                 ; 6       ;
;      - mbp_top_level:inst|mbp:inst2|state_q.idle                                                           ; 1                 ; 6       ;
;      - mbp_top_level:inst|mbp:inst2|wdMAX_q[16]                                                            ; 1                 ; 6       ;
;      - mbp_top_level:inst|mbp:inst2|wdMAX_q[12]                                                            ; 1                 ; 6       ;
;      - mbp_top_level:inst|mbp:inst2|wdMAX_q[15]                                                            ; 1                 ; 6       ;
;      - mbp_top_level:inst|mbp:inst2|wdMAX_q[0]                                                             ; 1                 ; 6       ;
;      - mbp_top_level:inst|mbp:inst2|wdMAX_q[11]                                                            ; 1                 ; 6       ;
;      - mbp_top_level:inst|mbp:inst2|wdMAX_q[10]                                                            ; 1                 ; 6       ;
;      - DAC8568_CONTROL:inst4|SHIFT_REG:DAC_DATA_IN_REG|SHIFT_INPUT[25]                                     ; 1                 ; 6       ;
;      - ADS8688v2:inst3|q.sdo                                                                               ; 1                 ; 6       ;
;      - mbp_top_level:inst|mbp:inst2|rx_buf_q[4][5]                                                         ; 1                 ; 6       ;
;      - mbp_top_level:inst|mbp:inst2|rx_buf_q[4][4]                                                         ; 1                 ; 6       ;
;      - mbp_top_level:inst|mbp:inst2|rx_buf_q[4][3]                                                         ; 1                 ; 6       ;
;      - mbp_top_level:inst|mbp:inst2|rx_buf_q[4][2]                                                         ; 1                 ; 6       ;
;      - mbp_top_level:inst|mbp:inst2|rx_buf_q[4][1]                                                         ; 1                 ; 6       ;
;      - mbp_top_level:inst|mbp:inst2|rx_buf_q[4][0]                                                         ; 1                 ; 6       ;
;      - mbp_top_level:inst|mbp:inst2|rx_buf_q[5][7]                                                         ; 1                 ; 6       ;
;      - mbp_top_level:inst|mbp:inst2|rx_buf_q[5][6]                                                         ; 1                 ; 6       ;
;      - mbp_top_level:inst|mbp:inst2|rx_buf_q[5][5]                                                         ; 1                 ; 6       ;
;      - mbp_top_level:inst|mbp:inst2|rx_buf_q[5][4]                                                         ; 1                 ; 6       ;
;      - mbp_top_level:inst|mbp:inst2|rx_buf_q[5][3]                                                         ; 1                 ; 6       ;
;      - mbp_top_level:inst|mbp:inst2|rx_buf_q[5][2]                                                         ; 1                 ; 6       ;
;      - mbp_top_level:inst|mbp:inst2|rx_buf_q[5][1]                                                         ; 1                 ; 6       ;
;      - mbp_top_level:inst|mbp:inst2|rx_buf_q[4][6]                                                         ; 1                 ; 6       ;
;      - mbp_top_level:inst|mbp:inst2|rx_buf_q[4][7]                                                         ; 1                 ; 6       ;
;      - mbp_top_level:inst|mbp:inst2|rx_buf_q[5][0]                                                         ; 1                 ; 6       ;
;      - mbp_top_level:inst|mbp:inst2|state_q.ltch_ram_addr                                                  ; 1                 ; 6       ;
;      - DAC8568_CONTROL:inst4|SHIFT_REG:DAC_DATA_IN_REG|SHIFT_INPUT[24]                                     ; 1                 ; 6       ;
;      - mbp_top_level:inst|mbp:inst2|ram_we_q                                                               ; 1                 ; 6       ;
;      - mbp_top_level:inst|mbp:inst2|ram_in_q[5]                                                            ; 1                 ; 6       ;
;      - mbp_top_level:inst|mbp:inst2|ram_addr_q[0]                                                          ; 1                 ; 6       ;
;      - mbp_top_level:inst|mbp:inst2|ram_in_q[6]                                                            ; 1                 ; 6       ;
;      - mbp_top_level:inst|mbp:inst2|ram_in_q[4]                                                            ; 1                 ; 6       ;
;      - mbp_top_level:inst|mbp:inst2|ram_in_q[7]                                                            ; 1                 ; 6       ;
;      - mbp_top_level:inst|mbp:inst2|ram_in_q[2]                                                            ; 1                 ; 6       ;
;      - mbp_top_level:inst|mbp:inst2|ram_in_q[1]                                                            ; 1                 ; 6       ;
;      - mbp_top_level:inst|mbp:inst2|ram_in_q[0]                                                            ; 1                 ; 6       ;
;      - mbp_top_level:inst|mbp:inst2|ram_in_q[3]                                                            ; 1                 ; 6       ;
;      - DAC8568_CONTROL:inst4|SHIFT_REG:DAC_DATA_IN_REG|SHIFT_INPUT[23]                                     ; 1                 ; 6       ;
;      - ADS8688v2:inst3|q.input_din_reg[7]                                                                  ; 1                 ; 6       ;
;      - DAC8568_CONTROL:inst4|SHIFT_REG:DAC_DATA_IN_REG|SHIFT_INPUT[22]                                     ; 1                 ; 6       ;
;      - ADS8688v2:inst3|q.input_din_reg[6]                                                                  ; 1                 ; 6       ;
;      - DAC8568_CONTROL:inst4|SHIFT_REG:DAC_DATA_IN_REG|SHIFT_INPUT[21]                                     ; 1                 ; 6       ;
;      - ADS8688v2:inst3|q.input_din_reg[5]                                                                  ; 1                 ; 6       ;
;      - DAC8568_CONTROL:inst4|SHIFT_REG:DAC_DATA_IN_REG|SHIFT_INPUT[20]                                     ; 1                 ; 6       ;
;      - ADS8688v2:inst3|q.input_din_reg[4]                                                                  ; 1                 ; 6       ;
;      - DAC8568_CONTROL:inst4|SHIFT_REG:DAC_DATA_IN_REG|SHIFT_INPUT[19]                                     ; 1                 ; 6       ;
;      - ADS8688v2:inst3|q.input_din_reg[3]                                                                  ; 1                 ; 6       ;
;      - DAC8568_CONTROL:inst4|SHIFT_REG:DAC_DATA_IN_REG|SHIFT_INPUT[18]                                     ; 1                 ; 6       ;
;      - ADS8688v2:inst3|q.input_din_reg[2]                                                                  ; 1                 ; 6       ;
;      - DAC8568_CONTROL:inst4|SHIFT_REG:DAC_DATA_IN_REG|SHIFT_INPUT[17]                                     ; 1                 ; 6       ;
;      - ADS8688v2:inst3|q.input_din_reg[1]                                                                  ; 1                 ; 6       ;
;      - DAC8568_CONTROL:inst4|SHIFT_REG:DAC_DATA_IN_REG|SHIFT_INPUT[16]                                     ; 1                 ; 6       ;
;      - DAC8568_CONTROL:inst4|SHIFT_REG:DAC_DATA_IN_REG|SHIFT_INPUT[15]                                     ; 1                 ; 6       ;
;      - DAC8568_CONTROL:inst4|SHIFT_REG:DAC_DATA_IN_REG|SHIFT_INPUT[14]                                     ; 1                 ; 6       ;
;      - DAC8568_CONTROL:inst4|SHIFT_REG:DAC_DATA_IN_REG|SHIFT_INPUT[13]                                     ; 1                 ; 6       ;
;      - DAC8568_CONTROL:inst4|SHIFT_REG:DAC_DATA_IN_REG|SHIFT_INPUT[12]                                     ; 1                 ; 6       ;
;      - DAC8568_CONTROL:inst4|SHIFT_REG:DAC_DATA_IN_REG|SHIFT_INPUT[11]                                     ; 1                 ; 6       ;
;      - DAC8568_CONTROL:inst4|SHIFT_REG:DAC_DATA_IN_REG|SHIFT_INPUT[10]                                     ; 1                 ; 6       ;
;      - DAC8568_CONTROL:inst4|SHIFT_REG:DAC_DATA_IN_REG|SHIFT_INPUT[9]                                      ; 1                 ; 6       ;
;      - DAC8568_CONTROL:inst4|SHIFT_REG:DAC_DATA_IN_REG|SHIFT_INPUT[8]                                      ; 1                 ; 6       ;
;      - DAC8568_CONTROL:inst4|SHIFT_REG:DAC_DATA_IN_REG|SHIFT_INPUT[7]                                      ; 1                 ; 6       ;
;      - DAC8568_CONTROL:inst4|SHIFT_REG:DAC_DATA_IN_REG|SHIFT_INPUT[6]                                      ; 1                 ; 6       ;
;      - DAC8568_CONTROL:inst4|SHIFT_REG:DAC_DATA_IN_REG|SHIFT_INPUT[5]                                      ; 1                 ; 6       ;
;      - DAC8568_CONTROL:inst4|SHIFT_REG:DAC_DATA_IN_REG|SHIFT_INPUT[4]                                      ; 1                 ; 6       ;
;      - mbp_top_level:inst|mbp:inst2|altsyncram:ram_block_rtl_0|altsyncram_4n71:auto_generated|ram_block1a0 ; 1                 ; 6       ;
; XPORT_RX                                                                                                   ;                   ;         ;
;      - mbp_top_level:inst|slim_txrx:inst1|r_RX_Data_R~0                                                    ; 1                 ; 6       ;
; HTRV_ADC_SDO                                                                                               ;                   ;         ;
;      - ADS8688v2:inst3|q.sdo                                                                               ; 0                 ; 6       ;
+------------------------------------------------------------------------------------------------------------+-------------------+---------+


+----------------------------------------------------------------------------------------------------------------------------------------------------------------------------------------------------------------+
; Control Signals                                                                                                                                                                                                ;
+---------------------------------------------------------------------+--------------------+---------+----------------------------+--------+----------------------+------------------+---------------------------+
; Name                                                                ; Location           ; Fan-Out ; Usage                      ; Global ; Global Resource Used ; Global Line Name ; Enable Signal Source Name ;
+---------------------------------------------------------------------+--------------------+---------+----------------------------+--------+----------------------+------------------+---------------------------+
; ADS8688v2:inst3|Equal14~0                                           ; LCCOMB_X47_Y36_N18 ; 16      ; Clock enable               ; no     ; --                   ; --               ; --                        ;
; ADS8688v2:inst3|Equal14~1                                           ; LCCOMB_X47_Y36_N20 ; 16      ; Clock enable               ; no     ; --                   ; --               ; --                        ;
; ADS8688v2:inst3|Equal14~2                                           ; LCCOMB_X47_Y36_N22 ; 16      ; Clock enable               ; no     ; --                   ; --               ; --                        ;
; ADS8688v2:inst3|Equal14~3                                           ; LCCOMB_X47_Y36_N24 ; 16      ; Clock enable               ; no     ; --                   ; --               ; --                        ;
; ADS8688v2:inst3|Equal14~4                                           ; LCCOMB_X47_Y36_N2  ; 16      ; Clock enable               ; no     ; --                   ; --               ; --                        ;
; ADS8688v2:inst3|Equal14~5                                           ; LCCOMB_X47_Y36_N28 ; 16      ; Clock enable               ; no     ; --                   ; --               ; --                        ;
; ADS8688v2:inst3|Equal14~6                                           ; LCCOMB_X47_Y36_N30 ; 16      ; Clock enable               ; no     ; --                   ; --               ; --                        ;
; ADS8688v2:inst3|Equal14~7                                           ; LCCOMB_X47_Y36_N0  ; 16      ; Clock enable               ; no     ; --                   ; --               ; --                        ;
; ADS8688v2:inst3|Selector14~0                                        ; LCCOMB_X46_Y36_N26 ; 6       ; Clock enable               ; no     ; --                   ; --               ; --                        ;
; ADS8688v2:inst3|Selector14~1                                        ; LCCOMB_X47_Y37_N4  ; 19      ; Clock enable               ; no     ; --                   ; --               ; --                        ;
; ADS8688v2:inst3|q.bit_count[1]~7                                    ; LCCOMB_X46_Y36_N4  ; 5       ; Sync. clear                ; no     ; --                   ; --               ; --                        ;
; ADS8688v2:inst3|q.input_din_reg[13]~1                               ; LCCOMB_X44_Y37_N20 ; 15      ; Clock enable               ; no     ; --                   ; --               ; --                        ;
; ADS8688v2:inst3|q.state.sclk_low_cntrl                              ; FF_X46_Y36_N29     ; 24      ; Sync. load                 ; no     ; --                   ; --               ; --                        ;
; DAC8568_CONTROL:inst4|SHIFT_REG:DAC_DATA_IN_REG|SHIFT_INPUT[25]~121 ; LCCOMB_X54_Y38_N14 ; 28      ; Clock enable               ; no     ; --                   ; --               ; --                        ;
; DAC8568_CONTROL:inst4|STATE.DAC_DATA_LOAD                           ; FF_X52_Y39_N19     ; 129     ; Clock enable               ; no     ; --                   ; --               ; --                        ;
; DAC8568_CONTROL:inst4|STATE.DATA_LOAD                               ; FF_X57_Y37_N19     ; 39      ; Sync. clear                ; no     ; --                   ; --               ; --                        ;
; DAC8568_CONTROL:inst4|counter:SCLK_CNTR|count[3]~15                 ; LCCOMB_X54_Y38_N10 ; 5       ; Clock enable               ; no     ; --                   ; --               ; --                        ;
; DAC8568_CONTROL:inst4|counter:SCLK_DIV_CNTR|count[2]~1              ; LCCOMB_X54_Y39_N20 ; 4       ; Clock enable               ; no     ; --                   ; --               ; --                        ;
; GPIO[6]                                                             ; PIN_117            ; 1275    ; Async. clear, Clock enable ; no     ; --                   ; --               ; --                        ;
; Heartbeat_FP:inst2|_~26                                             ; LCCOMB_X52_Y50_N4  ; 8       ; Clock enable               ; no     ; --                   ; --               ; --                        ;
; SYSCLOCK                                                            ; PIN_88             ; 3019    ; Clock                      ; yes    ; Global Clock         ; GCLK9            ; --                        ;
; mbp_regs:inst1|Equal0~103                                           ; LCCOMB_X40_Y18_N28 ; 16      ; Clock enable               ; no     ; --                   ; --               ; --                        ;
; mbp_regs:inst1|Equal0~106                                           ; LCCOMB_X40_Y15_N28 ; 16      ; Clock enable               ; no     ; --                   ; --               ; --                        ;
; mbp_regs:inst1|Equal0~107                                           ; LCCOMB_X37_Y20_N28 ; 16      ; Clock enable               ; no     ; --                   ; --               ; --                        ;
; mbp_regs:inst1|Equal0~108                                           ; LCCOMB_X44_Y16_N12 ; 16      ; Clock enable               ; no     ; --                   ; --               ; --                        ;
; mbp_regs:inst1|Equal0~112                                           ; LCCOMB_X40_Y15_N30 ; 16      ; Clock enable               ; no     ; --                   ; --               ; --                        ;
; mbp_regs:inst1|Equal0~113                                           ; LCCOMB_X39_Y17_N8  ; 16      ; Clock enable               ; no     ; --                   ; --               ; --                        ;
; mbp_regs:inst1|Equal0~114                                           ; LCCOMB_X44_Y16_N22 ; 16      ; Clock enable               ; no     ; --                   ; --               ; --                        ;
; mbp_regs:inst1|Equal0~115                                           ; LCCOMB_X40_Y18_N22 ; 16      ; Clock enable               ; no     ; --                   ; --               ; --                        ;
; mbp_regs:inst1|Equal0~116                                           ; LCCOMB_X40_Y15_N16 ; 16      ; Clock enable               ; no     ; --                   ; --               ; --                        ;
; mbp_regs:inst1|Equal0~117                                           ; LCCOMB_X45_Y16_N6  ; 16      ; Clock enable               ; no     ; --                   ; --               ; --                        ;
; mbp_regs:inst1|Equal0~118                                           ; LCCOMB_X44_Y16_N0  ; 16      ; Clock enable               ; no     ; --                   ; --               ; --                        ;
; mbp_regs:inst1|Equal0~119                                           ; LCCOMB_X40_Y18_N0  ; 16      ; Clock enable               ; no     ; --                   ; --               ; --                        ;
; mbp_regs:inst1|Equal0~120                                           ; LCCOMB_X45_Y16_N16 ; 16      ; Clock enable               ; no     ; --                   ; --               ; --                        ;
; mbp_regs:inst1|Equal0~122                                           ; LCCOMB_X40_Y18_N2  ; 16      ; Clock enable               ; no     ; --                   ; --               ; --                        ;
; mbp_regs:inst1|Equal0~125                                           ; LCCOMB_X37_Y19_N16 ; 16      ; Clock enable               ; no     ; --                   ; --               ; --                        ;
; mbp_regs:inst1|Equal0~126                                           ; LCCOMB_X44_Y16_N26 ; 16      ; Clock enable               ; no     ; --                   ; --               ; --                        ;
; mbp_regs:inst1|Equal0~127                                           ; LCCOMB_X40_Y15_N10 ; 16      ; Clock enable               ; no     ; --                   ; --               ; --                        ;
; mbp_regs:inst1|Equal0~128                                           ; LCCOMB_X37_Y19_N2  ; 16      ; Clock enable               ; no     ; --                   ; --               ; --                        ;
; mbp_regs:inst1|Equal0~132                                           ; LCCOMB_X45_Y16_N10 ; 16      ; Clock enable               ; no     ; --                   ; --               ; --                        ;
; mbp_regs:inst1|Equal0~133                                           ; LCCOMB_X39_Y20_N2  ; 16      ; Clock enable               ; no     ; --                   ; --               ; --                        ;
; mbp_regs:inst1|Equal0~134                                           ; LCCOMB_X45_Y16_N4  ; 16      ; Clock enable               ; no     ; --                   ; --               ; --                        ;
; mbp_regs:inst1|Equal0~135                                           ; LCCOMB_X40_Y18_N20 ; 16      ; Clock enable               ; no     ; --                   ; --               ; --                        ;
; mbp_regs:inst1|Equal0~136                                           ; LCCOMB_X40_Y18_N14 ; 16      ; Clock enable               ; no     ; --                   ; --               ; --                        ;
; mbp_regs:inst1|Equal0~139                                           ; LCCOMB_X40_Y20_N22 ; 16      ; Clock enable               ; no     ; --                   ; --               ; --                        ;
; mbp_regs:inst1|Equal0~140                                           ; LCCOMB_X47_Y21_N28 ; 16      ; Clock enable               ; no     ; --                   ; --               ; --                        ;
; mbp_regs:inst1|Equal0~141                                           ; LCCOMB_X40_Y18_N8  ; 16      ; Clock enable               ; no     ; --                   ; --               ; --                        ;
; mbp_regs:inst1|Equal0~142                                           ; LCCOMB_X40_Y18_N26 ; 16      ; Clock enable               ; no     ; --                   ; --               ; --                        ;
; mbp_regs:inst1|Equal0~144                                           ; LCCOMB_X40_Y18_N12 ; 16      ; Clock enable               ; no     ; --                   ; --               ; --                        ;
; mbp_regs:inst1|Equal0~145                                           ; LCCOMB_X40_Y15_N20 ; 16      ; Clock enable               ; no     ; --                   ; --               ; --                        ;
; mbp_regs:inst1|Equal0~147                                           ; LCCOMB_X40_Y15_N22 ; 16      ; Clock enable               ; no     ; --                   ; --               ; --                        ;
; mbp_regs:inst1|Equal0~149                                           ; LCCOMB_X44_Y16_N20 ; 16      ; Clock enable               ; no     ; --                   ; --               ; --                        ;
; mbp_regs:inst1|Equal0~150                                           ; LCCOMB_X44_Y16_N6  ; 16      ; Clock enable               ; no     ; --                   ; --               ; --                        ;
; mbp_regs:inst1|Equal0~152                                           ; LCCOMB_X44_Y16_N16 ; 16      ; Clock enable               ; no     ; --                   ; --               ; --                        ;
; mbp_regs:inst1|Equal0~153                                           ; LCCOMB_X44_Y16_N10 ; 16      ; Clock enable               ; no     ; --                   ; --               ; --                        ;
; mbp_regs:inst1|Equal0~154                                           ; LCCOMB_X44_Y16_N28 ; 16      ; Clock enable               ; no     ; --                   ; --               ; --                        ;
; mbp_regs:inst1|Equal0~155                                           ; LCCOMB_X40_Y15_N8  ; 16      ; Clock enable               ; no     ; --                   ; --               ; --                        ;
; mbp_regs:inst1|Equal0~156                                           ; LCCOMB_X40_Y15_N18 ; 16      ; Clock enable               ; no     ; --                   ; --               ; --                        ;
; mbp_regs:inst1|Equal0~157                                           ; LCCOMB_X40_Y15_N4  ; 16      ; Clock enable               ; no     ; --                   ; --               ; --                        ;
; mbp_regs:inst1|Equal0~158                                           ; LCCOMB_X40_Y20_N16 ; 16      ; Clock enable               ; no     ; --                   ; --               ; --                        ;
; mbp_regs:inst1|Equal0~159                                           ; LCCOMB_X44_Y16_N14 ; 16      ; Clock enable               ; no     ; --                   ; --               ; --                        ;
; mbp_regs:inst1|Equal0~160                                           ; LCCOMB_X44_Y16_N8  ; 16      ; Clock enable               ; no     ; --                   ; --               ; --                        ;
; mbp_regs:inst1|Equal0~161                                           ; LCCOMB_X40_Y15_N6  ; 16      ; Clock enable               ; no     ; --                   ; --               ; --                        ;
; mbp_regs:inst1|Equal0~162                                           ; LCCOMB_X40_Y15_N24 ; 16      ; Clock enable               ; no     ; --                   ; --               ; --                        ;
; mbp_regs:inst1|Equal0~163                                           ; LCCOMB_X44_Y16_N18 ; 16      ; Clock enable               ; no     ; --                   ; --               ; --                        ;
; mbp_regs:inst1|Equal0~164                                           ; LCCOMB_X44_Y16_N4  ; 16      ; Clock enable               ; no     ; --                   ; --               ; --                        ;
; mbp_regs:inst1|Equal0~165                                           ; LCCOMB_X43_Y19_N22 ; 16      ; Clock enable               ; no     ; --                   ; --               ; --                        ;
; mbp_regs:inst1|Equal0~166                                           ; LCCOMB_X40_Y15_N2  ; 16      ; Clock enable               ; no     ; --                   ; --               ; --                        ;
; mbp_regs:inst1|Equal0~167                                           ; LCCOMB_X40_Y15_N12 ; 16      ; Clock enable               ; no     ; --                   ; --               ; --                        ;
; mbp_regs:inst1|Equal0~168                                           ; LCCOMB_X40_Y18_N6  ; 16      ; Clock enable               ; no     ; --                   ; --               ; --                        ;
; mbp_regs:inst1|Equal0~169                                           ; LCCOMB_X40_Y18_N16 ; 16      ; Clock enable               ; no     ; --                   ; --               ; --                        ;
; mbp_regs:inst1|Equal0~170                                           ; LCCOMB_X45_Y16_N22 ; 16      ; Clock enable               ; no     ; --                   ; --               ; --                        ;
; mbp_regs:inst1|Equal0~171                                           ; LCCOMB_X40_Y20_N2  ; 16      ; Clock enable               ; no     ; --                   ; --               ; --                        ;
; mbp_regs:inst1|Equal0~172                                           ; LCCOMB_X45_Y16_N0  ; 16      ; Clock enable               ; no     ; --                   ; --               ; --                        ;
; mbp_regs:inst1|Equal0~173                                           ; LCCOMB_X47_Y21_N22 ; 16      ; Clock enable               ; no     ; --                   ; --               ; --                        ;
; mbp_regs:inst1|Equal0~174                                           ; LCCOMB_X39_Y18_N6  ; 16      ; Clock enable               ; no     ; --                   ; --               ; --                        ;
; mbp_regs:inst1|Equal0~175                                           ; LCCOMB_X44_Y14_N4  ; 16      ; Clock enable               ; no     ; --                   ; --               ; --                        ;
; mbp_regs:inst1|Equal0~176                                           ; LCCOMB_X40_Y18_N18 ; 16      ; Clock enable               ; no     ; --                   ; --               ; --                        ;
; mbp_regs:inst1|Equal0~177                                           ; LCCOMB_X40_Y18_N4  ; 16      ; Clock enable               ; no     ; --                   ; --               ; --                        ;
; mbp_regs:inst1|Equal0~178                                           ; LCCOMB_X40_Y18_N30 ; 16      ; Clock enable               ; no     ; --                   ; --               ; --                        ;
; mbp_regs:inst1|Equal0~179                                           ; LCCOMB_X38_Y17_N24 ; 16      ; Clock enable               ; no     ; --                   ; --               ; --                        ;
; mbp_regs:inst1|Equal0~180                                           ; LCCOMB_X38_Y19_N28 ; 16      ; Clock enable               ; no     ; --                   ; --               ; --                        ;
; mbp_regs:inst1|Equal0~181                                           ; LCCOMB_X37_Y20_N30 ; 16      ; Clock enable               ; no     ; --                   ; --               ; --                        ;
; mbp_regs:inst1|Equal0~182                                           ; LCCOMB_X38_Y19_N22 ; 16      ; Clock enable               ; no     ; --                   ; --               ; --                        ;
; mbp_regs:inst1|Equal0~183                                           ; LCCOMB_X37_Y19_N28 ; 16      ; Clock enable               ; no     ; --                   ; --               ; --                        ;
; mbp_regs:inst1|Equal0~184                                           ; LCCOMB_X34_Y20_N16 ; 16      ; Clock enable               ; no     ; --                   ; --               ; --                        ;
; mbp_regs:inst1|Equal0~185                                           ; LCCOMB_X37_Y19_N22 ; 16      ; Clock enable               ; no     ; --                   ; --               ; --                        ;
; mbp_regs:inst1|Equal0~186                                           ; LCCOMB_X38_Y17_N10 ; 16      ; Clock enable               ; no     ; --                   ; --               ; --                        ;
; mbp_regs:inst1|Equal0~187                                           ; LCCOMB_X37_Y20_N16 ; 16      ; Clock enable               ; no     ; --                   ; --               ; --                        ;
; mbp_regs:inst1|Equal0~188                                           ; LCCOMB_X38_Y19_N8  ; 16      ; Clock enable               ; no     ; --                   ; --               ; --                        ;
; mbp_regs:inst1|Equal0~189                                           ; LCCOMB_X38_Y19_N2  ; 16      ; Clock enable               ; no     ; --                   ; --               ; --                        ;
; mbp_regs:inst1|Equal0~190                                           ; LCCOMB_X37_Y22_N30 ; 16      ; Clock enable               ; no     ; --                   ; --               ; --                        ;
; mbp_regs:inst1|Equal0~191                                           ; LCCOMB_X37_Y20_N10 ; 16      ; Clock enable               ; no     ; --                   ; --               ; --                        ;
; mbp_regs:inst1|Equal0~192                                           ; LCCOMB_X37_Y20_N4  ; 16      ; Clock enable               ; no     ; --                   ; --               ; --                        ;
; mbp_regs:inst1|Equal0~193                                           ; LCCOMB_X44_Y18_N28 ; 16      ; Clock enable               ; no     ; --                   ; --               ; --                        ;
; mbp_regs:inst1|Equal0~194                                           ; LCCOMB_X37_Y20_N22 ; 16      ; Clock enable               ; no     ; --                   ; --               ; --                        ;
; mbp_regs:inst1|Equal0~195                                           ; LCCOMB_X39_Y18_N8  ; 16      ; Clock enable               ; no     ; --                   ; --               ; --                        ;
; mbp_regs:inst1|Equal0~196                                           ; LCCOMB_X39_Y18_N2  ; 16      ; Clock enable               ; no     ; --                   ; --               ; --                        ;
; mbp_regs:inst1|Equal0~197                                           ; LCCOMB_X39_Y18_N4  ; 16      ; Clock enable               ; no     ; --                   ; --               ; --                        ;
; mbp_regs:inst1|Equal0~198                                           ; LCCOMB_X39_Y18_N30 ; 16      ; Clock enable               ; no     ; --                   ; --               ; --                        ;
; mbp_regs:inst1|Equal0~199                                           ; LCCOMB_X47_Y21_N0  ; 16      ; Clock enable               ; no     ; --                   ; --               ; --                        ;
; mbp_regs:inst1|Equal0~200                                           ; LCCOMB_X47_Y21_N26 ; 16      ; Clock enable               ; no     ; --                   ; --               ; --                        ;
; mbp_regs:inst1|Equal0~201                                           ; LCCOMB_X47_Y21_N20 ; 16      ; Clock enable               ; no     ; --                   ; --               ; --                        ;
; mbp_regs:inst1|Equal0~202                                           ; LCCOMB_X47_Y21_N6  ; 16      ; Clock enable               ; no     ; --                   ; --               ; --                        ;
; mbp_regs:inst1|Equal0~203                                           ; LCCOMB_X40_Y20_N20 ; 16      ; Clock enable               ; no     ; --                   ; --               ; --                        ;
; mbp_regs:inst1|Equal0~204                                           ; LCCOMB_X47_Y21_N8  ; 16      ; Clock enable               ; no     ; --                   ; --               ; --                        ;
; mbp_regs:inst1|Equal0~205                                           ; LCCOMB_X39_Y20_N20 ; 16      ; Clock enable               ; no     ; --                   ; --               ; --                        ;
; mbp_regs:inst1|Equal0~206                                           ; LCCOMB_X47_Y21_N18 ; 16      ; Clock enable               ; no     ; --                   ; --               ; --                        ;
; mbp_regs:inst1|Equal0~207                                           ; LCCOMB_X38_Y20_N30 ; 16      ; Clock enable               ; no     ; --                   ; --               ; --                        ;
; mbp_regs:inst1|Equal0~208                                           ; LCCOMB_X45_Y20_N20 ; 16      ; Clock enable               ; no     ; --                   ; --               ; --                        ;
; mbp_regs:inst1|Equal0~209                                           ; LCCOMB_X40_Y13_N28 ; 16      ; Clock enable               ; no     ; --                   ; --               ; --                        ;
; mbp_regs:inst1|Equal0~210                                           ; LCCOMB_X38_Y15_N4  ; 16      ; Clock enable               ; no     ; --                   ; --               ; --                        ;
; mbp_regs:inst1|Equal0~211                                           ; LCCOMB_X39_Y18_N16 ; 16      ; Clock enable               ; no     ; --                   ; --               ; --                        ;
; mbp_regs:inst1|Equal0~212                                           ; LCCOMB_X40_Y13_N30 ; 16      ; Clock enable               ; no     ; --                   ; --               ; --                        ;
; mbp_regs:inst1|Equal0~213                                           ; LCCOMB_X39_Y17_N26 ; 16      ; Clock enable               ; no     ; --                   ; --               ; --                        ;
; mbp_regs:inst1|Equal0~214                                           ; LCCOMB_X39_Y18_N18 ; 16      ; Clock enable               ; no     ; --                   ; --               ; --                        ;
; mbp_regs:inst1|Equal0~215                                           ; LCCOMB_X42_Y20_N14 ; 16      ; Clock enable               ; no     ; --                   ; --               ; --                        ;
; mbp_regs:inst1|Equal0~216                                           ; LCCOMB_X47_Y21_N12 ; 16      ; Clock enable               ; no     ; --                   ; --               ; --                        ;
; mbp_regs:inst1|Equal0~217                                           ; LCCOMB_X39_Y17_N28 ; 16      ; Clock enable               ; no     ; --                   ; --               ; --                        ;
; mbp_regs:inst1|Equal0~218                                           ; LCCOMB_X47_Y21_N30 ; 16      ; Clock enable               ; no     ; --                   ; --               ; --                        ;
; mbp_regs:inst1|Equal0~219                                           ; LCCOMB_X43_Y18_N20 ; 16      ; Clock enable               ; no     ; --                   ; --               ; --                        ;
; mbp_regs:inst1|Equal0~220                                           ; LCCOMB_X45_Y20_N30 ; 16      ; Clock enable               ; no     ; --                   ; --               ; --                        ;
; mbp_regs:inst1|Equal0~221                                           ; LCCOMB_X40_Y13_N8  ; 16      ; Clock enable               ; no     ; --                   ; --               ; --                        ;
; mbp_regs:inst1|Equal0~222                                           ; LCCOMB_X38_Y15_N22 ; 16      ; Clock enable               ; no     ; --                   ; --               ; --                        ;
; mbp_regs:inst1|Equal0~223                                           ; LCCOMB_X39_Y18_N28 ; 16      ; Clock enable               ; no     ; --                   ; --               ; --                        ;
; mbp_regs:inst1|Equal0~224                                           ; LCCOMB_X45_Y14_N14 ; 16      ; Clock enable               ; no     ; --                   ; --               ; --                        ;
; mbp_regs:inst1|Equal0~225                                           ; LCCOMB_X39_Y18_N22 ; 16      ; Clock enable               ; no     ; --                   ; --               ; --                        ;
; mbp_top_level:inst|mbp:inst2|Decoder0~10                            ; LCCOMB_X51_Y27_N10 ; 8       ; Clock enable               ; no     ; --                   ; --               ; --                        ;
; mbp_top_level:inst|mbp:inst2|Decoder0~11                            ; LCCOMB_X51_Y27_N28 ; 8       ; Clock enable               ; no     ; --                   ; --               ; --                        ;
; mbp_top_level:inst|mbp:inst2|Decoder0~12                            ; LCCOMB_X50_Y28_N8  ; 8       ; Clock enable               ; no     ; --                   ; --               ; --                        ;
; mbp_top_level:inst|mbp:inst2|Decoder0~13                            ; LCCOMB_X51_Y27_N30 ; 8       ; Clock enable               ; no     ; --                   ; --               ; --                        ;
; mbp_top_level:inst|mbp:inst2|Decoder0~14                            ; LCCOMB_X51_Y27_N24 ; 8       ; Clock enable               ; no     ; --                   ; --               ; --                        ;
; mbp_top_level:inst|mbp:inst2|Decoder0~15                            ; LCCOMB_X50_Y28_N14 ; 8       ; Clock enable               ; no     ; --                   ; --               ; --                        ;
; mbp_top_level:inst|mbp:inst2|Decoder0~16                            ; LCCOMB_X51_Y27_N26 ; 8       ; Clock enable               ; no     ; --                   ; --               ; --                        ;
; mbp_top_level:inst|mbp:inst2|Decoder0~3                             ; LCCOMB_X51_Y27_N22 ; 8       ; Clock enable               ; no     ; --                   ; --               ; --                        ;
; mbp_top_level:inst|mbp:inst2|Decoder0~4                             ; LCCOMB_X51_Y27_N16 ; 8       ; Clock enable               ; no     ; --                   ; --               ; --                        ;
; mbp_top_level:inst|mbp:inst2|Decoder0~6                             ; LCCOMB_X50_Y27_N22 ; 8       ; Clock enable               ; no     ; --                   ; --               ; --                        ;
; mbp_top_level:inst|mbp:inst2|Decoder0~7                             ; LCCOMB_X51_Y27_N4  ; 8       ; Clock enable               ; no     ; --                   ; --               ; --                        ;
; mbp_top_level:inst|mbp:inst2|Decoder0~8                             ; LCCOMB_X51_Y27_N6  ; 8       ; Clock enable               ; no     ; --                   ; --               ; --                        ;
; mbp_top_level:inst|mbp:inst2|Decoder0~9                             ; LCCOMB_X51_Y27_N8  ; 8       ; Clock enable               ; no     ; --                   ; --               ; --                        ;
; mbp_top_level:inst|mbp:inst2|Selector59~0                           ; LCCOMB_X44_Y25_N20 ; 9       ; Clock enable               ; no     ; --                   ; --               ; --                        ;
; mbp_top_level:inst|mbp:inst2|WideOr20~0                             ; LCCOMB_X44_Y25_N30 ; 8       ; Clock enable               ; no     ; --                   ; --               ; --                        ;
; mbp_top_level:inst|mbp:inst2|addr_cnt_q[2]~23                       ; LCCOMB_X42_Y27_N0  ; 16      ; Clock enable               ; no     ; --                   ; --               ; --                        ;
; mbp_top_level:inst|mbp:inst2|buf_cnt_q[3]~12                        ; LCCOMB_X51_Y30_N16 ; 9       ; Sync. clear                ; no     ; --                   ; --               ; --                        ;
; mbp_top_level:inst|mbp:inst2|buf_cnt_q[3]~13                        ; LCCOMB_X50_Y29_N30 ; 8       ; Clock enable               ; no     ; --                   ; --               ; --                        ;
; mbp_top_level:inst|mbp:inst2|op_cnt_q[7]~0                          ; LCCOMB_X47_Y26_N4  ; 4       ; Clock enable               ; no     ; --                   ; --               ; --                        ;
; mbp_top_level:inst|mbp:inst2|op_hdr_q[8][1]~5                       ; LCCOMB_X49_Y28_N28 ; 2       ; Clock enable               ; no     ; --                   ; --               ; --                        ;
; mbp_top_level:inst|mbp:inst2|op_hdr_q[9][7]~2                       ; LCCOMB_X46_Y28_N24 ; 24      ; Clock enable               ; no     ; --                   ; --               ; --                        ;
; mbp_top_level:inst|mbp:inst2|op_int_q[2]~0                          ; LCCOMB_X49_Y28_N12 ; 25      ; Clock enable               ; no     ; --                   ; --               ; --                        ;
; mbp_top_level:inst|mbp:inst2|ram_addr_q[1]~12                       ; LCCOMB_X50_Y27_N18 ; 7       ; Clock enable               ; no     ; --                   ; --               ; --                        ;
; mbp_top_level:inst|mbp:inst2|ram_in_q[0]~0                          ; LCCOMB_X49_Y28_N8  ; 10      ; Clock enable               ; no     ; --                   ; --               ; --                        ;
; mbp_top_level:inst|mbp:inst2|ram_we_q                               ; FF_X51_Y30_N31     ; 2       ; Write enable               ; no     ; --                   ; --               ; --                        ;
; mbp_top_level:inst|mbp:inst2|state_q.calc_exc                       ; FF_X44_Y29_N9      ; 26      ; Clock enable               ; no     ; --                   ; --               ; --                        ;
; mbp_top_level:inst|mbp:inst2|state_q.ld_low                         ; FF_X44_Y25_N15     ; 41      ; Sync. clear                ; no     ; --                   ; --               ; --                        ;
; mbp_top_level:inst|mbp:inst2|state_q.ltch_data                      ; FF_X50_Y29_N23     ; 50      ; Clock enable               ; no     ; --                   ; --               ; --                        ;
; mbp_top_level:inst|mbp:inst2|state_q.ltch_op                        ; FF_X49_Y28_N11     ; 57      ; Clock enable               ; no     ; --                   ; --               ; --                        ;
; mbp_top_level:inst|mbp:inst2|state_q.ram_wait1                      ; FF_X49_Y28_N31     ; 10      ; Sync. load                 ; no     ; --                   ; --               ; --                        ;
; mbp_top_level:inst|mbp:inst2|state_q.write_data_lower               ; FF_X44_Y25_N1      ; 9       ; Clock enable               ; no     ; --                   ; --               ; --                        ;
; mbp_top_level:inst|mbp:inst2|state_q.write_data_upper               ; FF_X44_Y25_N31     ; 10      ; Clock enable               ; no     ; --                   ; --               ; --                        ;
; mbp_top_level:inst|mbp:inst2|wdTimer_d~2                            ; LCCOMB_X52_Y29_N20 ; 19      ; Sync. clear                ; no     ; --                   ; --               ; --                        ;
; mbp_top_level:inst|mbp:inst2|wdTimer_q[17]~28                       ; LCCOMB_X52_Y29_N26 ; 18      ; Clock enable               ; no     ; --                   ; --               ; --                        ;
; mbp_top_level:inst|mbp:inst2|wm_cnt_q[6]~9                          ; LCCOMB_X49_Y27_N30 ; 7       ; Clock enable               ; no     ; --                   ; --               ; --                        ;
; mbp_top_level:inst|slim_txrx:inst1|Selector29~0                     ; LCCOMB_X47_Y34_N12 ; 8       ; Clock enable               ; no     ; --                   ; --               ; --                        ;
; mbp_top_level:inst|slim_txrx:inst1|r_Clk_Count[4]~9                 ; LCCOMB_X47_Y34_N30 ; 7       ; Sync. clear                ; no     ; --                   ; --               ; --                        ;
; mbp_top_level:inst|slim_txrx:inst1|r_Clk_Count_R[0]~22              ; LCCOMB_X44_Y31_N16 ; 7       ; Sync. clear                ; no     ; --                   ; --               ; --                        ;
; mbp_top_level:inst|slim_txrx:inst1|r_Clk_Count_R[0]~23              ; LCCOMB_X44_Y31_N20 ; 7       ; Clock enable               ; no     ; --                   ; --               ; --                        ;
; mbp_top_level:inst|slim_txrx:inst1|r_SM_Main.s_Cleanup              ; FF_X43_Y34_N5      ; 10      ; Clock enable               ; no     ; --                   ; --               ; --                        ;
+---------------------------------------------------------------------+--------------------+---------+----------------------------+--------+----------------------+------------------+---------------------------+


+--------------------------------------------------------------------------------------------------------------------------------------------+
; Global & Other Fast Signals                                                                                                                ;
+----------+----------+---------+--------------------------------------+----------------------+------------------+---------------------------+
; Name     ; Location ; Fan-Out ; Fan-Out Using Intentional Clock Skew ; Global Resource Used ; Global Line Name ; Enable Signal Source Name ;
+----------+----------+---------+--------------------------------------+----------------------+------------------+---------------------------+
; SYSCLOCK ; PIN_88   ; 3019    ; 0                                    ; Global Clock         ; GCLK9            ; --                        ;
+----------+----------+---------+--------------------------------------+----------------------+------------------+---------------------------+


+---------------------------------+
; Non-Global High Fan-Out Signals ;
+---------------+-----------------+
; Name          ; Fan-Out         ;
+---------------+-----------------+
; GPIO[6]~input ; 1275            ;
+---------------+-----------------+


+-------------------------------------------------------------------------------------------------------------------------------------------------------------------------------------------------------------------------------------------------------------------------------------------------------------------------------------------------------------------------------------------------------------------------------------------------------------------------------------------------------------------------------------------------------------------------------------------------------------------+
; Fitter RAM Summary                                                                                                                                                                                                                                                                                                                                                                                                                                                                                                                                                                                                ;
+---------------------------------------------------------------------------------------------------+------+-------------+--------------+--------------+--------------+--------------+--------------+------------------------+-------------------------+------------------------+-------------------------+------+-----------------------------+-----------------------------+-----------------------------+-----------------------------+---------------------+------+------+----------------+----------------------+-----------------+------------------------+----------+------------------------+---------------+
; Name                                                                                              ; Type ; Mode        ; Clock Mode   ; Port A Depth ; Port A Width ; Port B Depth ; Port B Width ; Port A Input Registers ; Port A Output Registers ; Port B Input Registers ; Port B Output Registers ; Size ; Implementation Port A Depth ; Implementation Port A Width ; Implementation Port B Depth ; Implementation Port B Width ; Implementation Bits ; M9Ks ; MIF  ; Location       ; Mixed Width RDW Mode ; Port A RDW Mode ; Port B RDW Mode        ; ECC Mode ; ECC Pipeline Registers ; Fits in MLABs ;
+---------------------------------------------------------------------------------------------------+------+-------------+--------------+--------------+--------------+--------------+--------------+------------------------+-------------------------+------------------------+-------------------------+------+-----------------------------+-----------------------------+-----------------------------+-----------------------------+---------------------+------+------+----------------+----------------------+-----------------+------------------------+----------+------------------------+---------------+
; mbp_top_level:inst|mbp:inst2|altsyncram:ram_block_rtl_0|altsyncram_4n71:auto_generated|ALTSYNCRAM ; AUTO ; Single Port ; Single Clock ; 256          ; 8            ; --           ; --           ; yes                    ; yes                     ; --                     ; --                      ; 2048 ; 256                         ; 8                           ; --                          ; --                          ; 2048                ; 1    ; None ; M9K_X53_Y27_N0 ; Don't care           ; Old data        ; New data with NBE Read ; Off      ; No                     ; No - Unknown  ;
+---------------------------------------------------------------------------------------------------+------+-------------+--------------+--------------+--------------+--------------+--------------+------------------------+-------------------------+------------------------+-------------------------+------+-----------------------------+-----------------------------+-----------------------------+-----------------------------+---------------------+------+------+----------------+----------------------+-----------------+------------------------+----------+------------------------+---------------+
Note: Fitter may spread logical memories into multiple blocks to improve timing. The actual required RAM blocks can be found in the Fitter Resource Usage section.


+-------------------------------------------------+
; Routing Usage Summary                           ;
+-----------------------+-------------------------+
; Routing Resource Type ; Usage                   ;
+-----------------------+-------------------------+
; Block interconnects   ; 5,614 / 148,641 ( 4 % ) ;
; C16 interconnects     ; 21 / 5,382 ( < 1 % )    ;
; C4 interconnects      ; 3,075 / 106,704 ( 3 % ) ;
; Direct links          ; 659 / 148,641 ( < 1 % ) ;
; Global clocks         ; 1 / 20 ( 5 % )          ;
; Local interconnects   ; 1,610 / 49,760 ( 3 % )  ;
; NSLEEPs               ; 0 / 500 ( 0 % )         ;
; R24 interconnects     ; 28 / 5,406 ( < 1 % )    ;
; R4 interconnects      ; 3,213 / 147,764 ( 2 % ) ;
+-----------------------+-------------------------+


+-----------------------------------------------------------------------------+
; LAB Logic Elements                                                          ;
+---------------------------------------------+-------------------------------+
; Number of Logic Elements  (Average = 13.19) ; Number of LABs  (Total = 303) ;
+---------------------------------------------+-------------------------------+
; 1                                           ; 19                            ;
; 2                                           ; 12                            ;
; 3                                           ; 7                             ;
; 4                                           ; 1                             ;
; 5                                           ; 4                             ;
; 6                                           ; 4                             ;
; 7                                           ; 1                             ;
; 8                                           ; 3                             ;
; 9                                           ; 0                             ;
; 10                                          ; 2                             ;
; 11                                          ; 1                             ;
; 12                                          ; 10                            ;
; 13                                          ; 12                            ;
; 14                                          ; 17                            ;
; 15                                          ; 50                            ;
; 16                                          ; 160                           ;
+---------------------------------------------+-------------------------------+


+--------------------------------------------------------------------+
; LAB-wide Signals                                                   ;
+------------------------------------+-------------------------------+
; LAB-wide Signals  (Average = 2.16) ; Number of LABs  (Total = 303) ;
+------------------------------------+-------------------------------+
; 1 Async. clear                     ; 99                            ;
; 1 Clock                            ; 293                           ;
; 1 Clock enable                     ; 87                            ;
; 1 Sync. clear                      ; 6                             ;
; 1 Sync. load                       ; 2                             ;
; 2 Clock enables                    ; 166                           ;
+------------------------------------+-------------------------------+


+------------------------------------------------------------------------------+
; LAB Signals Sourced                                                          ;
+----------------------------------------------+-------------------------------+
; Number of Signals Sourced  (Average = 22.68) ; Number of LABs  (Total = 303) ;
+----------------------------------------------+-------------------------------+
; 0                                            ; 0                             ;
; 1                                            ; 6                             ;
; 2                                            ; 15                            ;
; 3                                            ; 1                             ;
; 4                                            ; 10                            ;
; 5                                            ; 3                             ;
; 6                                            ; 4                             ;
; 7                                            ; 1                             ;
; 8                                            ; 0                             ;
; 9                                            ; 2                             ;
; 10                                           ; 2                             ;
; 11                                           ; 1                             ;
; 12                                           ; 3                             ;
; 13                                           ; 2                             ;
; 14                                           ; 0                             ;
; 15                                           ; 5                             ;
; 16                                           ; 5                             ;
; 17                                           ; 5                             ;
; 18                                           ; 14                            ;
; 19                                           ; 6                             ;
; 20                                           ; 6                             ;
; 21                                           ; 10                            ;
; 22                                           ; 8                             ;
; 23                                           ; 10                            ;
; 24                                           ; 13                            ;
; 25                                           ; 13                            ;
; 26                                           ; 18                            ;
; 27                                           ; 16                            ;
; 28                                           ; 21                            ;
; 29                                           ; 19                            ;
; 30                                           ; 30                            ;
; 31                                           ; 9                             ;
; 32                                           ; 45                            ;
+----------------------------------------------+-------------------------------+


+---------------------------------------------------------------------------------+
; LAB Signals Sourced Out                                                         ;
+-------------------------------------------------+-------------------------------+
; Number of Signals Sourced Out  (Average = 8.71) ; Number of LABs  (Total = 303) ;
+-------------------------------------------------+-------------------------------+
; 0                                               ; 0                             ;
; 1                                               ; 28                            ;
; 2                                               ; 15                            ;
; 3                                               ; 13                            ;
; 4                                               ; 6                             ;
; 5                                               ; 17                            ;
; 6                                               ; 28                            ;
; 7                                               ; 11                            ;
; 8                                               ; 22                            ;
; 9                                               ; 21                            ;
; 10                                              ; 19                            ;
; 11                                              ; 25                            ;
; 12                                              ; 24                            ;
; 13                                              ; 19                            ;
; 14                                              ; 25                            ;
; 15                                              ; 11                            ;
; 16                                              ; 18                            ;
; 17                                              ; 0                             ;
; 18                                              ; 0                             ;
; 19                                              ; 0                             ;
; 20                                              ; 0                             ;
; 21                                              ; 1                             ;
+-------------------------------------------------+-------------------------------+


+------------------------------------------------------------------------------+
; LAB Distinct Inputs                                                          ;
+----------------------------------------------+-------------------------------+
; Number of Distinct Inputs  (Average = 18.19) ; Number of LABs  (Total = 303) ;
+----------------------------------------------+-------------------------------+
; 0                                            ; 0                             ;
; 1                                            ; 0                             ;
; 2                                            ; 1                             ;
; 3                                            ; 14                            ;
; 4                                            ; 8                             ;
; 5                                            ; 4                             ;
; 6                                            ; 11                            ;
; 7                                            ; 6                             ;
; 8                                            ; 11                            ;
; 9                                            ; 15                            ;
; 10                                           ; 5                             ;
; 11                                           ; 6                             ;
; 12                                           ; 10                            ;
; 13                                           ; 21                            ;
; 14                                           ; 7                             ;
; 15                                           ; 12                            ;
; 16                                           ; 12                            ;
; 17                                           ; 11                            ;
; 18                                           ; 10                            ;
; 19                                           ; 6                             ;
; 20                                           ; 15                            ;
; 21                                           ; 9                             ;
; 22                                           ; 7                             ;
; 23                                           ; 9                             ;
; 24                                           ; 10                            ;
; 25                                           ; 8                             ;
; 26                                           ; 5                             ;
; 27                                           ; 4                             ;
; 28                                           ; 7                             ;
; 29                                           ; 7                             ;
; 30                                           ; 8                             ;
; 31                                           ; 6                             ;
; 32                                           ; 6                             ;
; 33                                           ; 9                             ;
; 34                                           ; 6                             ;
; 35                                           ; 3                             ;
; 36                                           ; 8                             ;
; 37                                           ; 5                             ;
+----------------------------------------------+-------------------------------+


+------------------------------------------+
; I/O Rules Summary                        ;
+----------------------------------+-------+
; I/O Rules Statistic              ; Total ;
+----------------------------------+-------+
; Total I/O Rules                  ; 30    ;
; Number of I/O Rules Passed       ; 12    ;
; Number of I/O Rules Failed       ; 0     ;
; Number of I/O Rules Unchecked    ; 0     ;
; Number of I/O Rules Inapplicable ; 18    ;
+----------------------------------+-------+


+-----------------------------------------------------------------------------------------------------------------------------------------------------------------------------------------------------------------------------------------------------------------------------------------------------+
; I/O Rules Details                                                                                                                                                                                                                                                                                   ;
+--------------+-----------+-----------------------------------+------------------------------------------------------------------------------------------------------+----------+--------------------------------------------------------------------------+---------------------+-------------------+
; Status       ; ID        ; Category                          ; Rule Description                                                                                     ; Severity ; Information                                                              ; Area                ; Extra Information ;
+--------------+-----------+-----------------------------------+------------------------------------------------------------------------------------------------------+----------+--------------------------------------------------------------------------+---------------------+-------------------+
; Pass         ; IO_000001 ; Capacity Checks                   ; Number of pins in an I/O bank should not exceed the number of locations available.                   ; Critical ; 0 such failures found.                                                   ; I/O                 ;                   ;
; Inapplicable ; IO_000002 ; Capacity Checks                   ; Number of clocks in an I/O bank should not exceed the number of clocks available.                    ; Critical ; No Global Signal assignments found.                                      ; I/O                 ;                   ;
; Pass         ; IO_000003 ; Capacity Checks                   ; Number of pins in a Vrefgroup should not exceed the number of locations available.                   ; Critical ; 0 such failures found.                                                   ; I/O                 ;                   ;
; Inapplicable ; IO_000004 ; Voltage Compatibility Checks      ; The I/O bank should support the requested VCCIO.                                                     ; Critical ; No IOBANK_VCCIO assignments found.                                       ; I/O                 ;                   ;
; Inapplicable ; IO_000005 ; Voltage Compatibility Checks      ; The I/O bank should not have competing VREF values.                                                  ; Critical ; No VREF I/O Standard assignments found.                                  ; I/O                 ;                   ;
; Pass         ; IO_000006 ; Voltage Compatibility Checks      ; The I/O bank should not have competing VCCIO values.                                                 ; Critical ; 0 such failures found.                                                   ; I/O                 ;                   ;
; Pass         ; IO_000007 ; Valid Location Checks             ; Checks for unavailable locations.                                                                    ; Critical ; 0 such failures found.                                                   ; I/O                 ;                   ;
; Inapplicable ; IO_000008 ; Valid Location Checks             ; Checks for reserved locations.                                                                       ; Critical ; No reserved LogicLock region found.                                      ; I/O                 ;                   ;
; Pass         ; IO_000009 ; I/O Properties Checks for One I/O ; The location should support the requested I/O standard.                                              ; Critical ; 0 such failures found.                                                   ; I/O                 ;                   ;
; Pass         ; IO_000010 ; I/O Properties Checks for One I/O ; The location should support the requested I/O direction.                                             ; Critical ; 0 such failures found.                                                   ; I/O                 ;                   ;
; Inapplicable ; IO_000011 ; I/O Properties Checks for One I/O ; The location should support the requested Current Strength.                                          ; Critical ; No Current Strength assignments found.                                   ; I/O                 ;                   ;
; Pass         ; IO_000012 ; I/O Properties Checks for One I/O ; The location should support the requested On Chip Termination value.                                 ; Critical ; 0 such failures found.                                                   ; I/O                 ;                   ;
; Inapplicable ; IO_000013 ; I/O Properties Checks for One I/O ; The location should support the requested Bus Hold value.                                            ; Critical ; No Enable Bus-Hold Circuitry assignments found.                          ; I/O                 ;                   ;
; Inapplicable ; IO_000014 ; I/O Properties Checks for One I/O ; The location should support the requested Weak Pull Up value.                                        ; Critical ; No Weak Pull-Up Resistor assignments found.                              ; I/O                 ;                   ;
; Pass         ; IO_000015 ; I/O Properties Checks for One I/O ; The location should support the requested PCI Clamp Diode.                                           ; Critical ; 0 such failures found.                                                   ; I/O                 ;                   ;
; Inapplicable ; IO_000018 ; I/O Properties Checks for One I/O ; The I/O standard should support the requested Current Strength.                                      ; Critical ; No Current Strength assignments found.                                   ; I/O                 ;                   ;
; Pass         ; IO_000019 ; I/O Properties Checks for One I/O ; The I/O standard should support the requested On Chip Termination value.                             ; Critical ; 0 such failures found.                                                   ; I/O                 ;                   ;
; Pass         ; IO_000020 ; I/O Properties Checks for One I/O ; The I/O standard should support the requested PCI Clamp Diode.                                       ; Critical ; 0 such failures found.                                                   ; I/O                 ;                   ;
; Inapplicable ; IO_000021 ; I/O Properties Checks for One I/O ; The I/O standard should support the requested Weak Pull Up value.                                    ; Critical ; No Weak Pull-Up Resistor assignments found.                              ; I/O                 ;                   ;
; Inapplicable ; IO_000022 ; I/O Properties Checks for One I/O ; The I/O standard should support the requested Bus Hold value.                                        ; Critical ; No Enable Bus-Hold Circuitry assignments found.                          ; I/O                 ;                   ;
; Inapplicable ; IO_000023 ; I/O Properties Checks for One I/O ; The I/O standard should support the Open Drain value.                                                ; Critical ; No open drain assignments found.                                         ; I/O                 ;                   ;
; Pass         ; IO_000024 ; I/O Properties Checks for One I/O ; The I/O direction should support the On Chip Termination value.                                      ; Critical ; 0 such failures found.                                                   ; I/O                 ;                   ;
; Inapplicable ; IO_000026 ; I/O Properties Checks for One I/O ; On Chip Termination and Current Strength should not be used at the same time.                        ; Critical ; No Current Strength assignments found.                                   ; I/O                 ;                   ;
; Inapplicable ; IO_000027 ; I/O Properties Checks for One I/O ; Weak Pull Up and Bus Hold should not be used at the same time.                                       ; Critical ; No Enable Bus-Hold Circuitry or Weak Pull-Up Resistor assignments found. ; I/O                 ;                   ;
; Inapplicable ; IO_000045 ; I/O Properties Checks for One I/O ; The I/O standard should support the requested Slew Rate value.                                       ; Critical ; No Slew Rate assignments found.                                          ; I/O                 ;                   ;
; Inapplicable ; IO_000046 ; I/O Properties Checks for One I/O ; The location should support the requested Slew Rate value.                                           ; Critical ; No Slew Rate assignments found.                                          ; I/O                 ;                   ;
; Inapplicable ; IO_000047 ; I/O Properties Checks for One I/O ; On Chip Termination and Slew Rate should not be used at the same time.                               ; Critical ; No Slew Rate assignments found.                                          ; I/O                 ;                   ;
; Pass         ; IO_000033 ; Electromigration Checks           ; Current density for consecutive I/Os should not exceed 160mA for row I/Os and 160mA for column I/Os. ; Critical ; 0 such failures found.                                                   ; I/O                 ;                   ;
; Inapplicable ; IO_000034 ; SI Related Distance Checks        ; Single-ended outputs should be 5 LAB row(s) away from a differential I/O.                            ; High     ; No Differential I/O Standard assignments found.                          ; I/O                 ;                   ;
; Inapplicable ; IO_000042 ; SI Related SSO Limit Checks       ; No more than 20 outputs are allowed in a VREF group when VREF is being read from.                    ; High     ; No VREF I/O Standard assignments found.                                  ; I/O                 ;                   ;
; ----         ; ----      ; Disclaimer                        ; OCT rules are checked but not reported.                                                              ; None     ; ----                                                                     ; On Chip Termination ;                   ;
+--------------+-----------+-----------------------------------+------------------------------------------------------------------------------------------------------+----------+--------------------------------------------------------------------------+---------------------+-------------------+


+-----------------------------------------------------------------------------------------------------------------------------------------------------------------------------------------------------------------------------------------------------------------------------------------------------------------------------------------------------------------------------------------------------------------------------------------------------------------+
; I/O Rules Matrix                                                                                                                                                                                                                                                                                                                                                                                                                                                ;
+--------------------+-----------+--------------+-----------+--------------+--------------+-----------+-----------+--------------+-----------+-----------+--------------+--------------+--------------+--------------+--------------+--------------+--------------+--------------+--------------+--------------+--------------+--------------+--------------+--------------+--------------+--------------+--------------+-----------+--------------+--------------+
; Pin/Rules          ; IO_000001 ; IO_000002    ; IO_000003 ; IO_000004    ; IO_000005    ; IO_000006 ; IO_000007 ; IO_000008    ; IO_000009 ; IO_000010 ; IO_000011    ; IO_000012    ; IO_000013    ; IO_000014    ; IO_000015    ; IO_000018    ; IO_000019    ; IO_000020    ; IO_000021    ; IO_000022    ; IO_000023    ; IO_000024    ; IO_000026    ; IO_000027    ; IO_000045    ; IO_000046    ; IO_000047    ; IO_000033 ; IO_000034    ; IO_000042    ;
+--------------------+-----------+--------------+-----------+--------------+--------------+-----------+-----------+--------------+-----------+-----------+--------------+--------------+--------------+--------------+--------------+--------------+--------------+--------------+--------------+--------------+--------------+--------------+--------------+--------------+--------------+--------------+--------------+-----------+--------------+--------------+
; Total Pass         ; 17        ; 0            ; 17        ; 0            ; 0            ; 17        ; 17        ; 0            ; 17        ; 17        ; 0            ; 13           ; 0            ; 0            ; 4            ; 0            ; 13           ; 4            ; 0            ; 0            ; 0            ; 13           ; 0            ; 0            ; 0            ; 0            ; 0            ; 17        ; 0            ; 0            ;
; Total Unchecked    ; 0         ; 0            ; 0         ; 0            ; 0            ; 0         ; 0         ; 0            ; 0         ; 0         ; 0            ; 0            ; 0            ; 0            ; 0            ; 0            ; 0            ; 0            ; 0            ; 0            ; 0            ; 0            ; 0            ; 0            ; 0            ; 0            ; 0            ; 0         ; 0            ; 0            ;
; Total Inapplicable ; 0         ; 17           ; 0         ; 17           ; 17           ; 0         ; 0         ; 17           ; 0         ; 0         ; 17           ; 4            ; 17           ; 17           ; 13           ; 17           ; 4            ; 13           ; 17           ; 17           ; 17           ; 4            ; 17           ; 17           ; 17           ; 17           ; 17           ; 0         ; 17           ; 17           ;
; Total Fail         ; 0         ; 0            ; 0         ; 0            ; 0            ; 0         ; 0         ; 0            ; 0         ; 0         ; 0            ; 0            ; 0            ; 0            ; 0            ; 0            ; 0            ; 0            ; 0            ; 0            ; 0            ; 0            ; 0            ; 0            ; 0            ; 0            ; 0            ; 0         ; 0            ; 0            ;
; HEARTBEAT          ; Pass      ; Inapplicable ; Pass      ; Inapplicable ; Inapplicable ; Pass      ; Pass      ; Inapplicable ; Pass      ; Pass      ; Inapplicable ; Pass         ; Inapplicable ; Inapplicable ; Inapplicable ; Inapplicable ; Pass         ; Inapplicable ; Inapplicable ; Inapplicable ; Inapplicable ; Pass         ; Inapplicable ; Inapplicable ; Inapplicable ; Inapplicable ; Inapplicable ; Pass      ; Inapplicable ; Inapplicable ;
; HTRV_ADC_CSI       ; Pass      ; Inapplicable ; Pass      ; Inapplicable ; Inapplicable ; Pass      ; Pass      ; Inapplicable ; Pass      ; Pass      ; Inapplicable ; Pass         ; Inapplicable ; Inapplicable ; Inapplicable ; Inapplicable ; Pass         ; Inapplicable ; Inapplicable ; Inapplicable ; Inapplicable ; Pass         ; Inapplicable ; Inapplicable ; Inapplicable ; Inapplicable ; Inapplicable ; Pass      ; Inapplicable ; Inapplicable ;
; HTRV_ADC_SCLK      ; Pass      ; Inapplicable ; Pass      ; Inapplicable ; Inapplicable ; Pass      ; Pass      ; Inapplicable ; Pass      ; Pass      ; Inapplicable ; Pass         ; Inapplicable ; Inapplicable ; Inapplicable ; Inapplicable ; Pass         ; Inapplicable ; Inapplicable ; Inapplicable ; Inapplicable ; Pass         ; Inapplicable ; Inapplicable ; Inapplicable ; Inapplicable ; Inapplicable ; Pass      ; Inapplicable ; Inapplicable ;
; HTRV_ADC_SDI       ; Pass      ; Inapplicable ; Pass      ; Inapplicable ; Inapplicable ; Pass      ; Pass      ; Inapplicable ; Pass      ; Pass      ; Inapplicable ; Pass         ; Inapplicable ; Inapplicable ; Inapplicable ; Inapplicable ; Pass         ; Inapplicable ; Inapplicable ; Inapplicable ; Inapplicable ; Pass         ; Inapplicable ; Inapplicable ; Inapplicable ; Inapplicable ; Inapplicable ; Pass      ; Inapplicable ; Inapplicable ;
; HTRV_DAC_SCLK      ; Pass      ; Inapplicable ; Pass      ; Inapplicable ; Inapplicable ; Pass      ; Pass      ; Inapplicable ; Pass      ; Pass      ; Inapplicable ; Pass         ; Inapplicable ; Inapplicable ; Inapplicable ; Inapplicable ; Pass         ; Inapplicable ; Inapplicable ; Inapplicable ; Inapplicable ; Pass         ; Inapplicable ; Inapplicable ; Inapplicable ; Inapplicable ; Inapplicable ; Pass      ; Inapplicable ; Inapplicable ;
; HTRV_DAC_DIN       ; Pass      ; Inapplicable ; Pass      ; Inapplicable ; Inapplicable ; Pass      ; Pass      ; Inapplicable ; Pass      ; Pass      ; Inapplicable ; Pass         ; Inapplicable ; Inapplicable ; Inapplicable ; Inapplicable ; Pass         ; Inapplicable ; Inapplicable ; Inapplicable ; Inapplicable ; Pass         ; Inapplicable ; Inapplicable ; Inapplicable ; Inapplicable ; Inapplicable ; Pass      ; Inapplicable ; Inapplicable ;
; HTRV_DAC_SYNC      ; Pass      ; Inapplicable ; Pass      ; Inapplicable ; Inapplicable ; Pass      ; Pass      ; Inapplicable ; Pass      ; Pass      ; Inapplicable ; Pass         ; Inapplicable ; Inapplicable ; Inapplicable ; Inapplicable ; Pass         ; Inapplicable ; Inapplicable ; Inapplicable ; Inapplicable ; Pass         ; Inapplicable ; Inapplicable ; Inapplicable ; Inapplicable ; Inapplicable ; Pass      ; Inapplicable ; Inapplicable ;
; XPORT_TX           ; Pass      ; Inapplicable ; Pass      ; Inapplicable ; Inapplicable ; Pass      ; Pass      ; Inapplicable ; Pass      ; Pass      ; Inapplicable ; Pass         ; Inapplicable ; Inapplicable ; Inapplicable ; Inapplicable ; Pass         ; Inapplicable ; Inapplicable ; Inapplicable ; Inapplicable ; Pass         ; Inapplicable ; Inapplicable ; Inapplicable ; Inapplicable ; Inapplicable ; Pass      ; Inapplicable ; Inapplicable ;
; LED[4]             ; Pass      ; Inapplicable ; Pass      ; Inapplicable ; Inapplicable ; Pass      ; Pass      ; Inapplicable ; Pass      ; Pass      ; Inapplicable ; Pass         ; Inapplicable ; Inapplicable ; Inapplicable ; Inapplicable ; Pass         ; Inapplicable ; Inapplicable ; Inapplicable ; Inapplicable ; Pass         ; Inapplicable ; Inapplicable ; Inapplicable ; Inapplicable ; Inapplicable ; Pass      ; Inapplicable ; Inapplicable ;
; LED[3]             ; Pass      ; Inapplicable ; Pass      ; Inapplicable ; Inapplicable ; Pass      ; Pass      ; Inapplicable ; Pass      ; Pass      ; Inapplicable ; Pass         ; Inapplicable ; Inapplicable ; Inapplicable ; Inapplicable ; Pass         ; Inapplicable ; Inapplicable ; Inapplicable ; Inapplicable ; Pass         ; Inapplicable ; Inapplicable ; Inapplicable ; Inapplicable ; Inapplicable ; Pass      ; Inapplicable ; Inapplicable ;
; LED[2]             ; Pass      ; Inapplicable ; Pass      ; Inapplicable ; Inapplicable ; Pass      ; Pass      ; Inapplicable ; Pass      ; Pass      ; Inapplicable ; Pass         ; Inapplicable ; Inapplicable ; Inapplicable ; Inapplicable ; Pass         ; Inapplicable ; Inapplicable ; Inapplicable ; Inapplicable ; Pass         ; Inapplicable ; Inapplicable ; Inapplicable ; Inapplicable ; Inapplicable ; Pass      ; Inapplicable ; Inapplicable ;
; LED[1]             ; Pass      ; Inapplicable ; Pass      ; Inapplicable ; Inapplicable ; Pass      ; Pass      ; Inapplicable ; Pass      ; Pass      ; Inapplicable ; Pass         ; Inapplicable ; Inapplicable ; Inapplicable ; Inapplicable ; Pass         ; Inapplicable ; Inapplicable ; Inapplicable ; Inapplicable ; Pass         ; Inapplicable ; Inapplicable ; Inapplicable ; Inapplicable ; Inapplicable ; Pass      ; Inapplicable ; Inapplicable ;
; LED[0]             ; Pass      ; Inapplicable ; Pass      ; Inapplicable ; Inapplicable ; Pass      ; Pass      ; Inapplicable ; Pass      ; Pass      ; Inapplicable ; Pass         ; Inapplicable ; Inapplicable ; Inapplicable ; Inapplicable ; Pass         ; Inapplicable ; Inapplicable ; Inapplicable ; Inapplicable ; Pass         ; Inapplicable ; Inapplicable ; Inapplicable ; Inapplicable ; Inapplicable ; Pass      ; Inapplicable ; Inapplicable ;
; SYSCLOCK           ; Pass      ; Inapplicable ; Pass      ; Inapplicable ; Inapplicable ; Pass      ; Pass      ; Inapplicable ; Pass      ; Pass      ; Inapplicable ; Inapplicable ; Inapplicable ; Inapplicable ; Pass         ; Inapplicable ; Inapplicable ; Pass         ; Inapplicable ; Inapplicable ; Inapplicable ; Inapplicable ; Inapplicable ; Inapplicable ; Inapplicable ; Inapplicable ; Inapplicable ; Pass      ; Inapplicable ; Inapplicable ;
; GPIO[6]            ; Pass      ; Inapplicable ; Pass      ; Inapplicable ; Inapplicable ; Pass      ; Pass      ; Inapplicable ; Pass      ; Pass      ; Inapplicable ; Inapplicable ; Inapplicable ; Inapplicable ; Pass         ; Inapplicable ; Inapplicable ; Pass         ; Inapplicable ; Inapplicable ; Inapplicable ; Inapplicable ; Inapplicable ; Inapplicable ; Inapplicable ; Inapplicable ; Inapplicable ; Pass      ; Inapplicable ; Inapplicable ;
; XPORT_RX           ; Pass      ; Inapplicable ; Pass      ; Inapplicable ; Inapplicable ; Pass      ; Pass      ; Inapplicable ; Pass      ; Pass      ; Inapplicable ; Inapplicable ; Inapplicable ; Inapplicable ; Pass         ; Inapplicable ; Inapplicable ; Pass         ; Inapplicable ; Inapplicable ; Inapplicable ; Inapplicable ; Inapplicable ; Inapplicable ; Inapplicable ; Inapplicable ; Inapplicable ; Pass      ; Inapplicable ; Inapplicable ;
; HTRV_ADC_SDO       ; Pass      ; Inapplicable ; Pass      ; Inapplicable ; Inapplicable ; Pass      ; Pass      ; Inapplicable ; Pass      ; Pass      ; Inapplicable ; Inapplicable ; Inapplicable ; Inapplicable ; Pass         ; Inapplicable ; Inapplicable ; Pass         ; Inapplicable ; Inapplicable ; Inapplicable ; Inapplicable ; Inapplicable ; Inapplicable ; Inapplicable ; Inapplicable ; Inapplicable ; Pass      ; Inapplicable ; Inapplicable ;
+--------------------+-----------+--------------+-----------+--------------+--------------+-----------+-----------+--------------+-----------+-----------+--------------+--------------+--------------+--------------+--------------+--------------+--------------+--------------+--------------+--------------+--------------+--------------+--------------+--------------+--------------+--------------+--------------+-----------+--------------+--------------+


+-------------------------------------------------------------------------------------------+
; Fitter Device Options                                                                     ;
+------------------------------------------------------------------+------------------------+
; Option                                                           ; Setting                ;
+------------------------------------------------------------------+------------------------+
; Enable user-supplied start-up clock (CLKUSR)                     ; Off                    ;
; Enable device-wide reset (DEV_CLRn)                              ; Off                    ;
; Enable device-wide output enable (DEV_OE)                        ; Off                    ;
; Enable INIT_DONE output                                          ; Off                    ;
; Configuration scheme                                             ; Internal Configuration ;
; Enable Error Detection CRC_ERROR pin                             ; Off                    ;
; Enable open drain on CRC_ERROR pin                               ; Off                    ;
; Enable nCONFIG, nSTATUS, and CONF_DONE pins                      ; On                     ;
; Enable JTAG pin sharing                                          ; Off                    ;
; Enable nCE pin                                                   ; Off                    ;
; Enable CONFIG_SEL pin                                            ; On                     ;
; Enable input tri-state on active configuration pins in user mode ; Off                    ;
; Configuration Voltage Level                                      ; Auto                   ;
; Force Configuration Voltage Level                                ; Off                    ;
; Data[0]                                                          ; Unreserved             ;
; Data[1]/ASDO                                                     ; Unreserved             ;
; FLASH_nCE/nCSO                                                   ; Unreserved             ;
; DCLK                                                             ; Unreserved             ;
+------------------------------------------------------------------+------------------------+


+------------------------------------+
; Operating Settings and Conditions  ;
+---------------------------+--------+
; Setting                   ; Value  ;
+---------------------------+--------+
; Nominal Core Voltage      ; 1.20 V ;
; Low Junction Temperature  ; -40 °C ;
; High Junction Temperature ; 100 °C ;
+---------------------------+--------+


+------------------------------------------------------------+
; Estimated Delay Added for Hold Timing Summary              ;
+-----------------+----------------------+-------------------+
; Source Clock(s) ; Destination Clock(s) ; Delay Added in ns ;
+-----------------+----------------------+-------------------+
; clk_sys         ; clk_sys              ; 3.8               ;
+-----------------+----------------------+-------------------+
Note: For more information on problematic transfers, consider running the Fitter again with the Optimize hold timing option (Settings Menu) turned off.
This will disable optimization of problematic paths and expose them for further analysis using the Timing Analyzer.


+-----------------------------------------------------------------------------------------------------------------------------------------------------------------------------------------------------------+
; Estimated Delay Added for Hold Timing Details                                                                                                                                                             ;
+--------------------------------------------------------------+------------------------------------------------------------------------------------------------------------------------+-------------------+
; Source Register                                              ; Destination Register                                                                                                   ; Delay Added in ns ;
+--------------------------------------------------------------+------------------------------------------------------------------------------------------------------------------------+-------------------+
; mbp_top_level:inst|mbp:inst2|ram_in_q[3]                     ; mbp_top_level:inst|mbp:inst2|altsyncram:ram_block_rtl_0|altsyncram_4n71:auto_generated|ram_block1a3~porta_datain_reg0  ; 0.393             ;
; mbp_top_level:inst|mbp:inst2|ram_in_q[0]                     ; mbp_top_level:inst|mbp:inst2|altsyncram:ram_block_rtl_0|altsyncram_4n71:auto_generated|ram_block1a0~porta_datain_reg0  ; 0.393             ;
; mbp_top_level:inst|mbp:inst2|ram_in_q[1]                     ; mbp_top_level:inst|mbp:inst2|altsyncram:ram_block_rtl_0|altsyncram_4n71:auto_generated|ram_block1a1~porta_datain_reg0  ; 0.393             ;
; mbp_top_level:inst|mbp:inst2|ram_in_q[2]                     ; mbp_top_level:inst|mbp:inst2|altsyncram:ram_block_rtl_0|altsyncram_4n71:auto_generated|ram_block1a2~porta_datain_reg0  ; 0.393             ;
; mbp_top_level:inst|mbp:inst2|ram_in_q[7]                     ; mbp_top_level:inst|mbp:inst2|altsyncram:ram_block_rtl_0|altsyncram_4n71:auto_generated|ram_block1a7~porta_datain_reg0  ; 0.393             ;
; mbp_top_level:inst|mbp:inst2|ram_in_q[4]                     ; mbp_top_level:inst|mbp:inst2|altsyncram:ram_block_rtl_0|altsyncram_4n71:auto_generated|ram_block1a4~porta_datain_reg0  ; 0.393             ;
; mbp_top_level:inst|mbp:inst2|ram_in_q[6]                     ; mbp_top_level:inst|mbp:inst2|altsyncram:ram_block_rtl_0|altsyncram_4n71:auto_generated|ram_block1a6~porta_datain_reg0  ; 0.393             ;
; mbp_top_level:inst|mbp:inst2|ram_in_q[5]                     ; mbp_top_level:inst|mbp:inst2|altsyncram:ram_block_rtl_0|altsyncram_4n71:auto_generated|ram_block1a5~porta_datain_reg0  ; 0.393             ;
; mbp_top_level:inst|mbp:inst2|ram_addr_q[6]                   ; mbp_top_level:inst|mbp:inst2|altsyncram:ram_block_rtl_0|altsyncram_4n71:auto_generated|ram_block1a5~porta_address_reg0 ; 0.108             ;
; mbp_top_level:inst|mbp:inst2|ram_addr_q[7]                   ; mbp_top_level:inst|mbp:inst2|altsyncram:ram_block_rtl_0|altsyncram_4n71:auto_generated|ram_block1a5~porta_address_reg0 ; 0.086             ;
; mbp_top_level:inst|mbp:inst2|ram_addr_q[1]                   ; mbp_top_level:inst|mbp:inst2|altsyncram:ram_block_rtl_0|altsyncram_4n71:auto_generated|ram_block1a5~porta_address_reg0 ; 0.085             ;
; mbp_top_level:inst|mbp:inst2|ram_addr_q[5]                   ; mbp_top_level:inst|mbp:inst2|altsyncram:ram_block_rtl_0|altsyncram_4n71:auto_generated|ram_block1a5~porta_address_reg0 ; 0.073             ;
; mbp_top_level:inst|mbp:inst2|ram_addr_q[4]                   ; mbp_top_level:inst|mbp:inst2|altsyncram:ram_block_rtl_0|altsyncram_4n71:auto_generated|ram_block1a5~porta_address_reg0 ; 0.061             ;
; mbp_top_level:inst|mbp:inst2|state_q.idle                    ; mbp_top_level:inst|mbp:inst2|state_q.get_data                                                                          ; 0.017             ;
; ADS8688v2:inst3|q.input_din_reg[13]                          ; ADS8688v2:inst3|q.input_din_reg[14]                                                                                    ; 0.016             ;
; ADS8688v2:inst3|q.input_din_reg[2]                           ; ADS8688v2:inst3|q.input_din_reg[3]                                                                                     ; 0.016             ;
; ADS8688v2:inst3|q.input_din_reg[3]                           ; ADS8688v2:inst3|q.input_din_reg[4]                                                                                     ; 0.016             ;
; ADS8688v2:inst3|q.input_din_reg[4]                           ; ADS8688v2:inst3|q.input_din_reg[5]                                                                                     ; 0.016             ;
; ADS8688v2:inst3|q.input_din_reg[5]                           ; ADS8688v2:inst3|q.input_din_reg[6]                                                                                     ; 0.016             ;
; ADS8688v2:inst3|q.input_din_reg[6]                           ; ADS8688v2:inst3|q.input_din_reg[7]                                                                                     ; 0.016             ;
; ADS8688v2:inst3|q.input_din_reg[11]                          ; ADS8688v2:inst3|q.input_din_reg[12]                                                                                    ; 0.016             ;
; DAC8568_CONTROL:inst4|STATE.SCLK_DATA_HIGH                   ; DAC8568_CONTROL:inst4|STATE.SCLK_DATA_LOW                                                                              ; 0.016             ;
; DAC8568_CONTROL:inst4|STATE.SCLK_REF_HIGH                    ; DAC8568_CONTROL:inst4|STATE.SCLK_REF_LOW                                                                               ; 0.016             ;
; mbp_top_level:inst|slim_txrx:inst1|r_SM_Main_R.s_Idle_R      ; mbp_top_level:inst|slim_txrx:inst1|r_Bit_Index_R[0]                                                                    ; 0.016             ;
; mbp_top_level:inst|slim_txrx:inst1|r_SM_Main_R.s_RX_Stop_Bit ; mbp_top_level:inst|slim_txrx:inst1|r_SM_Main_R.s_Cleanup_R                                                             ; 0.015             ;
+--------------------------------------------------------------+------------------------------------------------------------------------------------------------------------------------+-------------------+
Note: This table only shows the top 25 path(s) that have the largest delay added for hold.


+-----------------+
; Fitter Messages ;
+-----------------+
Warning (18236): Number of processors has not been specified which may cause overloading on shared machines.  Set the global assignment NUM_PARALLEL_PROCESSORS in your QSF to an appropriate value for best performance.
Info (20030): Parallel compilation is enabled and will use 14 of the 14 processors detected
Info (119006): Selected device 10M50SAE144I7G for design "MODBUS"
Info (21077): Low junction temperature is -40 degrees C
Info (21077): High junction temperature is 100 degrees C
Info (171003): Fitter is performing an Auto Fit compilation, which may decrease Fitter effort to reduce compilation time
Warning (292013): Feature LogicLock is only available with a valid subscription license. You can purchase a software subscription to gain full access to this feature.
Critical Warning (16562): Review the Power Analyzer report file (<design>.pow.rpt) to ensure your design is within the maximum power utilization limit of the single power-supply target device and to avoid functional failures.
Info (176444): Device migration not selected. If you intend to use device migration later, you may need to change the pin assignments as they may be incompatible with other devices
    Info (176445): Device 10M40SAE144I7G is compatible
Info (169124): Fitter converted 8 user pins into dedicated programming pins
    Info (169125): Pin ~ALTERA_TMS~ is reserved at location 16
    Info (169125): Pin ~ALTERA_TCK~ is reserved at location 17
    Info (169125): Pin ~ALTERA_TDI~ is reserved at location 18
    Info (169125): Pin ~ALTERA_TDO~ is reserved at location 19
    Info (169125): Pin ~ALTERA_CONFIG_SEL~ is reserved at location 128
    Info (169125): Pin ~ALTERA_nCONFIG~ is reserved at location 130
    Info (169125): Pin ~ALTERA_nSTATUS~ is reserved at location 136
    Info (169125): Pin ~ALTERA_CONF_DONE~ is reserved at location 138
Info (169141): DATA[0] dual-purpose pin not reserved
Info (12825): Data[1]/ASDO dual-purpose pin not reserved
Info (12825): nCSO dual-purpose pin not reserved
Info (12825): DCLK dual-purpose pin not reserved
Warning (15714): Some pins have incomplete I/O assignments. Refer to the I/O Assignment Warnings report for details
Info (176045): Design uses memory blocks. Violating setup or hold times of memory block address registers for either read or write operations could cause memory contents to be corrupted. Make sure that all memory block address registers meet the setup and hold time requirements.
Info (332104): Reading SDC File: 'MODBUS.sdc'
Critical Warning (332168): The following clock transfers have no clock uncertainty assignment. For more accurate results, apply clock uncertainty assignments or use the derive_clock_uncertainty command.
    Critical Warning (332169): From clk_sys (Rise) to clk_sys (Rise) (setup and hold)
Info (332129): Detected timing requirements -- optimizing circuit to achieve only the specified requirements
Info (332111): Found 1 clocks
    Info (332111):   Period   Clock Name
    Info (332111): ======== ============
    Info (332111):   10.000      clk_sys
Info (176353): Automatically promoted node SYSCLOCK~input (placed in PIN 88 (CLK2p, DIFFIO_RX_R38p, DIFFOUT_R38p, High_Speed))
    Info (176355): Automatically promoted destinations to use location or clock signal Global Clock CLKCTRL_G9
Info (176233): Starting register packing
Info (176235): Finished register packing
    Extra Info (176218): Packed 8 registers into blocks of type Block RAM
Warning (15705): Ignored locations or region assignments to the following nodes
    Warning (15706): Node "AMP_TS_FPGA[0]" is assigned to location or region, but does not exist in design
    Warning (15706): Node "AMP_TS_FPGA[1]" is assigned to location or region, but does not exist in design
    Warning (15706): Node "AMP_TS_FPGA[2]" is assigned to location or region, but does not exist in design
    Warning (15706): Node "AMP_TS_FPGA[3]" is assigned to location or region, but does not exist in design
    Warning (15706): Node "AMP_TS_FPGA[4]" is assigned to location or region, but does not exist in design
    Warning (15706): Node "AMP_TS_FPGA[5]" is assigned to location or region, but does not exist in design
    Warning (15706): Node "AMP_TS_FPGA[6]" is assigned to location or region, but does not exist in design
    Warning (15706): Node "AMP_TS_FPGA[7]" is assigned to location or region, but does not exist in design
    Warning (15706): Node "FLT_CAV_FPGA[0]" is assigned to location or region, but does not exist in design
    Warning (15706): Node "FLT_CAV_FPGA[1]" is assigned to location or region, but does not exist in design
    Warning (15706): Node "FLT_CAV_FPGA[2]" is assigned to location or region, but does not exist in design
    Warning (15706): Node "FLT_CAV_FPGA[3]" is assigned to location or region, but does not exist in design
    Warning (15706): Node "FLT_CAV_FPGA[4]" is assigned to location or region, but does not exist in design
    Warning (15706): Node "FLT_CAV_FPGA[5]" is assigned to location or region, but does not exist in design
    Warning (15706): Node "FLT_CAV_FPGA[6]" is assigned to location or region, but does not exist in design
    Warning (15706): Node "FLT_CAV_FPGA[7]" is assigned to location or region, but does not exist in design
    Warning (15706): Node "FSD_CAV_FPGA[0]" is assigned to location or region, but does not exist in design
    Warning (15706): Node "FSD_CAV_FPGA[1]" is assigned to location or region, but does not exist in design
    Warning (15706): Node "FSD_CAV_FPGA[2]" is assigned to location or region, but does not exist in design
    Warning (15706): Node "FSD_CAV_FPGA[3]" is assigned to location or region, but does not exist in design
    Warning (15706): Node "FSD_CAV_FPGA[4]" is assigned to location or region, but does not exist in design
    Warning (15706): Node "FSD_CAV_FPGA[5]" is assigned to location or region, but does not exist in design
    Warning (15706): Node "FSD_CAV_FPGA[6]" is assigned to location or region, but does not exist in design
    Warning (15706): Node "FSD_CAV_FPGA[7]" is assigned to location or region, but does not exist in design
    Warning (15706): Node "GPIO[0]" is assigned to location or region, but does not exist in design
    Warning (15706): Node "GPIO[1]" is assigned to location or region, but does not exist in design
    Warning (15706): Node "GPIO[2]" is assigned to location or region, but does not exist in design
    Warning (15706): Node "GPIO[3]" is assigned to location or region, but does not exist in design
    Warning (15706): Node "GPIO[4]" is assigned to location or region, but does not exist in design
    Warning (15706): Node "GPIO[5]" is assigned to location or region, but does not exist in design
    Warning (15706): Node "HTRI_ADC_CSI" is assigned to location or region, but does not exist in design
    Warning (15706): Node "HTRI_ADC_SCLK" is assigned to location or region, but does not exist in design
    Warning (15706): Node "HTRI_ADC_SDI" is assigned to location or region, but does not exist in design
    Warning (15706): Node "HTRI_ADC_SDO" is assigned to location or region, but does not exist in design
    Warning (15706): Node "REMOTE_LOCAL" is assigned to location or region, but does not exist in design
    Warning (15706): Node "TMPHS_ADC_CSI" is assigned to location or region, but does not exist in design
    Warning (15706): Node "TMPHS_ADC_SCLK" is assigned to location or region, but does not exist in design
    Warning (15706): Node "TMPHS_ADC_SDI" is assigned to location or region, but does not exist in design
    Warning (15706): Node "TMPHS_ADC_SDO" is assigned to location or region, but does not exist in design
Info (171121): Fitter preparation operations ending: elapsed time is 00:00:02
Info (14896): Fitter has disabled Advanced Physical Optimization because it is not supported for the current family.
Info (170189): Fitter placement preparation operations beginning
Info (170190): Fitter placement preparation operations ending: elapsed time is 00:00:00
Info (170191): Fitter placement operations beginning
Info (170137): Fitter placement was successful
Info (170192): Fitter placement operations ending: elapsed time is 00:00:03
Info (170193): Fitter routing operations beginning
Info (170195): Router estimated average interconnect usage is 2% of the available device resources
    Info (170196): Router estimated peak interconnect usage is 25% of the available device resources in the region that extends from location X33_Y11 to location X44_Y21
Info (170199): The Fitter performed an Auto Fit compilation.  Optimizations were skipped to reduce compilation time.
    Info (170201): Optimizations that may affect the design's routability were skipped
    Info (170200): Optimizations that may affect the design's timing were skipped
Info (170194): Fitter routing operations ending: elapsed time is 00:00:01
Info (11888): Total time spent on timing analysis during the Fitter is 0.79 seconds.
Info (334003): Started post-fitting delay annotation
Info (334004): Delay annotation completed successfully
Info (334003): Started post-fitting delay annotation
Info (334004): Delay annotation completed successfully
Info (11218): Fitter post-fit operations ending: elapsed time is 00:00:01
Warning (171167): Found invalid Fitter assignments. See the Ignored Assignments panel in the Fitter Compilation Report for more information.
Warning (169177): 1 pins must meet Intel FPGA requirements for 3.3-, 3.0-, and 2.5-V interfaces. For more information, refer to AN 447: Interfacing MAX 10 Devices with 3.3/3.0/2.5-V LVTTL/LVCMOS I/O Systems.
    Info (169178): Pin SYSCLOCK uses I/O standard 3.3-V LVCMOS at 88
Info (144001): Generated suppressed messages file C:/Users/geesamen/Documents/GitProjects/EES_REPO_CTRL/LLRF3_HTR/output_files/MODBUS.fit.smsg
Info: Quartus Prime Fitter was successful. 0 errors, 49 warnings
    Info: Peak virtual memory: 6471 megabytes
    Info: Processing ended: Tue Sep 15 14:52:20 2026
    Info: Elapsed time: 00:00:12
    Info: Total CPU time (on all processors): 00:00:34


+----------------------------+
; Fitter Suppressed Messages ;
+----------------------------+
The suppressed messages can be found in C:/Users/geesamen/Documents/GitProjects/EES_REPO_CTRL/LLRF3_HTR/output_files/MODBUS.fit.smsg.


