Analysis & Synthesis report for MODBUS
Fri Sep 25 12:22:31 2026
Quartus Prime Version 18.1.0 Build 625 09/12/2018 SJ Lite Edition


---------------------
; Table of Contents ;
---------------------
  1. Legal Notice
  2. Analysis & Synthesis Summary
  3. Analysis & Synthesis Settings
  4. Parallel Compilation
  5. Analysis & Synthesis Source Files Read
  6. Analysis & Synthesis Resource Usage Summary
  7. Analysis & Synthesis Resource Utilization by Entity
  8. Analysis & Synthesis RAM Summary
  9. Analysis & Synthesis IP Cores Summary
 10. State Machine - |MODBUS|Heartbeat_FP:inst2|ss
 11. State Machine - |MODBUS|DAC8568_CONTROL:inst4|STATE
 12. State Machine - |MODBUS|mbp_top_level:inst|mbp:inst2|state_q
 13. State Machine - |MODBUS|mbp_top_level:inst|slim_txrx:inst1|r_SM_Main
 14. State Machine - |MODBUS|mbp_top_level:inst|slim_txrx:inst1|r_SM_Main_R
 15. State Machine - |MODBUS|ADS8688v2:inst3|q.state
 16. State Machine - |MODBUS|Heartbeat:inst7|ss
 17. Registers Removed During Synthesis
 18. Removed Registers Triggering Further Register Optimizations
 19. General Register Statistics
 20. Inverted Register Statistics
 21. Registers Packed Into Inferred Megafunctions
 22. Multiplexer Restructuring Statistics (Restructuring Performed)
 23. Source assignments for sld_signaltap:auto_signaltap_0
 24. Source assignments for mbp_top_level:inst|mbp:inst2|altsyncram:ram_block_rtl_0|altsyncram_4n71:auto_generated
 25. Parameter Settings for User Entity Instance: ADS8688v2:inst3|FILTERS:\ADCDataFilter:0:ADC_Filter|regne:DATA_BUF
 26. Parameter Settings for User Entity Instance: ADS8688v2:inst3|FILTERS:\ADCDataFilter:0:ADC_Filter|IIR_SIMPLE:SIMPLEIIR|regne:FILTER_REG
 27. Parameter Settings for User Entity Instance: ADS8688v2:inst3|FILTERS:\ADCDataFilter:0:ADC_Filter|IIR_SIMPLE:SIMPLEIIR|regne:OUTPUT_REG
 28. Parameter Settings for User Entity Instance: ADS8688v2:inst3|FILTERS:\ADCDataFilter:1:ADC_Filter|regne:DATA_BUF
 29. Parameter Settings for User Entity Instance: ADS8688v2:inst3|FILTERS:\ADCDataFilter:1:ADC_Filter|IIR_SIMPLE:SIMPLEIIR|regne:FILTER_REG
 30. Parameter Settings for User Entity Instance: ADS8688v2:inst3|FILTERS:\ADCDataFilter:1:ADC_Filter|IIR_SIMPLE:SIMPLEIIR|regne:OUTPUT_REG
 31. Parameter Settings for User Entity Instance: ADS8688v2:inst3|FILTERS:\ADCDataFilter:2:ADC_Filter|regne:DATA_BUF
 32. Parameter Settings for User Entity Instance: ADS8688v2:inst3|FILTERS:\ADCDataFilter:2:ADC_Filter|IIR_SIMPLE:SIMPLEIIR|regne:FILTER_REG
 33. Parameter Settings for User Entity Instance: ADS8688v2:inst3|FILTERS:\ADCDataFilter:2:ADC_Filter|IIR_SIMPLE:SIMPLEIIR|regne:OUTPUT_REG
 34. Parameter Settings for User Entity Instance: ADS8688v2:inst3|FILTERS:\ADCDataFilter:3:ADC_Filter|regne:DATA_BUF
 35. Parameter Settings for User Entity Instance: ADS8688v2:inst3|FILTERS:\ADCDataFilter:3:ADC_Filter|IIR_SIMPLE:SIMPLEIIR|regne:FILTER_REG
 36. Parameter Settings for User Entity Instance: ADS8688v2:inst3|FILTERS:\ADCDataFilter:3:ADC_Filter|IIR_SIMPLE:SIMPLEIIR|regne:OUTPUT_REG
 37. Parameter Settings for User Entity Instance: ADS8688v2:inst3|FILTERS:\ADCDataFilter:4:ADC_Filter|regne:DATA_BUF
 38. Parameter Settings for User Entity Instance: ADS8688v2:inst3|FILTERS:\ADCDataFilter:4:ADC_Filter|IIR_SIMPLE:SIMPLEIIR|regne:FILTER_REG
 39. Parameter Settings for User Entity Instance: ADS8688v2:inst3|FILTERS:\ADCDataFilter:4:ADC_Filter|IIR_SIMPLE:SIMPLEIIR|regne:OUTPUT_REG
 40. Parameter Settings for User Entity Instance: ADS8688v2:inst3|FILTERS:\ADCDataFilter:5:ADC_Filter|regne:DATA_BUF
 41. Parameter Settings for User Entity Instance: ADS8688v2:inst3|FILTERS:\ADCDataFilter:5:ADC_Filter|IIR_SIMPLE:SIMPLEIIR|regne:FILTER_REG
 42. Parameter Settings for User Entity Instance: ADS8688v2:inst3|FILTERS:\ADCDataFilter:5:ADC_Filter|IIR_SIMPLE:SIMPLEIIR|regne:OUTPUT_REG
 43. Parameter Settings for User Entity Instance: ADS8688v2:inst3|FILTERS:\ADCDataFilter:6:ADC_Filter|regne:DATA_BUF
 44. Parameter Settings for User Entity Instance: ADS8688v2:inst3|FILTERS:\ADCDataFilter:6:ADC_Filter|IIR_SIMPLE:SIMPLEIIR|regne:FILTER_REG
 45. Parameter Settings for User Entity Instance: ADS8688v2:inst3|FILTERS:\ADCDataFilter:6:ADC_Filter|IIR_SIMPLE:SIMPLEIIR|regne:OUTPUT_REG
 46. Parameter Settings for User Entity Instance: ADS8688v2:inst3|FILTERS:\ADCDataFilter:7:ADC_Filter|regne:DATA_BUF
 47. Parameter Settings for User Entity Instance: ADS8688v2:inst3|FILTERS:\ADCDataFilter:7:ADC_Filter|IIR_SIMPLE:SIMPLEIIR|regne:FILTER_REG
 48. Parameter Settings for User Entity Instance: ADS8688v2:inst3|FILTERS:\ADCDataFilter:7:ADC_Filter|IIR_SIMPLE:SIMPLEIIR|regne:OUTPUT_REG
 49. Parameter Settings for User Entity Instance: mbp_regs:inst1
 50. Parameter Settings for User Entity Instance: mbp_top_level:inst
 51. Parameter Settings for User Entity Instance: mbp_top_level:inst|slim_txrx:inst1
 52. Parameter Settings for User Entity Instance: mbp_top_level:inst|mbp:inst2
 53. Parameter Settings for User Entity Instance: DAC8568_CONTROL:inst4|regne:\DAC_DATA_REG_GEN_I:0:DAC_DATA_REGI
 54. Parameter Settings for User Entity Instance: DAC8568_CONTROL:inst4|regne:\DAC_DATA_REG_GEN_I:1:DAC_DATA_REGI
 55. Parameter Settings for User Entity Instance: DAC8568_CONTROL:inst4|regne:\DAC_DATA_REG_GEN_I:2:DAC_DATA_REGI
 56. Parameter Settings for User Entity Instance: DAC8568_CONTROL:inst4|regne:\DAC_DATA_REG_GEN_I:3:DAC_DATA_REGI
 57. Parameter Settings for User Entity Instance: DAC8568_CONTROL:inst4|regne:\DAC_DATA_REG_GEN_I:4:DAC_DATA_REGI
 58. Parameter Settings for User Entity Instance: DAC8568_CONTROL:inst4|regne:\DAC_DATA_REG_GEN_I:5:DAC_DATA_REGI
 59. Parameter Settings for User Entity Instance: DAC8568_CONTROL:inst4|regne:\DAC_DATA_REG_GEN_I:6:DAC_DATA_REGI
 60. Parameter Settings for User Entity Instance: DAC8568_CONTROL:inst4|regne:\DAC_DATA_REG_GEN_I:7:DAC_DATA_REGI
 61. Parameter Settings for User Entity Instance: DAC8568_CONTROL:inst4|counter:SCLK_CNTR
 62. Parameter Settings for User Entity Instance: DAC8568_CONTROL:inst4|counter:SYNC_CNTR
 63. Parameter Settings for User Entity Instance: DAC8568_CONTROL:inst4|counter:SCLK_DIV_CNTR
 64. Parameter Settings for User Entity Instance: DAC8568_CONTROL:inst4|counter:DAC_ADDR_CNTR
 65. Parameter Settings for User Entity Instance: DAC8568_CONTROL:inst4|SHIFT_REG:DAC_DATA_IN_REG
 66. Parameter Settings for Inferred Entity Instance: sld_signaltap:auto_signaltap_0
 67. Parameter Settings for Inferred Entity Instance: mbp_top_level:inst|mbp:inst2|altsyncram:ram_block_rtl_0
 68. altsyncram Parameter Settings by Entity Instance
 69. Port Connectivity Checks: "DAC8568_CONTROL:inst4|SHIFT_REG:DAC_DATA_IN_REG"
 70. Port Connectivity Checks: "DAC8568_CONTROL:inst4|counter:DAC_ADDR_CNTR"
 71. Port Connectivity Checks: "DAC8568_CONTROL:inst4|counter:SYNC_CNTR"
 72. Port Connectivity Checks: "DAC8568_CONTROL:inst4|FLIP_FLOP:DAC_DATA_LATCH"
 73. Port Connectivity Checks: "DAC8568_CONTROL:inst4|regne:\DAC_DATA_REG_GEN_I:7:DAC_DATA_REGI"
 74. Port Connectivity Checks: "DAC8568_CONTROL:inst4|regne:\DAC_DATA_REG_GEN_I:6:DAC_DATA_REGI"
 75. Port Connectivity Checks: "DAC8568_CONTROL:inst4|regne:\DAC_DATA_REG_GEN_I:5:DAC_DATA_REGI"
 76. Port Connectivity Checks: "DAC8568_CONTROL:inst4|regne:\DAC_DATA_REG_GEN_I:4:DAC_DATA_REGI"
 77. Port Connectivity Checks: "DAC8568_CONTROL:inst4|regne:\DAC_DATA_REG_GEN_I:3:DAC_DATA_REGI"
 78. Port Connectivity Checks: "DAC8568_CONTROL:inst4|regne:\DAC_DATA_REG_GEN_I:2:DAC_DATA_REGI"
 79. Port Connectivity Checks: "DAC8568_CONTROL:inst4|regne:\DAC_DATA_REG_GEN_I:1:DAC_DATA_REGI"
 80. Port Connectivity Checks: "DAC8568_CONTROL:inst4|regne:\DAC_DATA_REG_GEN_I:0:DAC_DATA_REGI"
 81. Port Connectivity Checks: "mbp_top_level:inst|slim_txrx:inst1"
 82. Port Connectivity Checks: "ADS8688v2:inst3|FILTERS:\ADCDataFilter:0:ADC_Filter|IIR_SIMPLE:SIMPLEIIR|regne:OUTPUT_REG"
 83. Port Connectivity Checks: "ADS8688v2:inst3|FILTERS:\ADCDataFilter:0:ADC_Filter|IIR_SIMPLE:SIMPLEIIR|regne:FILTER_REG"
 84. Port Connectivity Checks: "ADS8688v2:inst3|FILTERS:\ADCDataFilter:0:ADC_Filter|regne:DATA_BUF"
 85. Signal Tap Logic Analyzer Settings
 86. Post-Synthesis Netlist Statistics for Top Partition
 87. Elapsed Time Per Partition
 88. Connections to In-System Debugging Instance "auto_signaltap_0"
 89. Analysis & Synthesis Messages



----------------
; Legal Notice ;
----------------
Copyright (C) 2018  Intel Corporation. All rights reserved.
Your use of Intel Corporation's design tools, logic functions 
and other software and tools, and its AMPP partner logic 
functions, and any output files from any of the foregoing 
(including device programming or simulation files), and any 
associated documentation or information are expressly subject 
to the terms and conditions of the Intel Program License 
Subscription Agreement, the Intel Quartus Prime License Agreement,
the Intel FPGA IP License Agreement, or other applicable license
agreement, including, without limitation, that your use is for
the sole purpose of programming logic devices manufactured by
Intel and sold by Intel or its authorized distributors.  Please
refer to the applicable agreement for further details.



+----------------------------------------------------------------------------------+
; Analysis & Synthesis Summary                                                     ;
+------------------------------------+---------------------------------------------+
; Analysis & Synthesis Status        ; Successful - Fri Sep 25 12:22:31 2026       ;
; Quartus Prime Version              ; 18.1.0 Build 625 09/12/2018 SJ Lite Edition ;
; Revision Name                      ; MODBUS                                      ;
; Top-level Entity Name              ; MODBUS                                      ;
; Family                             ; MAX 10                                      ;
; Total logic elements               ; 5,846                                       ;
;     Total combinational functions  ; 4,071                                       ;
;     Dedicated logic registers      ; 4,296                                       ;
; Total registers                    ; 4296                                        ;
; Total pins                         ; 21                                          ;
; Total virtual pins                 ; 0                                           ;
; Total memory bits                  ; 1,050,624                                   ;
; Embedded Multiplier 9-bit elements ; 0                                           ;
; Total PLLs                         ; 0                                           ;
; UFM blocks                         ; 0                                           ;
; ADC blocks                         ; 0                                           ;
+------------------------------------+---------------------------------------------+


+------------------------------------------------------------------------------------------------------------+
; Analysis & Synthesis Settings                                                                              ;
+------------------------------------------------------------------+--------------------+--------------------+
; Option                                                           ; Setting            ; Default Value      ;
+------------------------------------------------------------------+--------------------+--------------------+
; Device                                                           ; 10M50SAE144I7G     ;                    ;
; Top-level entity name                                            ; MODBUS             ; MODBUS             ;
; Family name                                                      ; MAX 10             ; Cyclone V          ;
; Use smart compilation                                            ; Off                ; Off                ;
; Enable parallel Assembler and Timing Analyzer during compilation ; On                 ; On                 ;
; Enable compact report table                                      ; Off                ; Off                ;
; Restructure Multiplexers                                         ; Auto               ; Auto               ;
; Create Debugging Nodes for IP Cores                              ; Off                ; Off                ;
; Preserve fewer node names                                        ; On                 ; On                 ;
; Intel FPGA IP Evaluation Mode                                    ; Enable             ; Enable             ;
; Verilog Version                                                  ; Verilog_2001       ; Verilog_2001       ;
; VHDL Version                                                     ; VHDL_1993          ; VHDL_1993          ;
; State Machine Processing                                         ; Auto               ; Auto               ;
; Safe State Machine                                               ; Off                ; Off                ;
; Extract Verilog State Machines                                   ; On                 ; On                 ;
; Extract VHDL State Machines                                      ; On                 ; On                 ;
; Ignore Verilog initial constructs                                ; Off                ; Off                ;
; Iteration limit for constant Verilog loops                       ; 5000               ; 5000               ;
; Iteration limit for non-constant Verilog loops                   ; 250                ; 250                ;
; Add Pass-Through Logic to Inferred RAMs                          ; On                 ; On                 ;
; Infer RAMs from Raw Logic                                        ; On                 ; On                 ;
; Parallel Synthesis                                               ; On                 ; On                 ;
; DSP Block Balancing                                              ; Auto               ; Auto               ;
; NOT Gate Push-Back                                               ; On                 ; On                 ;
; Power-Up Don't Care                                              ; On                 ; On                 ;
; Remove Redundant Logic Cells                                     ; Off                ; Off                ;
; Remove Duplicate Registers                                       ; On                 ; On                 ;
; Ignore CARRY Buffers                                             ; Off                ; Off                ;
; Ignore CASCADE Buffers                                           ; Off                ; Off                ;
; Ignore GLOBAL Buffers                                            ; Off                ; Off                ;
; Ignore ROW GLOBAL Buffers                                        ; Off                ; Off                ;
; Ignore LCELL Buffers                                             ; Off                ; Off                ;
; Ignore SOFT Buffers                                              ; On                 ; On                 ;
; Limit AHDL Integers to 32 Bits                                   ; Off                ; Off                ;
; Optimization Technique                                           ; Balanced           ; Balanced           ;
; Carry Chain Length                                               ; 70                 ; 70                 ;
; Auto Carry Chains                                                ; On                 ; On                 ;
; Auto Open-Drain Pins                                             ; On                 ; On                 ;
; Perform WYSIWYG Primitive Resynthesis                            ; Off                ; Off                ;
; Auto ROM Replacement                                             ; On                 ; On                 ;
; Auto RAM Replacement                                             ; On                 ; On                 ;
; Auto DSP Block Replacement                                       ; On                 ; On                 ;
; Auto Shift Register Replacement                                  ; Auto               ; Auto               ;
; Allow Shift Register Merging across Hierarchies                  ; Auto               ; Auto               ;
; Auto Clock Enable Replacement                                    ; On                 ; On                 ;
; Strict RAM Replacement                                           ; Off                ; Off                ;
; Allow Synchronous Control Signals                                ; On                 ; On                 ;
; Force Use of Synchronous Clear Signals                           ; Off                ; Off                ;
; Auto RAM Block Balancing                                         ; On                 ; On                 ;
; Auto RAM to Logic Cell Conversion                                ; Off                ; Off                ;
; Auto Resource Sharing                                            ; Off                ; Off                ;
; Allow Any RAM Size For Recognition                               ; Off                ; Off                ;
; Allow Any ROM Size For Recognition                               ; Off                ; Off                ;
; Allow Any Shift Register Size For Recognition                    ; Off                ; Off                ;
; Use LogicLock Constraints during Resource Balancing              ; On                 ; On                 ;
; Ignore translate_off and synthesis_off directives                ; Off                ; Off                ;
; Timing-Driven Synthesis                                          ; On                 ; On                 ;
; Report Parameter Settings                                        ; On                 ; On                 ;
; Report Source Assignments                                        ; On                 ; On                 ;
; Report Connectivity Checks                                       ; On                 ; On                 ;
; Ignore Maximum Fan-Out Assignments                               ; Off                ; Off                ;
; Synchronization Register Chain Length                            ; 2                  ; 2                  ;
; Power Optimization During Synthesis                              ; Normal compilation ; Normal compilation ;
; HDL message level                                                ; Level2             ; Level2             ;
; Suppress Register Optimization Related Messages                  ; Off                ; Off                ;
; Number of Removed Registers Reported in Synthesis Report         ; 5000               ; 5000               ;
; Number of Swept Nodes Reported in Synthesis Report               ; 5000               ; 5000               ;
; Number of Inverted Registers Reported in Synthesis Report        ; 100                ; 100                ;
; Clock MUX Protection                                             ; On                 ; On                 ;
; Auto Gated Clock Conversion                                      ; Off                ; Off                ;
; Block Design Naming                                              ; Auto               ; Auto               ;
; SDC constraint protection                                        ; Off                ; Off                ;
; Synthesis Effort                                                 ; Auto               ; Auto               ;
; Shift Register Replacement - Allow Asynchronous Clear Signal     ; On                 ; On                 ;
; Pre-Mapping Resynthesis Optimization                             ; Off                ; Off                ;
; Analysis & Synthesis Message Level                               ; Medium             ; Medium             ;
; Disable Register Merging Across Hierarchies                      ; Auto               ; Auto               ;
; Resource Aware Inference For Block RAM                           ; On                 ; On                 ;
+------------------------------------------------------------------+--------------------+--------------------+


+------------------------------------------+
; Parallel Compilation                     ;
+----------------------------+-------------+
; Processors                 ; Number      ;
+----------------------------+-------------+
; Number detected on machine ; 20          ;
; Maximum allowed            ; 14          ;
;                            ;             ;
; Average used               ; 1.00        ;
; Maximum used               ; 14          ;
;                            ;             ;
; Usage by Processor         ; % Time Used ;
;     Processor 1            ; 100.0%      ;
;     Processor 2            ;   0.0%      ;
;     Processor 3            ;   0.0%      ;
;     Processor 4            ;   0.0%      ;
;     Processor 5            ;   0.0%      ;
;     Processor 6            ;   0.0%      ;
;     Processor 7            ;   0.0%      ;
;     Processor 8            ;   0.0%      ;
;     Processors 9-14        ;   0.0%      ;
+----------------------------+-------------+


+----------------------------------------------------------------------------------------------------------------------------------------------------------------------------------------------------------------------------------------------------------------------------------------+
; Analysis & Synthesis Source Files Read                                                                                                                                                                                                                                                 ;
+--------------------------------------------------------------------+-----------------+----------------------------------------------+------------------------------------------------------------------------------------------------------------------------------------+-------------+
; File Name with User-Entered Path                                   ; Used in Netlist ; File Type                                    ; File Name with Absolute Path                                                                                                       ; Library     ;
+--------------------------------------------------------------------+-----------------+----------------------------------------------+------------------------------------------------------------------------------------------------------------------------------------+-------------+
; cic_8.v                                                            ; yes             ; User Verilog HDL File                        ; C:/Users/geesamen/Documents/GitProjects/EES_REPO_CTRL/LLRF3_HTR/cic_8.v                                                            ;             ;
; iir_lpf.v                                                          ; yes             ; User Verilog HDL File                        ; C:/Users/geesamen/Documents/GitProjects/EES_REPO_CTRL/LLRF3_HTR/iir_lpf.v                                                          ;             ;
; IIRK_SIMPLE.vhd                                                    ; yes             ; User VHDL File                               ; C:/Users/geesamen/Documents/GitProjects/EES_REPO_CTRL/LLRF3_HTR/IIRK_SIMPLE.vhd                                                    ;             ;
; components.vhd                                                     ; yes             ; User VHDL File                               ; C:/Users/geesamen/Documents/GitProjects/EES_REPO_CTRL/LLRF3_HTR/components.vhd                                                     ;             ;
; DAC8568_CONTROL.vhd                                                ; yes             ; User VHDL File                               ; C:/Users/geesamen/Documents/GitProjects/EES_REPO_CTRL/LLRF3_HTR/DAC8568_CONTROL.vhd                                                ;             ;
; Heartbeat.tdf                                                      ; yes             ; User AHDL File                               ; C:/Users/geesamen/Documents/GitProjects/EES_REPO_CTRL/LLRF3_HTR/Heartbeat.tdf                                                      ;             ;
; slim_txrx.vhd                                                      ; yes             ; User VHDL File                               ; C:/Users/geesamen/Documents/GitProjects/EES_REPO_CTRL/LLRF3_HTR/slim_txrx.vhd                                                      ;             ;
; mbp_top_level.vhd                                                  ; yes             ; User VHDL File                               ; C:/Users/geesamen/Documents/GitProjects/EES_REPO_CTRL/LLRF3_HTR/mbp_top_level.vhd                                                  ;             ;
; mbp_regs.vhd                                                       ; yes             ; User VHDL File                               ; C:/Users/geesamen/Documents/GitProjects/EES_REPO_CTRL/LLRF3_HTR/mbp_regs.vhd                                                       ;             ;
; mbp.vhd                                                            ; yes             ; User VHDL File                               ; C:/Users/geesamen/Documents/GitProjects/EES_REPO_CTRL/LLRF3_HTR/mbp.vhd                                                            ;             ;
; MODBUS.bdf                                                         ; yes             ; User Block Diagram/Schematic File            ; C:/Users/geesamen/Documents/GitProjects/EES_REPO_CTRL/LLRF3_HTR/MODBUS.bdf                                                         ;             ;
; Filters.vhd                                                        ; yes             ; User VHDL File                               ; C:/Users/geesamen/Documents/GitProjects/EES_REPO_CTRL/LLRF3_HTR/Filters.vhd                                                        ;             ;
; Heartbeat_FP.tdf                                                   ; yes             ; User AHDL File                               ; C:/Users/geesamen/Documents/GitProjects/EES_REPO_CTRL/LLRF3_HTR/Heartbeat_FP.tdf                                                   ;             ;
; ADS8688v2.vhd                                                      ; yes             ; User VHDL File                               ; C:/Users/geesamen/Documents/GitProjects/EES_REPO_CTRL/LLRF3_HTR/ADS8688v2.vhd                                                      ;             ;
; sld_signaltap.vhd                                                  ; yes             ; Megafunction                                 ; c:/intelfpga_lite/18.1/quartus/libraries/megafunctions/sld_signaltap.vhd                                                           ;             ;
; sld_signaltap_impl.vhd                                             ; yes             ; Encrypted Megafunction                       ; c:/intelfpga_lite/18.1/quartus/libraries/megafunctions/sld_signaltap_impl.vhd                                                      ;             ;
; sld_ela_control.vhd                                                ; yes             ; Encrypted Megafunction                       ; c:/intelfpga_lite/18.1/quartus/libraries/megafunctions/sld_ela_control.vhd                                                         ;             ;
; lpm_shiftreg.tdf                                                   ; yes             ; Megafunction                                 ; c:/intelfpga_lite/18.1/quartus/libraries/megafunctions/lpm_shiftreg.tdf                                                            ;             ;
; lpm_constant.inc                                                   ; yes             ; Megafunction                                 ; c:/intelfpga_lite/18.1/quartus/libraries/megafunctions/lpm_constant.inc                                                            ;             ;
; dffeea.inc                                                         ; yes             ; Megafunction                                 ; c:/intelfpga_lite/18.1/quartus/libraries/megafunctions/dffeea.inc                                                                  ;             ;
; aglobal181.inc                                                     ; yes             ; Megafunction                                 ; c:/intelfpga_lite/18.1/quartus/libraries/megafunctions/aglobal181.inc                                                              ;             ;
; sld_mbpmg.vhd                                                      ; yes             ; Encrypted Megafunction                       ; c:/intelfpga_lite/18.1/quartus/libraries/megafunctions/sld_mbpmg.vhd                                                               ;             ;
; sld_ela_trigger_flow_mgr.vhd                                       ; yes             ; Encrypted Megafunction                       ; c:/intelfpga_lite/18.1/quartus/libraries/megafunctions/sld_ela_trigger_flow_mgr.vhd                                                ;             ;
; sld_buffer_manager.vhd                                             ; yes             ; Encrypted Megafunction                       ; c:/intelfpga_lite/18.1/quartus/libraries/megafunctions/sld_buffer_manager.vhd                                                      ;             ;
; altsyncram.tdf                                                     ; yes             ; Megafunction                                 ; c:/intelfpga_lite/18.1/quartus/libraries/megafunctions/altsyncram.tdf                                                              ;             ;
; stratix_ram_block.inc                                              ; yes             ; Megafunction                                 ; c:/intelfpga_lite/18.1/quartus/libraries/megafunctions/stratix_ram_block.inc                                                       ;             ;
; lpm_mux.inc                                                        ; yes             ; Megafunction                                 ; c:/intelfpga_lite/18.1/quartus/libraries/megafunctions/lpm_mux.inc                                                                 ;             ;
; lpm_decode.inc                                                     ; yes             ; Megafunction                                 ; c:/intelfpga_lite/18.1/quartus/libraries/megafunctions/lpm_decode.inc                                                              ;             ;
; a_rdenreg.inc                                                      ; yes             ; Megafunction                                 ; c:/intelfpga_lite/18.1/quartus/libraries/megafunctions/a_rdenreg.inc                                                               ;             ;
; altrom.inc                                                         ; yes             ; Megafunction                                 ; c:/intelfpga_lite/18.1/quartus/libraries/megafunctions/altrom.inc                                                                  ;             ;
; altram.inc                                                         ; yes             ; Megafunction                                 ; c:/intelfpga_lite/18.1/quartus/libraries/megafunctions/altram.inc                                                                  ;             ;
; altdpram.inc                                                       ; yes             ; Megafunction                                 ; c:/intelfpga_lite/18.1/quartus/libraries/megafunctions/altdpram.inc                                                                ;             ;
; db/altsyncram_jp14.tdf                                             ; yes             ; Auto-Generated Megafunction                  ; C:/Users/geesamen/Documents/GitProjects/EES_REPO_CTRL/LLRF3_HTR/db/altsyncram_jp14.tdf                                             ;             ;
; db/decode_97a.tdf                                                  ; yes             ; Auto-Generated Megafunction                  ; C:/Users/geesamen/Documents/GitProjects/EES_REPO_CTRL/LLRF3_HTR/db/decode_97a.tdf                                                  ;             ;
; db/mux_d3b.tdf                                                     ; yes             ; Auto-Generated Megafunction                  ; C:/Users/geesamen/Documents/GitProjects/EES_REPO_CTRL/LLRF3_HTR/db/mux_d3b.tdf                                                     ;             ;
; altdpram.tdf                                                       ; yes             ; Megafunction                                 ; c:/intelfpga_lite/18.1/quartus/libraries/megafunctions/altdpram.tdf                                                                ;             ;
; memmodes.inc                                                       ; yes             ; Megafunction                                 ; c:/intelfpga_lite/18.1/quartus/libraries/others/maxplus2/memmodes.inc                                                              ;             ;
; a_hdffe.inc                                                        ; yes             ; Megafunction                                 ; c:/intelfpga_lite/18.1/quartus/libraries/megafunctions/a_hdffe.inc                                                                 ;             ;
; alt_le_rden_reg.inc                                                ; yes             ; Megafunction                                 ; c:/intelfpga_lite/18.1/quartus/libraries/megafunctions/alt_le_rden_reg.inc                                                         ;             ;
; altsyncram.inc                                                     ; yes             ; Megafunction                                 ; c:/intelfpga_lite/18.1/quartus/libraries/megafunctions/altsyncram.inc                                                              ;             ;
; lpm_mux.tdf                                                        ; yes             ; Megafunction                                 ; c:/intelfpga_lite/18.1/quartus/libraries/megafunctions/lpm_mux.tdf                                                                 ;             ;
; muxlut.inc                                                         ; yes             ; Megafunction                                 ; c:/intelfpga_lite/18.1/quartus/libraries/megafunctions/muxlut.inc                                                                  ;             ;
; bypassff.inc                                                       ; yes             ; Megafunction                                 ; c:/intelfpga_lite/18.1/quartus/libraries/megafunctions/bypassff.inc                                                                ;             ;
; altshift.inc                                                       ; yes             ; Megafunction                                 ; c:/intelfpga_lite/18.1/quartus/libraries/megafunctions/altshift.inc                                                                ;             ;
; db/mux_n7c.tdf                                                     ; yes             ; Auto-Generated Megafunction                  ; C:/Users/geesamen/Documents/GitProjects/EES_REPO_CTRL/LLRF3_HTR/db/mux_n7c.tdf                                                     ;             ;
; lpm_decode.tdf                                                     ; yes             ; Megafunction                                 ; c:/intelfpga_lite/18.1/quartus/libraries/megafunctions/lpm_decode.tdf                                                              ;             ;
; declut.inc                                                         ; yes             ; Megafunction                                 ; c:/intelfpga_lite/18.1/quartus/libraries/megafunctions/declut.inc                                                                  ;             ;
; lpm_compare.inc                                                    ; yes             ; Megafunction                                 ; c:/intelfpga_lite/18.1/quartus/libraries/megafunctions/lpm_compare.inc                                                             ;             ;
; db/decode_3af.tdf                                                  ; yes             ; Auto-Generated Megafunction                  ; C:/Users/geesamen/Documents/GitProjects/EES_REPO_CTRL/LLRF3_HTR/db/decode_3af.tdf                                                  ;             ;
; lpm_counter.tdf                                                    ; yes             ; Megafunction                                 ; c:/intelfpga_lite/18.1/quartus/libraries/megafunctions/lpm_counter.tdf                                                             ;             ;
; lpm_add_sub.inc                                                    ; yes             ; Megafunction                                 ; c:/intelfpga_lite/18.1/quartus/libraries/megafunctions/lpm_add_sub.inc                                                             ;             ;
; cmpconst.inc                                                       ; yes             ; Megafunction                                 ; c:/intelfpga_lite/18.1/quartus/libraries/megafunctions/cmpconst.inc                                                                ;             ;
; lpm_counter.inc                                                    ; yes             ; Megafunction                                 ; c:/intelfpga_lite/18.1/quartus/libraries/megafunctions/lpm_counter.inc                                                             ;             ;
; alt_counter_stratix.inc                                            ; yes             ; Megafunction                                 ; c:/intelfpga_lite/18.1/quartus/libraries/megafunctions/alt_counter_stratix.inc                                                     ;             ;
; db/cntr_erh.tdf                                                    ; yes             ; Auto-Generated Megafunction                  ; C:/Users/geesamen/Documents/GitProjects/EES_REPO_CTRL/LLRF3_HTR/db/cntr_erh.tdf                                                    ;             ;
; db/cntr_1mi.tdf                                                    ; yes             ; Auto-Generated Megafunction                  ; C:/Users/geesamen/Documents/GitProjects/EES_REPO_CTRL/LLRF3_HTR/db/cntr_1mi.tdf                                                    ;             ;
; db/cntr_arh.tdf                                                    ; yes             ; Auto-Generated Megafunction                  ; C:/Users/geesamen/Documents/GitProjects/EES_REPO_CTRL/LLRF3_HTR/db/cntr_arh.tdf                                                    ;             ;
; db/cmpr_hrb.tdf                                                    ; yes             ; Auto-Generated Megafunction                  ; C:/Users/geesamen/Documents/GitProjects/EES_REPO_CTRL/LLRF3_HTR/db/cmpr_hrb.tdf                                                    ;             ;
; db/cntr_odi.tdf                                                    ; yes             ; Auto-Generated Megafunction                  ; C:/Users/geesamen/Documents/GitProjects/EES_REPO_CTRL/LLRF3_HTR/db/cntr_odi.tdf                                                    ;             ;
; db/cmpr_drb.tdf                                                    ; yes             ; Auto-Generated Megafunction                  ; C:/Users/geesamen/Documents/GitProjects/EES_REPO_CTRL/LLRF3_HTR/db/cmpr_drb.tdf                                                    ;             ;
; sld_rom_sr.vhd                                                     ; yes             ; Encrypted Megafunction                       ; c:/intelfpga_lite/18.1/quartus/libraries/megafunctions/sld_rom_sr.vhd                                                              ;             ;
; sld_jtag_endpoint_adapter.vhd                                      ; yes             ; Encrypted Megafunction                       ; c:/intelfpga_lite/18.1/quartus/libraries/megafunctions/sld_jtag_endpoint_adapter.vhd                                               ;             ;
; sld_jtag_endpoint_adapter_impl.sv                                  ; yes             ; Encrypted Megafunction                       ; c:/intelfpga_lite/18.1/quartus/libraries/megafunctions/sld_jtag_endpoint_adapter_impl.sv                                           ;             ;
; sld_hub.vhd                                                        ; yes             ; Encrypted Megafunction                       ; c:/intelfpga_lite/18.1/quartus/libraries/megafunctions/sld_hub.vhd                                                                 ; altera_sld  ;
; db/ip/sld2f9f5348/alt_sld_fab.v                                    ; yes             ; Encrypted Auto-Found Verilog HDL File        ; C:/Users/geesamen/Documents/GitProjects/EES_REPO_CTRL/LLRF3_HTR/db/ip/sld2f9f5348/alt_sld_fab.v                                    ; alt_sld_fab ;
; db/ip/sld2f9f5348/submodules/alt_sld_fab_alt_sld_fab.v             ; yes             ; Encrypted Auto-Found Verilog HDL File        ; C:/Users/geesamen/Documents/GitProjects/EES_REPO_CTRL/LLRF3_HTR/db/ip/sld2f9f5348/submodules/alt_sld_fab_alt_sld_fab.v             ; alt_sld_fab ;
; db/ip/sld2f9f5348/submodules/alt_sld_fab_alt_sld_fab_ident.sv      ; yes             ; Auto-Found SystemVerilog HDL File            ; C:/Users/geesamen/Documents/GitProjects/EES_REPO_CTRL/LLRF3_HTR/db/ip/sld2f9f5348/submodules/alt_sld_fab_alt_sld_fab_ident.sv      ; alt_sld_fab ;
; db/ip/sld2f9f5348/submodules/alt_sld_fab_alt_sld_fab_presplit.sv   ; yes             ; Encrypted Auto-Found SystemVerilog HDL File  ; C:/Users/geesamen/Documents/GitProjects/EES_REPO_CTRL/LLRF3_HTR/db/ip/sld2f9f5348/submodules/alt_sld_fab_alt_sld_fab_presplit.sv   ; alt_sld_fab ;
; db/ip/sld2f9f5348/submodules/alt_sld_fab_alt_sld_fab_sldfabric.vhd ; yes             ; Encrypted Auto-Found VHDL File               ; C:/Users/geesamen/Documents/GitProjects/EES_REPO_CTRL/LLRF3_HTR/db/ip/sld2f9f5348/submodules/alt_sld_fab_alt_sld_fab_sldfabric.vhd ; alt_sld_fab ;
; db/ip/sld2f9f5348/submodules/alt_sld_fab_alt_sld_fab_splitter.sv   ; yes             ; Encrypted Auto-Found SystemVerilog HDL File  ; C:/Users/geesamen/Documents/GitProjects/EES_REPO_CTRL/LLRF3_HTR/db/ip/sld2f9f5348/submodules/alt_sld_fab_alt_sld_fab_splitter.sv   ; alt_sld_fab ;
; sld_jtag_hub.vhd                                                   ; yes             ; Encrypted Megafunction                       ; c:/intelfpga_lite/18.1/quartus/libraries/megafunctions/sld_jtag_hub.vhd                                                            ;             ;
; db/altsyncram_4n71.tdf                                             ; yes             ; Auto-Generated Megafunction                  ; C:/Users/geesamen/Documents/GitProjects/EES_REPO_CTRL/LLRF3_HTR/db/altsyncram_4n71.tdf                                             ;             ;
+--------------------------------------------------------------------+-----------------+----------------------------------------------+------------------------------------------------------------------------------------------------------------------------------------+-------------+


+--------------------------------------------------------------+
; Analysis & Synthesis Resource Usage Summary                  ;
+---------------------------------------------+----------------+
; Resource                                    ; Usage          ;
+---------------------------------------------+----------------+
; Estimated Total logic elements              ; 5,846          ;
;                                             ;                ;
; Total combinational functions               ; 4071           ;
; Logic element usage by number of LUT inputs ;                ;
;     -- 4 input functions                    ; 1038           ;
;     -- 3 input functions                    ; 1691           ;
;     -- <=2 input functions                  ; 1342           ;
;                                             ;                ;
; Logic elements by mode                      ;                ;
;     -- normal mode                          ; 2568           ;
;     -- arithmetic mode                      ; 1503           ;
;                                             ;                ;
; Total registers                             ; 4296           ;
;     -- Dedicated logic registers            ; 4296           ;
;     -- I/O registers                        ; 0              ;
;                                             ;                ;
; I/O pins                                    ; 21             ;
; Total memory bits                           ; 1050624        ;
;                                             ;                ;
; Embedded Multiplier 9-bit elements          ; 0              ;
;                                             ;                ;
; Maximum fan-out node                        ; SYSCLOCK~input ;
; Maximum fan-out                             ; 2486           ;
; Total fan-out                               ; 29304          ;
; Average fan-out                             ; 3.43           ;
+---------------------------------------------+----------------+


+------------------------------------------------------------------------------------------------------------------------------------------------------------------------------------------------------------------------------------------------------------------------------------------------------------------------------------------------------------------------------------------------------------------------------------------------------------------------------------------------------------------------------------------------------------------------------------------------------------------------------------------------------------------------------------------------------+
; Analysis & Synthesis Resource Utilization by Entity                                                                                                                                                                                                                                                                                                                                                                                                                                                                                                                                                                                                                                                  ;
+-----------------------------------------------------------------------------------------------------------------------------------------+---------------------+---------------------------+-------------+------------+--------------+---------+-----------+------+--------------+------------+----------------------------------------------------------------------------------------------------------------------------------------------------------------------------------------------------------------------------------------------------------------------------------------------------------------------------------------------------+-----------------------------------+--------------+
; Compilation Hierarchy Node                                                                                                              ; Combinational ALUTs ; Dedicated Logic Registers ; Memory Bits ; UFM Blocks ; DSP Elements ; DSP 9x9 ; DSP 18x18 ; Pins ; Virtual Pins ; ADC blocks ; Full Hierarchy Name                                                                                                                                                                                                                                                                                                                                ; Entity Name                       ; Library Name ;
+-----------------------------------------------------------------------------------------------------------------------------------------+---------------------+---------------------------+-------------+------------+--------------+---------+-----------+------+--------------+------------+----------------------------------------------------------------------------------------------------------------------------------------------------------------------------------------------------------------------------------------------------------------------------------------------------------------------------------------------------+-----------------------------------+--------------+
; |MODBUS                                                                                                                                 ; 4071 (0)            ; 4296 (0)                  ; 1050624     ; 0          ; 0            ; 0       ; 0         ; 21   ; 0            ; 0          ; |MODBUS                                                                                                                                                                                                                                                                                                                                            ; MODBUS                            ; work         ;
;    |ADS8688v2:inst3|                                                                                                                    ; 2233 (248)          ; 2098 (329)                ; 0           ; 0          ; 0            ; 0       ; 0         ; 0    ; 0            ; 0          ; |MODBUS|ADS8688v2:inst3                                                                                                                                                                                                                                                                                                                            ; ADS8688v2                         ; work         ;
;       |FILTERS:\ADCDataFilter:0:ADC_Filter|                                                                                             ; 248 (16)            ; 221 (33)                  ; 0           ; 0          ; 0            ; 0       ; 0         ; 0    ; 0            ; 0          ; |MODBUS|ADS8688v2:inst3|FILTERS:\ADCDataFilter:0:ADC_Filter                                                                                                                                                                                                                                                                                        ; FILTERS                           ; work         ;
;          |cic_8:CIC|                                                                                                                    ; 232 (232)           ; 172 (172)                 ; 0           ; 0          ; 0            ; 0       ; 0         ; 0    ; 0            ; 0          ; |MODBUS|ADS8688v2:inst3|FILTERS:\ADCDataFilter:0:ADC_Filter|cic_8:CIC                                                                                                                                                                                                                                                                              ; cic_8                             ; work         ;
;          |regne:DATA_BUF|                                                                                                               ; 0 (0)               ; 16 (16)                   ; 0           ; 0          ; 0            ; 0       ; 0         ; 0    ; 0            ; 0          ; |MODBUS|ADS8688v2:inst3|FILTERS:\ADCDataFilter:0:ADC_Filter|regne:DATA_BUF                                                                                                                                                                                                                                                                         ; regne                             ; work         ;
;       |FILTERS:\ADCDataFilter:1:ADC_Filter|                                                                                             ; 248 (16)            ; 221 (33)                  ; 0           ; 0          ; 0            ; 0       ; 0         ; 0    ; 0            ; 0          ; |MODBUS|ADS8688v2:inst3|FILTERS:\ADCDataFilter:1:ADC_Filter                                                                                                                                                                                                                                                                                        ; FILTERS                           ; work         ;
;          |cic_8:CIC|                                                                                                                    ; 232 (232)           ; 172 (172)                 ; 0           ; 0          ; 0            ; 0       ; 0         ; 0    ; 0            ; 0          ; |MODBUS|ADS8688v2:inst3|FILTERS:\ADCDataFilter:1:ADC_Filter|cic_8:CIC                                                                                                                                                                                                                                                                              ; cic_8                             ; work         ;
;          |regne:DATA_BUF|                                                                                                               ; 0 (0)               ; 16 (16)                   ; 0           ; 0          ; 0            ; 0       ; 0         ; 0    ; 0            ; 0          ; |MODBUS|ADS8688v2:inst3|FILTERS:\ADCDataFilter:1:ADC_Filter|regne:DATA_BUF                                                                                                                                                                                                                                                                         ; regne                             ; work         ;
;       |FILTERS:\ADCDataFilter:2:ADC_Filter|                                                                                             ; 248 (16)            ; 221 (33)                  ; 0           ; 0          ; 0            ; 0       ; 0         ; 0    ; 0            ; 0          ; |MODBUS|ADS8688v2:inst3|FILTERS:\ADCDataFilter:2:ADC_Filter                                                                                                                                                                                                                                                                                        ; FILTERS                           ; work         ;
;          |cic_8:CIC|                                                                                                                    ; 232 (232)           ; 172 (172)                 ; 0           ; 0          ; 0            ; 0       ; 0         ; 0    ; 0            ; 0          ; |MODBUS|ADS8688v2:inst3|FILTERS:\ADCDataFilter:2:ADC_Filter|cic_8:CIC                                                                                                                                                                                                                                                                              ; cic_8                             ; work         ;
;          |regne:DATA_BUF|                                                                                                               ; 0 (0)               ; 16 (16)                   ; 0           ; 0          ; 0            ; 0       ; 0         ; 0    ; 0            ; 0          ; |MODBUS|ADS8688v2:inst3|FILTERS:\ADCDataFilter:2:ADC_Filter|regne:DATA_BUF                                                                                                                                                                                                                                                                         ; regne                             ; work         ;
;       |FILTERS:\ADCDataFilter:3:ADC_Filter|                                                                                             ; 248 (16)            ; 221 (33)                  ; 0           ; 0          ; 0            ; 0       ; 0         ; 0    ; 0            ; 0          ; |MODBUS|ADS8688v2:inst3|FILTERS:\ADCDataFilter:3:ADC_Filter                                                                                                                                                                                                                                                                                        ; FILTERS                           ; work         ;
;          |cic_8:CIC|                                                                                                                    ; 232 (232)           ; 172 (172)                 ; 0           ; 0          ; 0            ; 0       ; 0         ; 0    ; 0            ; 0          ; |MODBUS|ADS8688v2:inst3|FILTERS:\ADCDataFilter:3:ADC_Filter|cic_8:CIC                                                                                                                                                                                                                                                                              ; cic_8                             ; work         ;
;          |regne:DATA_BUF|                                                                                                               ; 0 (0)               ; 16 (16)                   ; 0           ; 0          ; 0            ; 0       ; 0         ; 0    ; 0            ; 0          ; |MODBUS|ADS8688v2:inst3|FILTERS:\ADCDataFilter:3:ADC_Filter|regne:DATA_BUF                                                                                                                                                                                                                                                                         ; regne                             ; work         ;
;       |FILTERS:\ADCDataFilter:4:ADC_Filter|                                                                                             ; 248 (16)            ; 221 (33)                  ; 0           ; 0          ; 0            ; 0       ; 0         ; 0    ; 0            ; 0          ; |MODBUS|ADS8688v2:inst3|FILTERS:\ADCDataFilter:4:ADC_Filter                                                                                                                                                                                                                                                                                        ; FILTERS                           ; work         ;
;          |cic_8:CIC|                                                                                                                    ; 232 (232)           ; 172 (172)                 ; 0           ; 0          ; 0            ; 0       ; 0         ; 0    ; 0            ; 0          ; |MODBUS|ADS8688v2:inst3|FILTERS:\ADCDataFilter:4:ADC_Filter|cic_8:CIC                                                                                                                                                                                                                                                                              ; cic_8                             ; work         ;
;          |regne:DATA_BUF|                                                                                                               ; 0 (0)               ; 16 (16)                   ; 0           ; 0          ; 0            ; 0       ; 0         ; 0    ; 0            ; 0          ; |MODBUS|ADS8688v2:inst3|FILTERS:\ADCDataFilter:4:ADC_Filter|regne:DATA_BUF                                                                                                                                                                                                                                                                         ; regne                             ; work         ;
;       |FILTERS:\ADCDataFilter:5:ADC_Filter|                                                                                             ; 248 (16)            ; 221 (33)                  ; 0           ; 0          ; 0            ; 0       ; 0         ; 0    ; 0            ; 0          ; |MODBUS|ADS8688v2:inst3|FILTERS:\ADCDataFilter:5:ADC_Filter                                                                                                                                                                                                                                                                                        ; FILTERS                           ; work         ;
;          |cic_8:CIC|                                                                                                                    ; 232 (232)           ; 172 (172)                 ; 0           ; 0          ; 0            ; 0       ; 0         ; 0    ; 0            ; 0          ; |MODBUS|ADS8688v2:inst3|FILTERS:\ADCDataFilter:5:ADC_Filter|cic_8:CIC                                                                                                                                                                                                                                                                              ; cic_8                             ; work         ;
;          |regne:DATA_BUF|                                                                                                               ; 0 (0)               ; 16 (16)                   ; 0           ; 0          ; 0            ; 0       ; 0         ; 0    ; 0            ; 0          ; |MODBUS|ADS8688v2:inst3|FILTERS:\ADCDataFilter:5:ADC_Filter|regne:DATA_BUF                                                                                                                                                                                                                                                                         ; regne                             ; work         ;
;       |FILTERS:\ADCDataFilter:6:ADC_Filter|                                                                                             ; 248 (16)            ; 221 (33)                  ; 0           ; 0          ; 0            ; 0       ; 0         ; 0    ; 0            ; 0          ; |MODBUS|ADS8688v2:inst3|FILTERS:\ADCDataFilter:6:ADC_Filter                                                                                                                                                                                                                                                                                        ; FILTERS                           ; work         ;
;          |cic_8:CIC|                                                                                                                    ; 232 (232)           ; 172 (172)                 ; 0           ; 0          ; 0            ; 0       ; 0         ; 0    ; 0            ; 0          ; |MODBUS|ADS8688v2:inst3|FILTERS:\ADCDataFilter:6:ADC_Filter|cic_8:CIC                                                                                                                                                                                                                                                                              ; cic_8                             ; work         ;
;          |regne:DATA_BUF|                                                                                                               ; 0 (0)               ; 16 (16)                   ; 0           ; 0          ; 0            ; 0       ; 0         ; 0    ; 0            ; 0          ; |MODBUS|ADS8688v2:inst3|FILTERS:\ADCDataFilter:6:ADC_Filter|regne:DATA_BUF                                                                                                                                                                                                                                                                         ; regne                             ; work         ;
;       |FILTERS:\ADCDataFilter:7:ADC_Filter|                                                                                             ; 249 (16)            ; 222 (33)                  ; 0           ; 0          ; 0            ; 0       ; 0         ; 0    ; 0            ; 0          ; |MODBUS|ADS8688v2:inst3|FILTERS:\ADCDataFilter:7:ADC_Filter                                                                                                                                                                                                                                                                                        ; FILTERS                           ; work         ;
;          |cic_8:CIC|                                                                                                                    ; 233 (233)           ; 173 (173)                 ; 0           ; 0          ; 0            ; 0       ; 0         ; 0    ; 0            ; 0          ; |MODBUS|ADS8688v2:inst3|FILTERS:\ADCDataFilter:7:ADC_Filter|cic_8:CIC                                                                                                                                                                                                                                                                              ; cic_8                             ; work         ;
;          |regne:DATA_BUF|                                                                                                               ; 0 (0)               ; 16 (16)                   ; 0           ; 0          ; 0            ; 0       ; 0         ; 0    ; 0            ; 0          ; |MODBUS|ADS8688v2:inst3|FILTERS:\ADCDataFilter:7:ADC_Filter|regne:DATA_BUF                                                                                                                                                                                                                                                                         ; regne                             ; work         ;
;    |DAC8568_CONTROL:inst4|                                                                                                              ; 239 (113)           ; 184 (11)                  ; 0           ; 0          ; 0            ; 0       ; 0         ; 0    ; 0            ; 0          ; |MODBUS|DAC8568_CONTROL:inst4                                                                                                                                                                                                                                                                                                                      ; DAC8568_CONTROL                   ; work         ;
;       |FLIP_FLOP:DAC_DATA_LATCH|                                                                                                        ; 1 (1)               ; 1 (1)                     ; 0           ; 0          ; 0            ; 0       ; 0         ; 0    ; 0            ; 0          ; |MODBUS|DAC8568_CONTROL:inst4|FLIP_FLOP:DAC_DATA_LATCH                                                                                                                                                                                                                                                                                             ; FLIP_FLOP                         ; work         ;
;       |SHIFT_REG:DAC_DATA_IN_REG|                                                                                                       ; 106 (106)           ; 28 (28)                   ; 0           ; 0          ; 0            ; 0       ; 0         ; 0    ; 0            ; 0          ; |MODBUS|DAC8568_CONTROL:inst4|SHIFT_REG:DAC_DATA_IN_REG                                                                                                                                                                                                                                                                                            ; SHIFT_REG                         ; work         ;
;       |counter:DAC_ADDR_CNTR|                                                                                                           ; 3 (3)               ; 3 (3)                     ; 0           ; 0          ; 0            ; 0       ; 0         ; 0    ; 0            ; 0          ; |MODBUS|DAC8568_CONTROL:inst4|counter:DAC_ADDR_CNTR                                                                                                                                                                                                                                                                                                ; counter                           ; work         ;
;       |counter:SCLK_CNTR|                                                                                                               ; 7 (7)               ; 5 (5)                     ; 0           ; 0          ; 0            ; 0       ; 0         ; 0    ; 0            ; 0          ; |MODBUS|DAC8568_CONTROL:inst4|counter:SCLK_CNTR                                                                                                                                                                                                                                                                                                    ; counter                           ; work         ;
;       |counter:SCLK_DIV_CNTR|                                                                                                           ; 5 (5)               ; 4 (4)                     ; 0           ; 0          ; 0            ; 0       ; 0         ; 0    ; 0            ; 0          ; |MODBUS|DAC8568_CONTROL:inst4|counter:SCLK_DIV_CNTR                                                                                                                                                                                                                                                                                                ; counter                           ; work         ;
;       |counter:SYNC_CNTR|                                                                                                               ; 4 (4)               ; 4 (4)                     ; 0           ; 0          ; 0            ; 0       ; 0         ; 0    ; 0            ; 0          ; |MODBUS|DAC8568_CONTROL:inst4|counter:SYNC_CNTR                                                                                                                                                                                                                                                                                                    ; counter                           ; work         ;
;       |regne:\DAC_DATA_REG_GEN_I:0:DAC_DATA_REGI|                                                                                       ; 0 (0)               ; 16 (16)                   ; 0           ; 0          ; 0            ; 0       ; 0         ; 0    ; 0            ; 0          ; |MODBUS|DAC8568_CONTROL:inst4|regne:\DAC_DATA_REG_GEN_I:0:DAC_DATA_REGI                                                                                                                                                                                                                                                                            ; regne                             ; work         ;
;       |regne:\DAC_DATA_REG_GEN_I:1:DAC_DATA_REGI|                                                                                       ; 0 (0)               ; 16 (16)                   ; 0           ; 0          ; 0            ; 0       ; 0         ; 0    ; 0            ; 0          ; |MODBUS|DAC8568_CONTROL:inst4|regne:\DAC_DATA_REG_GEN_I:1:DAC_DATA_REGI                                                                                                                                                                                                                                                                            ; regne                             ; work         ;
;       |regne:\DAC_DATA_REG_GEN_I:2:DAC_DATA_REGI|                                                                                       ; 0 (0)               ; 16 (16)                   ; 0           ; 0          ; 0            ; 0       ; 0         ; 0    ; 0            ; 0          ; |MODBUS|DAC8568_CONTROL:inst4|regne:\DAC_DATA_REG_GEN_I:2:DAC_DATA_REGI                                                                                                                                                                                                                                                                            ; regne                             ; work         ;
;       |regne:\DAC_DATA_REG_GEN_I:3:DAC_DATA_REGI|                                                                                       ; 0 (0)               ; 16 (16)                   ; 0           ; 0          ; 0            ; 0       ; 0         ; 0    ; 0            ; 0          ; |MODBUS|DAC8568_CONTROL:inst4|regne:\DAC_DATA_REG_GEN_I:3:DAC_DATA_REGI                                                                                                                                                                                                                                                                            ; regne                             ; work         ;
;       |regne:\DAC_DATA_REG_GEN_I:4:DAC_DATA_REGI|                                                                                       ; 0 (0)               ; 16 (16)                   ; 0           ; 0          ; 0            ; 0       ; 0         ; 0    ; 0            ; 0          ; |MODBUS|DAC8568_CONTROL:inst4|regne:\DAC_DATA_REG_GEN_I:4:DAC_DATA_REGI                                                                                                                                                                                                                                                                            ; regne                             ; work         ;
;       |regne:\DAC_DATA_REG_GEN_I:5:DAC_DATA_REGI|                                                                                       ; 0 (0)               ; 16 (16)                   ; 0           ; 0          ; 0            ; 0       ; 0         ; 0    ; 0            ; 0          ; |MODBUS|DAC8568_CONTROL:inst4|regne:\DAC_DATA_REG_GEN_I:5:DAC_DATA_REGI                                                                                                                                                                                                                                                                            ; regne                             ; work         ;
;       |regne:\DAC_DATA_REG_GEN_I:6:DAC_DATA_REGI|                                                                                       ; 0 (0)               ; 16 (16)                   ; 0           ; 0          ; 0            ; 0       ; 0         ; 0    ; 0            ; 0          ; |MODBUS|DAC8568_CONTROL:inst4|regne:\DAC_DATA_REG_GEN_I:6:DAC_DATA_REGI                                                                                                                                                                                                                                                                            ; regne                             ; work         ;
;       |regne:\DAC_DATA_REG_GEN_I:7:DAC_DATA_REGI|                                                                                       ; 0 (0)               ; 16 (16)                   ; 0           ; 0          ; 0            ; 0       ; 0         ; 0    ; 0            ; 0          ; |MODBUS|DAC8568_CONTROL:inst4|regne:\DAC_DATA_REG_GEN_I:7:DAC_DATA_REGI                                                                                                                                                                                                                                                                            ; regne                             ; work         ;
;    |Heartbeat:inst7|                                                                                                                    ; 81 (81)             ; 33 (33)                   ; 0           ; 0          ; 0            ; 0       ; 0         ; 0    ; 0            ; 0          ; |MODBUS|Heartbeat:inst7                                                                                                                                                                                                                                                                                                                            ; Heartbeat                         ; work         ;
;    |Heartbeat_FP:inst2|                                                                                                                 ; 152 (152)           ; 65 (65)                   ; 0           ; 0          ; 0            ; 0       ; 0         ; 0    ; 0            ; 0          ; |MODBUS|Heartbeat_FP:inst2                                                                                                                                                                                                                                                                                                                         ; Heartbeat_FP                      ; work         ;
;    |mbp_regs:inst1|                                                                                                                     ; 44 (44)             ; 177 (177)                 ; 0           ; 0          ; 0            ; 0       ; 0         ; 0    ; 0            ; 0          ; |MODBUS|mbp_regs:inst1                                                                                                                                                                                                                                                                                                                             ; mbp_regs                          ; work         ;
;    |mbp_top_level:inst|                                                                                                                 ; 592 (0)             ; 472 (0)                   ; 2048        ; 0          ; 0            ; 0       ; 0         ; 0    ; 0            ; 0          ; |MODBUS|mbp_top_level:inst                                                                                                                                                                                                                                                                                                                         ; mbp_top_level                     ; work         ;
;       |mbp:inst2|                                                                                                                       ; 513 (513)           ; 421 (421)                 ; 2048        ; 0          ; 0            ; 0       ; 0         ; 0    ; 0            ; 0          ; |MODBUS|mbp_top_level:inst|mbp:inst2                                                                                                                                                                                                                                                                                                               ; mbp                               ; work         ;
;          |altsyncram:ram_block_rtl_0|                                                                                                   ; 0 (0)               ; 0 (0)                     ; 2048        ; 0          ; 0            ; 0       ; 0         ; 0    ; 0            ; 0          ; |MODBUS|mbp_top_level:inst|mbp:inst2|altsyncram:ram_block_rtl_0                                                                                                                                                                                                                                                                                    ; altsyncram                        ; work         ;
;             |altsyncram_4n71:auto_generated|                                                                                            ; 0 (0)               ; 0 (0)                     ; 2048        ; 0          ; 0            ; 0       ; 0         ; 0    ; 0            ; 0          ; |MODBUS|mbp_top_level:inst|mbp:inst2|altsyncram:ram_block_rtl_0|altsyncram_4n71:auto_generated                                                                                                                                                                                                                                                     ; altsyncram_4n71                   ; work         ;
;       |slim_txrx:inst1|                                                                                                                 ; 79 (79)             ; 51 (51)                   ; 0           ; 0          ; 0            ; 0       ; 0         ; 0    ; 0            ; 0          ; |MODBUS|mbp_top_level:inst|slim_txrx:inst1                                                                                                                                                                                                                                                                                                         ; slim_txrx                         ; work         ;
;    |sld_hub:auto_hub|                                                                                                                   ; 129 (1)             ; 91 (0)                    ; 0           ; 0          ; 0            ; 0       ; 0         ; 0    ; 0            ; 0          ; |MODBUS|sld_hub:auto_hub                                                                                                                                                                                                                                                                                                                           ; sld_hub                           ; altera_sld   ;
;       |alt_sld_fab_with_jtag_input:\instrumentation_fabric_with_node_gen:fabric_gen_new_way:with_jtag_input_gen:instrumentation_fabric| ; 128 (0)             ; 91 (0)                    ; 0           ; 0          ; 0            ; 0       ; 0         ; 0    ; 0            ; 0          ; |MODBUS|sld_hub:auto_hub|alt_sld_fab_with_jtag_input:\instrumentation_fabric_with_node_gen:fabric_gen_new_way:with_jtag_input_gen:instrumentation_fabric                                                                                                                                                                                           ; alt_sld_fab_with_jtag_input       ; altera_sld   ;
;          |alt_sld_fab:instrumentation_fabric|                                                                                           ; 128 (0)             ; 91 (0)                    ; 0           ; 0          ; 0            ; 0       ; 0         ; 0    ; 0            ; 0          ; |MODBUS|sld_hub:auto_hub|alt_sld_fab_with_jtag_input:\instrumentation_fabric_with_node_gen:fabric_gen_new_way:with_jtag_input_gen:instrumentation_fabric|alt_sld_fab:instrumentation_fabric                                                                                                                                                        ; alt_sld_fab                       ; alt_sld_fab  ;
;             |alt_sld_fab_alt_sld_fab:alt_sld_fab|                                                                                       ; 128 (1)             ; 91 (5)                    ; 0           ; 0          ; 0            ; 0       ; 0         ; 0    ; 0            ; 0          ; |MODBUS|sld_hub:auto_hub|alt_sld_fab_with_jtag_input:\instrumentation_fabric_with_node_gen:fabric_gen_new_way:with_jtag_input_gen:instrumentation_fabric|alt_sld_fab:instrumentation_fabric|alt_sld_fab_alt_sld_fab:alt_sld_fab                                                                                                                    ; alt_sld_fab_alt_sld_fab           ; alt_sld_fab  ;
;                |alt_sld_fab_alt_sld_fab_sldfabric:sldfabric|                                                                            ; 127 (0)             ; 86 (0)                    ; 0           ; 0          ; 0            ; 0       ; 0         ; 0    ; 0            ; 0          ; |MODBUS|sld_hub:auto_hub|alt_sld_fab_with_jtag_input:\instrumentation_fabric_with_node_gen:fabric_gen_new_way:with_jtag_input_gen:instrumentation_fabric|alt_sld_fab:instrumentation_fabric|alt_sld_fab_alt_sld_fab:alt_sld_fab|alt_sld_fab_alt_sld_fab_sldfabric:sldfabric                                                                        ; alt_sld_fab_alt_sld_fab_sldfabric ; alt_sld_fab  ;
;                   |sld_jtag_hub:\jtag_hub_gen:real_sld_jtag_hub|                                                                        ; 127 (88)            ; 86 (58)                   ; 0           ; 0          ; 0            ; 0       ; 0         ; 0    ; 0            ; 0          ; |MODBUS|sld_hub:auto_hub|alt_sld_fab_with_jtag_input:\instrumentation_fabric_with_node_gen:fabric_gen_new_way:with_jtag_input_gen:instrumentation_fabric|alt_sld_fab:instrumentation_fabric|alt_sld_fab_alt_sld_fab:alt_sld_fab|alt_sld_fab_alt_sld_fab_sldfabric:sldfabric|sld_jtag_hub:\jtag_hub_gen:real_sld_jtag_hub                           ; sld_jtag_hub                      ; work         ;
;                      |sld_rom_sr:hub_info_reg|                                                                                          ; 21 (21)             ; 9 (9)                     ; 0           ; 0          ; 0            ; 0       ; 0         ; 0    ; 0            ; 0          ; |MODBUS|sld_hub:auto_hub|alt_sld_fab_with_jtag_input:\instrumentation_fabric_with_node_gen:fabric_gen_new_way:with_jtag_input_gen:instrumentation_fabric|alt_sld_fab:instrumentation_fabric|alt_sld_fab_alt_sld_fab:alt_sld_fab|alt_sld_fab_alt_sld_fab_sldfabric:sldfabric|sld_jtag_hub:\jtag_hub_gen:real_sld_jtag_hub|sld_rom_sr:hub_info_reg   ; sld_rom_sr                        ; work         ;
;                      |sld_shadow_jsm:shadow_jsm|                                                                                        ; 18 (18)             ; 19 (19)                   ; 0           ; 0          ; 0            ; 0       ; 0         ; 0    ; 0            ; 0          ; |MODBUS|sld_hub:auto_hub|alt_sld_fab_with_jtag_input:\instrumentation_fabric_with_node_gen:fabric_gen_new_way:with_jtag_input_gen:instrumentation_fabric|alt_sld_fab:instrumentation_fabric|alt_sld_fab_alt_sld_fab:alt_sld_fab|alt_sld_fab_alt_sld_fab_sldfabric:sldfabric|sld_jtag_hub:\jtag_hub_gen:real_sld_jtag_hub|sld_shadow_jsm:shadow_jsm ; sld_shadow_jsm                    ; altera_sld   ;
;    |sld_signaltap:auto_signaltap_0|                                                                                                     ; 601 (2)             ; 1176 (128)                ; 1048576     ; 0          ; 0            ; 0       ; 0         ; 0    ; 0            ; 0          ; |MODBUS|sld_signaltap:auto_signaltap_0                                                                                                                                                                                                                                                                                                             ; sld_signaltap                     ; work         ;
;       |sld_signaltap_impl:sld_signaltap_body|                                                                                           ; 599 (0)             ; 1048 (0)                  ; 1048576     ; 0          ; 0            ; 0       ; 0         ; 0    ; 0            ; 0          ; |MODBUS|sld_signaltap:auto_signaltap_0|sld_signaltap_impl:sld_signaltap_body                                                                                                                                                                                                                                                                       ; sld_signaltap_impl                ; work         ;
;          |sld_signaltap_implb:sld_signaltap_body|                                                                                       ; 599 (88)            ; 1048 (344)                ; 1048576     ; 0          ; 0            ; 0       ; 0         ; 0    ; 0            ; 0          ; |MODBUS|sld_signaltap:auto_signaltap_0|sld_signaltap_impl:sld_signaltap_body|sld_signaltap_implb:sld_signaltap_body                                                                                                                                                                                                                                ; sld_signaltap_implb               ; work         ;
;             |altdpram:\stp_non_zero_ram_gen:attribute_mem_gen:attribute_mem|                                                            ; 31 (0)              ; 88 (88)                   ; 0           ; 0          ; 0            ; 0       ; 0         ; 0    ; 0            ; 0          ; |MODBUS|sld_signaltap:auto_signaltap_0|sld_signaltap_impl:sld_signaltap_body|sld_signaltap_implb:sld_signaltap_body|altdpram:\stp_non_zero_ram_gen:attribute_mem_gen:attribute_mem                                                                                                                                                                 ; altdpram                          ; work         ;
;                |lpm_decode:wdecoder|                                                                                                    ; 2 (0)               ; 0 (0)                     ; 0           ; 0          ; 0            ; 0       ; 0         ; 0    ; 0            ; 0          ; |MODBUS|sld_signaltap:auto_signaltap_0|sld_signaltap_impl:sld_signaltap_body|sld_signaltap_implb:sld_signaltap_body|altdpram:\stp_non_zero_ram_gen:attribute_mem_gen:attribute_mem|lpm_decode:wdecoder                                                                                                                                             ; lpm_decode                        ; work         ;
;                   |decode_3af:auto_generated|                                                                                           ; 2 (2)               ; 0 (0)                     ; 0           ; 0          ; 0            ; 0       ; 0         ; 0    ; 0            ; 0          ; |MODBUS|sld_signaltap:auto_signaltap_0|sld_signaltap_impl:sld_signaltap_body|sld_signaltap_implb:sld_signaltap_body|altdpram:\stp_non_zero_ram_gen:attribute_mem_gen:attribute_mem|lpm_decode:wdecoder|decode_3af:auto_generated                                                                                                                   ; decode_3af                        ; work         ;
;                |lpm_mux:mux|                                                                                                            ; 29 (0)              ; 0 (0)                     ; 0           ; 0          ; 0            ; 0       ; 0         ; 0    ; 0            ; 0          ; |MODBUS|sld_signaltap:auto_signaltap_0|sld_signaltap_impl:sld_signaltap_body|sld_signaltap_implb:sld_signaltap_body|altdpram:\stp_non_zero_ram_gen:attribute_mem_gen:attribute_mem|lpm_mux:mux                                                                                                                                                     ; lpm_mux                           ; work         ;
;                   |mux_n7c:auto_generated|                                                                                              ; 29 (29)             ; 0 (0)                     ; 0           ; 0          ; 0            ; 0       ; 0         ; 0    ; 0            ; 0          ; |MODBUS|sld_signaltap:auto_signaltap_0|sld_signaltap_impl:sld_signaltap_body|sld_signaltap_implb:sld_signaltap_body|altdpram:\stp_non_zero_ram_gen:attribute_mem_gen:attribute_mem|lpm_mux:mux|mux_n7c:auto_generated                                                                                                                              ; mux_n7c                           ; work         ;
;             |altsyncram:\stp_non_zero_ram_gen:stp_buffer_ram|                                                                           ; 2 (0)               ; 1 (0)                     ; 1048576     ; 0          ; 0            ; 0       ; 0         ; 0    ; 0            ; 0          ; |MODBUS|sld_signaltap:auto_signaltap_0|sld_signaltap_impl:sld_signaltap_body|sld_signaltap_implb:sld_signaltap_body|altsyncram:\stp_non_zero_ram_gen:stp_buffer_ram                                                                                                                                                                                ; altsyncram                        ; work         ;
;                |altsyncram_jp14:auto_generated|                                                                                         ; 2 (0)               ; 1 (1)                     ; 1048576     ; 0          ; 0            ; 0       ; 0         ; 0    ; 0            ; 0          ; |MODBUS|sld_signaltap:auto_signaltap_0|sld_signaltap_impl:sld_signaltap_body|sld_signaltap_implb:sld_signaltap_body|altsyncram:\stp_non_zero_ram_gen:stp_buffer_ram|altsyncram_jp14:auto_generated                                                                                                                                                 ; altsyncram_jp14                   ; work         ;
;                   |decode_97a:decode2|                                                                                                  ; 2 (2)               ; 0 (0)                     ; 0           ; 0          ; 0            ; 0       ; 0         ; 0    ; 0            ; 0          ; |MODBUS|sld_signaltap:auto_signaltap_0|sld_signaltap_impl:sld_signaltap_body|sld_signaltap_implb:sld_signaltap_body|altsyncram:\stp_non_zero_ram_gen:stp_buffer_ram|altsyncram_jp14:auto_generated|decode_97a:decode2                                                                                                                              ; decode_97a                        ; work         ;
;             |lpm_shiftreg:segment_offset_config_deserialize|                                                                            ; 0 (0)               ; 14 (14)                   ; 0           ; 0          ; 0            ; 0       ; 0         ; 0    ; 0            ; 0          ; |MODBUS|sld_signaltap:auto_signaltap_0|sld_signaltap_impl:sld_signaltap_body|sld_signaltap_implb:sld_signaltap_body|lpm_shiftreg:segment_offset_config_deserialize                                                                                                                                                                                 ; lpm_shiftreg                      ; work         ;
;             |lpm_shiftreg:status_register|                                                                                              ; 17 (17)             ; 17 (17)                   ; 0           ; 0          ; 0            ; 0       ; 0         ; 0    ; 0            ; 0          ; |MODBUS|sld_signaltap:auto_signaltap_0|sld_signaltap_impl:sld_signaltap_body|sld_signaltap_implb:sld_signaltap_body|lpm_shiftreg:status_register                                                                                                                                                                                                   ; lpm_shiftreg                      ; work         ;
;             |serial_crc_16:\tdo_crc_gen:tdo_crc_calc|                                                                                   ; 14 (14)             ; 13 (13)                   ; 0           ; 0          ; 0            ; 0       ; 0         ; 0    ; 0            ; 0          ; |MODBUS|sld_signaltap:auto_signaltap_0|sld_signaltap_impl:sld_signaltap_body|sld_signaltap_implb:sld_signaltap_body|serial_crc_16:\tdo_crc_gen:tdo_crc_calc                                                                                                                                                                                        ; serial_crc_16                     ; work         ;
;             |sld_buffer_manager:sld_buffer_manager_inst|                                                                                ; 104 (104)           ; 79 (79)                   ; 0           ; 0          ; 0            ; 0       ; 0         ; 0    ; 0            ; 0          ; |MODBUS|sld_signaltap:auto_signaltap_0|sld_signaltap_impl:sld_signaltap_body|sld_signaltap_implb:sld_signaltap_body|sld_buffer_manager:sld_buffer_manager_inst                                                                                                                                                                                     ; sld_buffer_manager                ; work         ;
;             |sld_ela_control:ela_control|                                                                                               ; 151 (1)             ; 336 (1)                   ; 0           ; 0          ; 0            ; 0       ; 0         ; 0    ; 0            ; 0          ; |MODBUS|sld_signaltap:auto_signaltap_0|sld_signaltap_impl:sld_signaltap_body|sld_signaltap_implb:sld_signaltap_body|sld_ela_control:ela_control                                                                                                                                                                                                    ; sld_ela_control                   ; work         ;
;                |lpm_shiftreg:trigger_config_deserialize|                                                                                ; 0 (0)               ; 4 (4)                     ; 0           ; 0          ; 0            ; 0       ; 0         ; 0    ; 0            ; 0          ; |MODBUS|sld_signaltap:auto_signaltap_0|sld_signaltap_impl:sld_signaltap_body|sld_signaltap_implb:sld_signaltap_body|sld_ela_control:ela_control|lpm_shiftreg:trigger_config_deserialize                                                                                                                                                            ; lpm_shiftreg                      ; work         ;
;                |sld_ela_basic_multi_level_trigger:\basic_multi_level_mbpm_trigger_gen:multi_level_mbpm|                                 ; 128 (0)             ; 320 (0)                   ; 0           ; 0          ; 0            ; 0       ; 0         ; 0    ; 0            ; 0          ; |MODBUS|sld_signaltap:auto_signaltap_0|sld_signaltap_impl:sld_signaltap_body|sld_signaltap_implb:sld_signaltap_body|sld_ela_control:ela_control|sld_ela_basic_multi_level_trigger:\basic_multi_level_mbpm_trigger_gen:multi_level_mbpm                                                                                                             ; sld_ela_basic_multi_level_trigger ; work         ;
;                   |lpm_shiftreg:trigger_condition_deserialize|                                                                          ; 0 (0)               ; 192 (192)                 ; 0           ; 0          ; 0            ; 0       ; 0         ; 0    ; 0            ; 0          ; |MODBUS|sld_signaltap:auto_signaltap_0|sld_signaltap_impl:sld_signaltap_body|sld_signaltap_implb:sld_signaltap_body|sld_ela_control:ela_control|sld_ela_basic_multi_level_trigger:\basic_multi_level_mbpm_trigger_gen:multi_level_mbpm|lpm_shiftreg:trigger_condition_deserialize                                                                  ; lpm_shiftreg                      ; work         ;
;                   |sld_mbpmg:\trigger_modules_gen:0:trigger_match|                                                                      ; 128 (0)             ; 128 (0)                   ; 0           ; 0          ; 0            ; 0       ; 0         ; 0    ; 0            ; 0          ; |MODBUS|sld_signaltap:auto_signaltap_0|sld_signaltap_impl:sld_signaltap_body|sld_signaltap_implb:sld_signaltap_body|sld_ela_control:ela_control|sld_ela_basic_multi_level_trigger:\basic_multi_level_mbpm_trigger_gen:multi_level_mbpm|sld_mbpmg:\trigger_modules_gen:0:trigger_match                                                              ; sld_mbpmg                         ; work         ;
;                      |sld_sbpmg:\gen_sbpmg_pipeline_less_than_two:sm0:0:sm1|                                                            ; 2 (2)               ; 2 (2)                     ; 0           ; 0          ; 0            ; 0       ; 0         ; 0    ; 0            ; 0          ; |MODBUS|sld_signaltap:auto_signaltap_0|sld_signaltap_impl:sld_signaltap_body|sld_signaltap_implb:sld_signaltap_body|sld_ela_control:ela_control|sld_ela_basic_multi_level_trigger:\basic_multi_level_mbpm_trigger_gen:multi_level_mbpm|sld_mbpmg:\trigger_modules_gen:0:trigger_match|sld_sbpmg:\gen_sbpmg_pipeline_less_than_two:sm0:0:sm1        ; sld_sbpmg                         ; work         ;
;                      |sld_sbpmg:\gen_sbpmg_pipeline_less_than_two:sm0:10:sm1|                                                           ; 2 (2)               ; 2 (2)                     ; 0           ; 0          ; 0            ; 0       ; 0         ; 0    ; 0            ; 0          ; |MODBUS|sld_signaltap:auto_signaltap_0|sld_signaltap_impl:sld_signaltap_body|sld_signaltap_implb:sld_signaltap_body|sld_ela_control:ela_control|sld_ela_basic_multi_level_trigger:\basic_multi_level_mbpm_trigger_gen:multi_level_mbpm|sld_mbpmg:\trigger_modules_gen:0:trigger_match|sld_sbpmg:\gen_sbpmg_pipeline_less_than_two:sm0:10:sm1       ; sld_sbpmg                         ; work         ;
;                      |sld_sbpmg:\gen_sbpmg_pipeline_less_than_two:sm0:11:sm1|                                                           ; 2 (2)               ; 2 (2)                     ; 0           ; 0          ; 0            ; 0       ; 0         ; 0    ; 0            ; 0          ; |MODBUS|sld_signaltap:auto_signaltap_0|sld_signaltap_impl:sld_signaltap_body|sld_signaltap_implb:sld_signaltap_body|sld_ela_control:ela_control|sld_ela_basic_multi_level_trigger:\basic_multi_level_mbpm_trigger_gen:multi_level_mbpm|sld_mbpmg:\trigger_modules_gen:0:trigger_match|sld_sbpmg:\gen_sbpmg_pipeline_less_than_two:sm0:11:sm1       ; sld_sbpmg                         ; work         ;
;                      |sld_sbpmg:\gen_sbpmg_pipeline_less_than_two:sm0:12:sm1|                                                           ; 2 (2)               ; 2 (2)                     ; 0           ; 0          ; 0            ; 0       ; 0         ; 0    ; 0            ; 0          ; |MODBUS|sld_signaltap:auto_signaltap_0|sld_signaltap_impl:sld_signaltap_body|sld_signaltap_implb:sld_signaltap_body|sld_ela_control:ela_control|sld_ela_basic_multi_level_trigger:\basic_multi_level_mbpm_trigger_gen:multi_level_mbpm|sld_mbpmg:\trigger_modules_gen:0:trigger_match|sld_sbpmg:\gen_sbpmg_pipeline_less_than_two:sm0:12:sm1       ; sld_sbpmg                         ; work         ;
;                      |sld_sbpmg:\gen_sbpmg_pipeline_less_than_two:sm0:13:sm1|                                                           ; 2 (2)               ; 2 (2)                     ; 0           ; 0          ; 0            ; 0       ; 0         ; 0    ; 0            ; 0          ; |MODBUS|sld_signaltap:auto_signaltap_0|sld_signaltap_impl:sld_signaltap_body|sld_signaltap_implb:sld_signaltap_body|sld_ela_control:ela_control|sld_ela_basic_multi_level_trigger:\basic_multi_level_mbpm_trigger_gen:multi_level_mbpm|sld_mbpmg:\trigger_modules_gen:0:trigger_match|sld_sbpmg:\gen_sbpmg_pipeline_less_than_two:sm0:13:sm1       ; sld_sbpmg                         ; work         ;
;                      |sld_sbpmg:\gen_sbpmg_pipeline_less_than_two:sm0:14:sm1|                                                           ; 2 (2)               ; 2 (2)                     ; 0           ; 0          ; 0            ; 0       ; 0         ; 0    ; 0            ; 0          ; |MODBUS|sld_signaltap:auto_signaltap_0|sld_signaltap_impl:sld_signaltap_body|sld_signaltap_implb:sld_signaltap_body|sld_ela_control:ela_control|sld_ela_basic_multi_level_trigger:\basic_multi_level_mbpm_trigger_gen:multi_level_mbpm|sld_mbpmg:\trigger_modules_gen:0:trigger_match|sld_sbpmg:\gen_sbpmg_pipeline_less_than_two:sm0:14:sm1       ; sld_sbpmg                         ; work         ;
;                      |sld_sbpmg:\gen_sbpmg_pipeline_less_than_two:sm0:15:sm1|                                                           ; 2 (2)               ; 2 (2)                     ; 0           ; 0          ; 0            ; 0       ; 0         ; 0    ; 0            ; 0          ; |MODBUS|sld_signaltap:auto_signaltap_0|sld_signaltap_impl:sld_signaltap_body|sld_signaltap_implb:sld_signaltap_body|sld_ela_control:ela_control|sld_ela_basic_multi_level_trigger:\basic_multi_level_mbpm_trigger_gen:multi_level_mbpm|sld_mbpmg:\trigger_modules_gen:0:trigger_match|sld_sbpmg:\gen_sbpmg_pipeline_less_than_two:sm0:15:sm1       ; sld_sbpmg                         ; work         ;
;                      |sld_sbpmg:\gen_sbpmg_pipeline_less_than_two:sm0:16:sm1|                                                           ; 2 (2)               ; 2 (2)                     ; 0           ; 0          ; 0            ; 0       ; 0         ; 0    ; 0            ; 0          ; |MODBUS|sld_signaltap:auto_signaltap_0|sld_signaltap_impl:sld_signaltap_body|sld_signaltap_implb:sld_signaltap_body|sld_ela_control:ela_control|sld_ela_basic_multi_level_trigger:\basic_multi_level_mbpm_trigger_gen:multi_level_mbpm|sld_mbpmg:\trigger_modules_gen:0:trigger_match|sld_sbpmg:\gen_sbpmg_pipeline_less_than_two:sm0:16:sm1       ; sld_sbpmg                         ; work         ;
;                      |sld_sbpmg:\gen_sbpmg_pipeline_less_than_two:sm0:17:sm1|                                                           ; 2 (2)               ; 2 (2)                     ; 0           ; 0          ; 0            ; 0       ; 0         ; 0    ; 0            ; 0          ; |MODBUS|sld_signaltap:auto_signaltap_0|sld_signaltap_impl:sld_signaltap_body|sld_signaltap_implb:sld_signaltap_body|sld_ela_control:ela_control|sld_ela_basic_multi_level_trigger:\basic_multi_level_mbpm_trigger_gen:multi_level_mbpm|sld_mbpmg:\trigger_modules_gen:0:trigger_match|sld_sbpmg:\gen_sbpmg_pipeline_less_than_two:sm0:17:sm1       ; sld_sbpmg                         ; work         ;
;                      |sld_sbpmg:\gen_sbpmg_pipeline_less_than_two:sm0:18:sm1|                                                           ; 2 (2)               ; 2 (2)                     ; 0           ; 0          ; 0            ; 0       ; 0         ; 0    ; 0            ; 0          ; |MODBUS|sld_signaltap:auto_signaltap_0|sld_signaltap_impl:sld_signaltap_body|sld_signaltap_implb:sld_signaltap_body|sld_ela_control:ela_control|sld_ela_basic_multi_level_trigger:\basic_multi_level_mbpm_trigger_gen:multi_level_mbpm|sld_mbpmg:\trigger_modules_gen:0:trigger_match|sld_sbpmg:\gen_sbpmg_pipeline_less_than_two:sm0:18:sm1       ; sld_sbpmg                         ; work         ;
;                      |sld_sbpmg:\gen_sbpmg_pipeline_less_than_two:sm0:19:sm1|                                                           ; 2 (2)               ; 2 (2)                     ; 0           ; 0          ; 0            ; 0       ; 0         ; 0    ; 0            ; 0          ; |MODBUS|sld_signaltap:auto_signaltap_0|sld_signaltap_impl:sld_signaltap_body|sld_signaltap_implb:sld_signaltap_body|sld_ela_control:ela_control|sld_ela_basic_multi_level_trigger:\basic_multi_level_mbpm_trigger_gen:multi_level_mbpm|sld_mbpmg:\trigger_modules_gen:0:trigger_match|sld_sbpmg:\gen_sbpmg_pipeline_less_than_two:sm0:19:sm1       ; sld_sbpmg                         ; work         ;
;                      |sld_sbpmg:\gen_sbpmg_pipeline_less_than_two:sm0:1:sm1|                                                            ; 2 (2)               ; 2 (2)                     ; 0           ; 0          ; 0            ; 0       ; 0         ; 0    ; 0            ; 0          ; |MODBUS|sld_signaltap:auto_signaltap_0|sld_signaltap_impl:sld_signaltap_body|sld_signaltap_implb:sld_signaltap_body|sld_ela_control:ela_control|sld_ela_basic_multi_level_trigger:\basic_multi_level_mbpm_trigger_gen:multi_level_mbpm|sld_mbpmg:\trigger_modules_gen:0:trigger_match|sld_sbpmg:\gen_sbpmg_pipeline_less_than_two:sm0:1:sm1        ; sld_sbpmg                         ; work         ;
;                      |sld_sbpmg:\gen_sbpmg_pipeline_less_than_two:sm0:20:sm1|                                                           ; 2 (2)               ; 2 (2)                     ; 0           ; 0          ; 0            ; 0       ; 0         ; 0    ; 0            ; 0          ; |MODBUS|sld_signaltap:auto_signaltap_0|sld_signaltap_impl:sld_signaltap_body|sld_signaltap_implb:sld_signaltap_body|sld_ela_control:ela_control|sld_ela_basic_multi_level_trigger:\basic_multi_level_mbpm_trigger_gen:multi_level_mbpm|sld_mbpmg:\trigger_modules_gen:0:trigger_match|sld_sbpmg:\gen_sbpmg_pipeline_less_than_two:sm0:20:sm1       ; sld_sbpmg                         ; work         ;
;                      |sld_sbpmg:\gen_sbpmg_pipeline_less_than_two:sm0:21:sm1|                                                           ; 2 (2)               ; 2 (2)                     ; 0           ; 0          ; 0            ; 0       ; 0         ; 0    ; 0            ; 0          ; |MODBUS|sld_signaltap:auto_signaltap_0|sld_signaltap_impl:sld_signaltap_body|sld_signaltap_implb:sld_signaltap_body|sld_ela_control:ela_control|sld_ela_basic_multi_level_trigger:\basic_multi_level_mbpm_trigger_gen:multi_level_mbpm|sld_mbpmg:\trigger_modules_gen:0:trigger_match|sld_sbpmg:\gen_sbpmg_pipeline_less_than_two:sm0:21:sm1       ; sld_sbpmg                         ; work         ;
;                      |sld_sbpmg:\gen_sbpmg_pipeline_less_than_two:sm0:22:sm1|                                                           ; 2 (2)               ; 2 (2)                     ; 0           ; 0          ; 0            ; 0       ; 0         ; 0    ; 0            ; 0          ; |MODBUS|sld_signaltap:auto_signaltap_0|sld_signaltap_impl:sld_signaltap_body|sld_signaltap_implb:sld_signaltap_body|sld_ela_control:ela_control|sld_ela_basic_multi_level_trigger:\basic_multi_level_mbpm_trigger_gen:multi_level_mbpm|sld_mbpmg:\trigger_modules_gen:0:trigger_match|sld_sbpmg:\gen_sbpmg_pipeline_less_than_two:sm0:22:sm1       ; sld_sbpmg                         ; work         ;
;                      |sld_sbpmg:\gen_sbpmg_pipeline_less_than_two:sm0:23:sm1|                                                           ; 2 (2)               ; 2 (2)                     ; 0           ; 0          ; 0            ; 0       ; 0         ; 0    ; 0            ; 0          ; |MODBUS|sld_signaltap:auto_signaltap_0|sld_signaltap_impl:sld_signaltap_body|sld_signaltap_implb:sld_signaltap_body|sld_ela_control:ela_control|sld_ela_basic_multi_level_trigger:\basic_multi_level_mbpm_trigger_gen:multi_level_mbpm|sld_mbpmg:\trigger_modules_gen:0:trigger_match|sld_sbpmg:\gen_sbpmg_pipeline_less_than_two:sm0:23:sm1       ; sld_sbpmg                         ; work         ;
;                      |sld_sbpmg:\gen_sbpmg_pipeline_less_than_two:sm0:24:sm1|                                                           ; 2 (2)               ; 2 (2)                     ; 0           ; 0          ; 0            ; 0       ; 0         ; 0    ; 0            ; 0          ; |MODBUS|sld_signaltap:auto_signaltap_0|sld_signaltap_impl:sld_signaltap_body|sld_signaltap_implb:sld_signaltap_body|sld_ela_control:ela_control|sld_ela_basic_multi_level_trigger:\basic_multi_level_mbpm_trigger_gen:multi_level_mbpm|sld_mbpmg:\trigger_modules_gen:0:trigger_match|sld_sbpmg:\gen_sbpmg_pipeline_less_than_two:sm0:24:sm1       ; sld_sbpmg                         ; work         ;
;                      |sld_sbpmg:\gen_sbpmg_pipeline_less_than_two:sm0:25:sm1|                                                           ; 2 (2)               ; 2 (2)                     ; 0           ; 0          ; 0            ; 0       ; 0         ; 0    ; 0            ; 0          ; |MODBUS|sld_signaltap:auto_signaltap_0|sld_signaltap_impl:sld_signaltap_body|sld_signaltap_implb:sld_signaltap_body|sld_ela_control:ela_control|sld_ela_basic_multi_level_trigger:\basic_multi_level_mbpm_trigger_gen:multi_level_mbpm|sld_mbpmg:\trigger_modules_gen:0:trigger_match|sld_sbpmg:\gen_sbpmg_pipeline_less_than_two:sm0:25:sm1       ; sld_sbpmg                         ; work         ;
;                      |sld_sbpmg:\gen_sbpmg_pipeline_less_than_two:sm0:26:sm1|                                                           ; 2 (2)               ; 2 (2)                     ; 0           ; 0          ; 0            ; 0       ; 0         ; 0    ; 0            ; 0          ; |MODBUS|sld_signaltap:auto_signaltap_0|sld_signaltap_impl:sld_signaltap_body|sld_signaltap_implb:sld_signaltap_body|sld_ela_control:ela_control|sld_ela_basic_multi_level_trigger:\basic_multi_level_mbpm_trigger_gen:multi_level_mbpm|sld_mbpmg:\trigger_modules_gen:0:trigger_match|sld_sbpmg:\gen_sbpmg_pipeline_less_than_two:sm0:26:sm1       ; sld_sbpmg                         ; work         ;
;                      |sld_sbpmg:\gen_sbpmg_pipeline_less_than_two:sm0:27:sm1|                                                           ; 2 (2)               ; 2 (2)                     ; 0           ; 0          ; 0            ; 0       ; 0         ; 0    ; 0            ; 0          ; |MODBUS|sld_signaltap:auto_signaltap_0|sld_signaltap_impl:sld_signaltap_body|sld_signaltap_implb:sld_signaltap_body|sld_ela_control:ela_control|sld_ela_basic_multi_level_trigger:\basic_multi_level_mbpm_trigger_gen:multi_level_mbpm|sld_mbpmg:\trigger_modules_gen:0:trigger_match|sld_sbpmg:\gen_sbpmg_pipeline_less_than_two:sm0:27:sm1       ; sld_sbpmg                         ; work         ;
;                      |sld_sbpmg:\gen_sbpmg_pipeline_less_than_two:sm0:28:sm1|                                                           ; 2 (2)               ; 2 (2)                     ; 0           ; 0          ; 0            ; 0       ; 0         ; 0    ; 0            ; 0          ; |MODBUS|sld_signaltap:auto_signaltap_0|sld_signaltap_impl:sld_signaltap_body|sld_signaltap_implb:sld_signaltap_body|sld_ela_control:ela_control|sld_ela_basic_multi_level_trigger:\basic_multi_level_mbpm_trigger_gen:multi_level_mbpm|sld_mbpmg:\trigger_modules_gen:0:trigger_match|sld_sbpmg:\gen_sbpmg_pipeline_less_than_two:sm0:28:sm1       ; sld_sbpmg                         ; work         ;
;                      |sld_sbpmg:\gen_sbpmg_pipeline_less_than_two:sm0:29:sm1|                                                           ; 2 (2)               ; 2 (2)                     ; 0           ; 0          ; 0            ; 0       ; 0         ; 0    ; 0            ; 0          ; |MODBUS|sld_signaltap:auto_signaltap_0|sld_signaltap_impl:sld_signaltap_body|sld_signaltap_implb:sld_signaltap_body|sld_ela_control:ela_control|sld_ela_basic_multi_level_trigger:\basic_multi_level_mbpm_trigger_gen:multi_level_mbpm|sld_mbpmg:\trigger_modules_gen:0:trigger_match|sld_sbpmg:\gen_sbpmg_pipeline_less_than_two:sm0:29:sm1       ; sld_sbpmg                         ; work         ;
;                      |sld_sbpmg:\gen_sbpmg_pipeline_less_than_two:sm0:2:sm1|                                                            ; 2 (2)               ; 2 (2)                     ; 0           ; 0          ; 0            ; 0       ; 0         ; 0    ; 0            ; 0          ; |MODBUS|sld_signaltap:auto_signaltap_0|sld_signaltap_impl:sld_signaltap_body|sld_signaltap_implb:sld_signaltap_body|sld_ela_control:ela_control|sld_ela_basic_multi_level_trigger:\basic_multi_level_mbpm_trigger_gen:multi_level_mbpm|sld_mbpmg:\trigger_modules_gen:0:trigger_match|sld_sbpmg:\gen_sbpmg_pipeline_less_than_two:sm0:2:sm1        ; sld_sbpmg                         ; work         ;
;                      |sld_sbpmg:\gen_sbpmg_pipeline_less_than_two:sm0:30:sm1|                                                           ; 2 (2)               ; 2 (2)                     ; 0           ; 0          ; 0            ; 0       ; 0         ; 0    ; 0            ; 0          ; |MODBUS|sld_signaltap:auto_signaltap_0|sld_signaltap_impl:sld_signaltap_body|sld_signaltap_implb:sld_signaltap_body|sld_ela_control:ela_control|sld_ela_basic_multi_level_trigger:\basic_multi_level_mbpm_trigger_gen:multi_level_mbpm|sld_mbpmg:\trigger_modules_gen:0:trigger_match|sld_sbpmg:\gen_sbpmg_pipeline_less_than_two:sm0:30:sm1       ; sld_sbpmg                         ; work         ;
;                      |sld_sbpmg:\gen_sbpmg_pipeline_less_than_two:sm0:31:sm1|                                                           ; 2 (2)               ; 2 (2)                     ; 0           ; 0          ; 0            ; 0       ; 0         ; 0    ; 0            ; 0          ; |MODBUS|sld_signaltap:auto_signaltap_0|sld_signaltap_impl:sld_signaltap_body|sld_signaltap_implb:sld_signaltap_body|sld_ela_control:ela_control|sld_ela_basic_multi_level_trigger:\basic_multi_level_mbpm_trigger_gen:multi_level_mbpm|sld_mbpmg:\trigger_modules_gen:0:trigger_match|sld_sbpmg:\gen_sbpmg_pipeline_less_than_two:sm0:31:sm1       ; sld_sbpmg                         ; work         ;
;                      |sld_sbpmg:\gen_sbpmg_pipeline_less_than_two:sm0:32:sm1|                                                           ; 2 (2)               ; 2 (2)                     ; 0           ; 0          ; 0            ; 0       ; 0         ; 0    ; 0            ; 0          ; |MODBUS|sld_signaltap:auto_signaltap_0|sld_signaltap_impl:sld_signaltap_body|sld_signaltap_implb:sld_signaltap_body|sld_ela_control:ela_control|sld_ela_basic_multi_level_trigger:\basic_multi_level_mbpm_trigger_gen:multi_level_mbpm|sld_mbpmg:\trigger_modules_gen:0:trigger_match|sld_sbpmg:\gen_sbpmg_pipeline_less_than_two:sm0:32:sm1       ; sld_sbpmg                         ; work         ;
;                      |sld_sbpmg:\gen_sbpmg_pipeline_less_than_two:sm0:33:sm1|                                                           ; 2 (2)               ; 2 (2)                     ; 0           ; 0          ; 0            ; 0       ; 0         ; 0    ; 0            ; 0          ; |MODBUS|sld_signaltap:auto_signaltap_0|sld_signaltap_impl:sld_signaltap_body|sld_signaltap_implb:sld_signaltap_body|sld_ela_control:ela_control|sld_ela_basic_multi_level_trigger:\basic_multi_level_mbpm_trigger_gen:multi_level_mbpm|sld_mbpmg:\trigger_modules_gen:0:trigger_match|sld_sbpmg:\gen_sbpmg_pipeline_less_than_two:sm0:33:sm1       ; sld_sbpmg                         ; work         ;
;                      |sld_sbpmg:\gen_sbpmg_pipeline_less_than_two:sm0:34:sm1|                                                           ; 2 (2)               ; 2 (2)                     ; 0           ; 0          ; 0            ; 0       ; 0         ; 0    ; 0            ; 0          ; |MODBUS|sld_signaltap:auto_signaltap_0|sld_signaltap_impl:sld_signaltap_body|sld_signaltap_implb:sld_signaltap_body|sld_ela_control:ela_control|sld_ela_basic_multi_level_trigger:\basic_multi_level_mbpm_trigger_gen:multi_level_mbpm|sld_mbpmg:\trigger_modules_gen:0:trigger_match|sld_sbpmg:\gen_sbpmg_pipeline_less_than_two:sm0:34:sm1       ; sld_sbpmg                         ; work         ;
;                      |sld_sbpmg:\gen_sbpmg_pipeline_less_than_two:sm0:35:sm1|                                                           ; 2 (2)               ; 2 (2)                     ; 0           ; 0          ; 0            ; 0       ; 0         ; 0    ; 0            ; 0          ; |MODBUS|sld_signaltap:auto_signaltap_0|sld_signaltap_impl:sld_signaltap_body|sld_signaltap_implb:sld_signaltap_body|sld_ela_control:ela_control|sld_ela_basic_multi_level_trigger:\basic_multi_level_mbpm_trigger_gen:multi_level_mbpm|sld_mbpmg:\trigger_modules_gen:0:trigger_match|sld_sbpmg:\gen_sbpmg_pipeline_less_than_two:sm0:35:sm1       ; sld_sbpmg                         ; work         ;
;                      |sld_sbpmg:\gen_sbpmg_pipeline_less_than_two:sm0:36:sm1|                                                           ; 2 (2)               ; 2 (2)                     ; 0           ; 0          ; 0            ; 0       ; 0         ; 0    ; 0            ; 0          ; |MODBUS|sld_signaltap:auto_signaltap_0|sld_signaltap_impl:sld_signaltap_body|sld_signaltap_implb:sld_signaltap_body|sld_ela_control:ela_control|sld_ela_basic_multi_level_trigger:\basic_multi_level_mbpm_trigger_gen:multi_level_mbpm|sld_mbpmg:\trigger_modules_gen:0:trigger_match|sld_sbpmg:\gen_sbpmg_pipeline_less_than_two:sm0:36:sm1       ; sld_sbpmg                         ; work         ;
;                      |sld_sbpmg:\gen_sbpmg_pipeline_less_than_two:sm0:37:sm1|                                                           ; 2 (2)               ; 2 (2)                     ; 0           ; 0          ; 0            ; 0       ; 0         ; 0    ; 0            ; 0          ; |MODBUS|sld_signaltap:auto_signaltap_0|sld_signaltap_impl:sld_signaltap_body|sld_signaltap_implb:sld_signaltap_body|sld_ela_control:ela_control|sld_ela_basic_multi_level_trigger:\basic_multi_level_mbpm_trigger_gen:multi_level_mbpm|sld_mbpmg:\trigger_modules_gen:0:trigger_match|sld_sbpmg:\gen_sbpmg_pipeline_less_than_two:sm0:37:sm1       ; sld_sbpmg                         ; work         ;
;                      |sld_sbpmg:\gen_sbpmg_pipeline_less_than_two:sm0:38:sm1|                                                           ; 2 (2)               ; 2 (2)                     ; 0           ; 0          ; 0            ; 0       ; 0         ; 0    ; 0            ; 0          ; |MODBUS|sld_signaltap:auto_signaltap_0|sld_signaltap_impl:sld_signaltap_body|sld_signaltap_implb:sld_signaltap_body|sld_ela_control:ela_control|sld_ela_basic_multi_level_trigger:\basic_multi_level_mbpm_trigger_gen:multi_level_mbpm|sld_mbpmg:\trigger_modules_gen:0:trigger_match|sld_sbpmg:\gen_sbpmg_pipeline_less_than_two:sm0:38:sm1       ; sld_sbpmg                         ; work         ;
;                      |sld_sbpmg:\gen_sbpmg_pipeline_less_than_two:sm0:39:sm1|                                                           ; 2 (2)               ; 2 (2)                     ; 0           ; 0          ; 0            ; 0       ; 0         ; 0    ; 0            ; 0          ; |MODBUS|sld_signaltap:auto_signaltap_0|sld_signaltap_impl:sld_signaltap_body|sld_signaltap_implb:sld_signaltap_body|sld_ela_control:ela_control|sld_ela_basic_multi_level_trigger:\basic_multi_level_mbpm_trigger_gen:multi_level_mbpm|sld_mbpmg:\trigger_modules_gen:0:trigger_match|sld_sbpmg:\gen_sbpmg_pipeline_less_than_two:sm0:39:sm1       ; sld_sbpmg                         ; work         ;
;                      |sld_sbpmg:\gen_sbpmg_pipeline_less_than_two:sm0:3:sm1|                                                            ; 2 (2)               ; 2 (2)                     ; 0           ; 0          ; 0            ; 0       ; 0         ; 0    ; 0            ; 0          ; |MODBUS|sld_signaltap:auto_signaltap_0|sld_signaltap_impl:sld_signaltap_body|sld_signaltap_implb:sld_signaltap_body|sld_ela_control:ela_control|sld_ela_basic_multi_level_trigger:\basic_multi_level_mbpm_trigger_gen:multi_level_mbpm|sld_mbpmg:\trigger_modules_gen:0:trigger_match|sld_sbpmg:\gen_sbpmg_pipeline_less_than_two:sm0:3:sm1        ; sld_sbpmg                         ; work         ;
;                      |sld_sbpmg:\gen_sbpmg_pipeline_less_than_two:sm0:40:sm1|                                                           ; 2 (2)               ; 2 (2)                     ; 0           ; 0          ; 0            ; 0       ; 0         ; 0    ; 0            ; 0          ; |MODBUS|sld_signaltap:auto_signaltap_0|sld_signaltap_impl:sld_signaltap_body|sld_signaltap_implb:sld_signaltap_body|sld_ela_control:ela_control|sld_ela_basic_multi_level_trigger:\basic_multi_level_mbpm_trigger_gen:multi_level_mbpm|sld_mbpmg:\trigger_modules_gen:0:trigger_match|sld_sbpmg:\gen_sbpmg_pipeline_less_than_two:sm0:40:sm1       ; sld_sbpmg                         ; work         ;
;                      |sld_sbpmg:\gen_sbpmg_pipeline_less_than_two:sm0:41:sm1|                                                           ; 2 (2)               ; 2 (2)                     ; 0           ; 0          ; 0            ; 0       ; 0         ; 0    ; 0            ; 0          ; |MODBUS|sld_signaltap:auto_signaltap_0|sld_signaltap_impl:sld_signaltap_body|sld_signaltap_implb:sld_signaltap_body|sld_ela_control:ela_control|sld_ela_basic_multi_level_trigger:\basic_multi_level_mbpm_trigger_gen:multi_level_mbpm|sld_mbpmg:\trigger_modules_gen:0:trigger_match|sld_sbpmg:\gen_sbpmg_pipeline_less_than_two:sm0:41:sm1       ; sld_sbpmg                         ; work         ;
;                      |sld_sbpmg:\gen_sbpmg_pipeline_less_than_two:sm0:42:sm1|                                                           ; 2 (2)               ; 2 (2)                     ; 0           ; 0          ; 0            ; 0       ; 0         ; 0    ; 0            ; 0          ; |MODBUS|sld_signaltap:auto_signaltap_0|sld_signaltap_impl:sld_signaltap_body|sld_signaltap_implb:sld_signaltap_body|sld_ela_control:ela_control|sld_ela_basic_multi_level_trigger:\basic_multi_level_mbpm_trigger_gen:multi_level_mbpm|sld_mbpmg:\trigger_modules_gen:0:trigger_match|sld_sbpmg:\gen_sbpmg_pipeline_less_than_two:sm0:42:sm1       ; sld_sbpmg                         ; work         ;
;                      |sld_sbpmg:\gen_sbpmg_pipeline_less_than_two:sm0:43:sm1|                                                           ; 2 (2)               ; 2 (2)                     ; 0           ; 0          ; 0            ; 0       ; 0         ; 0    ; 0            ; 0          ; |MODBUS|sld_signaltap:auto_signaltap_0|sld_signaltap_impl:sld_signaltap_body|sld_signaltap_implb:sld_signaltap_body|sld_ela_control:ela_control|sld_ela_basic_multi_level_trigger:\basic_multi_level_mbpm_trigger_gen:multi_level_mbpm|sld_mbpmg:\trigger_modules_gen:0:trigger_match|sld_sbpmg:\gen_sbpmg_pipeline_less_than_two:sm0:43:sm1       ; sld_sbpmg                         ; work         ;
;                      |sld_sbpmg:\gen_sbpmg_pipeline_less_than_two:sm0:44:sm1|                                                           ; 2 (2)               ; 2 (2)                     ; 0           ; 0          ; 0            ; 0       ; 0         ; 0    ; 0            ; 0          ; |MODBUS|sld_signaltap:auto_signaltap_0|sld_signaltap_impl:sld_signaltap_body|sld_signaltap_implb:sld_signaltap_body|sld_ela_control:ela_control|sld_ela_basic_multi_level_trigger:\basic_multi_level_mbpm_trigger_gen:multi_level_mbpm|sld_mbpmg:\trigger_modules_gen:0:trigger_match|sld_sbpmg:\gen_sbpmg_pipeline_less_than_two:sm0:44:sm1       ; sld_sbpmg                         ; work         ;
;                      |sld_sbpmg:\gen_sbpmg_pipeline_less_than_two:sm0:45:sm1|                                                           ; 2 (2)               ; 2 (2)                     ; 0           ; 0          ; 0            ; 0       ; 0         ; 0    ; 0            ; 0          ; |MODBUS|sld_signaltap:auto_signaltap_0|sld_signaltap_impl:sld_signaltap_body|sld_signaltap_implb:sld_signaltap_body|sld_ela_control:ela_control|sld_ela_basic_multi_level_trigger:\basic_multi_level_mbpm_trigger_gen:multi_level_mbpm|sld_mbpmg:\trigger_modules_gen:0:trigger_match|sld_sbpmg:\gen_sbpmg_pipeline_less_than_two:sm0:45:sm1       ; sld_sbpmg                         ; work         ;
;                      |sld_sbpmg:\gen_sbpmg_pipeline_less_than_two:sm0:46:sm1|                                                           ; 2 (2)               ; 2 (2)                     ; 0           ; 0          ; 0            ; 0       ; 0         ; 0    ; 0            ; 0          ; |MODBUS|sld_signaltap:auto_signaltap_0|sld_signaltap_impl:sld_signaltap_body|sld_signaltap_implb:sld_signaltap_body|sld_ela_control:ela_control|sld_ela_basic_multi_level_trigger:\basic_multi_level_mbpm_trigger_gen:multi_level_mbpm|sld_mbpmg:\trigger_modules_gen:0:trigger_match|sld_sbpmg:\gen_sbpmg_pipeline_less_than_two:sm0:46:sm1       ; sld_sbpmg                         ; work         ;
;                      |sld_sbpmg:\gen_sbpmg_pipeline_less_than_two:sm0:47:sm1|                                                           ; 2 (2)               ; 2 (2)                     ; 0           ; 0          ; 0            ; 0       ; 0         ; 0    ; 0            ; 0          ; |MODBUS|sld_signaltap:auto_signaltap_0|sld_signaltap_impl:sld_signaltap_body|sld_signaltap_implb:sld_signaltap_body|sld_ela_control:ela_control|sld_ela_basic_multi_level_trigger:\basic_multi_level_mbpm_trigger_gen:multi_level_mbpm|sld_mbpmg:\trigger_modules_gen:0:trigger_match|sld_sbpmg:\gen_sbpmg_pipeline_less_than_two:sm0:47:sm1       ; sld_sbpmg                         ; work         ;
;                      |sld_sbpmg:\gen_sbpmg_pipeline_less_than_two:sm0:48:sm1|                                                           ; 2 (2)               ; 2 (2)                     ; 0           ; 0          ; 0            ; 0       ; 0         ; 0    ; 0            ; 0          ; |MODBUS|sld_signaltap:auto_signaltap_0|sld_signaltap_impl:sld_signaltap_body|sld_signaltap_implb:sld_signaltap_body|sld_ela_control:ela_control|sld_ela_basic_multi_level_trigger:\basic_multi_level_mbpm_trigger_gen:multi_level_mbpm|sld_mbpmg:\trigger_modules_gen:0:trigger_match|sld_sbpmg:\gen_sbpmg_pipeline_less_than_two:sm0:48:sm1       ; sld_sbpmg                         ; work         ;
;                      |sld_sbpmg:\gen_sbpmg_pipeline_less_than_two:sm0:49:sm1|                                                           ; 2 (2)               ; 2 (2)                     ; 0           ; 0          ; 0            ; 0       ; 0         ; 0    ; 0            ; 0          ; |MODBUS|sld_signaltap:auto_signaltap_0|sld_signaltap_impl:sld_signaltap_body|sld_signaltap_implb:sld_signaltap_body|sld_ela_control:ela_control|sld_ela_basic_multi_level_trigger:\basic_multi_level_mbpm_trigger_gen:multi_level_mbpm|sld_mbpmg:\trigger_modules_gen:0:trigger_match|sld_sbpmg:\gen_sbpmg_pipeline_less_than_two:sm0:49:sm1       ; sld_sbpmg                         ; work         ;
;                      |sld_sbpmg:\gen_sbpmg_pipeline_less_than_two:sm0:4:sm1|                                                            ; 2 (2)               ; 2 (2)                     ; 0           ; 0          ; 0            ; 0       ; 0         ; 0    ; 0            ; 0          ; |MODBUS|sld_signaltap:auto_signaltap_0|sld_signaltap_impl:sld_signaltap_body|sld_signaltap_implb:sld_signaltap_body|sld_ela_control:ela_control|sld_ela_basic_multi_level_trigger:\basic_multi_level_mbpm_trigger_gen:multi_level_mbpm|sld_mbpmg:\trigger_modules_gen:0:trigger_match|sld_sbpmg:\gen_sbpmg_pipeline_less_than_two:sm0:4:sm1        ; sld_sbpmg                         ; work         ;
;                      |sld_sbpmg:\gen_sbpmg_pipeline_less_than_two:sm0:50:sm1|                                                           ; 2 (2)               ; 2 (2)                     ; 0           ; 0          ; 0            ; 0       ; 0         ; 0    ; 0            ; 0          ; |MODBUS|sld_signaltap:auto_signaltap_0|sld_signaltap_impl:sld_signaltap_body|sld_signaltap_implb:sld_signaltap_body|sld_ela_control:ela_control|sld_ela_basic_multi_level_trigger:\basic_multi_level_mbpm_trigger_gen:multi_level_mbpm|sld_mbpmg:\trigger_modules_gen:0:trigger_match|sld_sbpmg:\gen_sbpmg_pipeline_less_than_two:sm0:50:sm1       ; sld_sbpmg                         ; work         ;
;                      |sld_sbpmg:\gen_sbpmg_pipeline_less_than_two:sm0:51:sm1|                                                           ; 2 (2)               ; 2 (2)                     ; 0           ; 0          ; 0            ; 0       ; 0         ; 0    ; 0            ; 0          ; |MODBUS|sld_signaltap:auto_signaltap_0|sld_signaltap_impl:sld_signaltap_body|sld_signaltap_implb:sld_signaltap_body|sld_ela_control:ela_control|sld_ela_basic_multi_level_trigger:\basic_multi_level_mbpm_trigger_gen:multi_level_mbpm|sld_mbpmg:\trigger_modules_gen:0:trigger_match|sld_sbpmg:\gen_sbpmg_pipeline_less_than_two:sm0:51:sm1       ; sld_sbpmg                         ; work         ;
;                      |sld_sbpmg:\gen_sbpmg_pipeline_less_than_two:sm0:52:sm1|                                                           ; 2 (2)               ; 2 (2)                     ; 0           ; 0          ; 0            ; 0       ; 0         ; 0    ; 0            ; 0          ; |MODBUS|sld_signaltap:auto_signaltap_0|sld_signaltap_impl:sld_signaltap_body|sld_signaltap_implb:sld_signaltap_body|sld_ela_control:ela_control|sld_ela_basic_multi_level_trigger:\basic_multi_level_mbpm_trigger_gen:multi_level_mbpm|sld_mbpmg:\trigger_modules_gen:0:trigger_match|sld_sbpmg:\gen_sbpmg_pipeline_less_than_two:sm0:52:sm1       ; sld_sbpmg                         ; work         ;
;                      |sld_sbpmg:\gen_sbpmg_pipeline_less_than_two:sm0:53:sm1|                                                           ; 2 (2)               ; 2 (2)                     ; 0           ; 0          ; 0            ; 0       ; 0         ; 0    ; 0            ; 0          ; |MODBUS|sld_signaltap:auto_signaltap_0|sld_signaltap_impl:sld_signaltap_body|sld_signaltap_implb:sld_signaltap_body|sld_ela_control:ela_control|sld_ela_basic_multi_level_trigger:\basic_multi_level_mbpm_trigger_gen:multi_level_mbpm|sld_mbpmg:\trigger_modules_gen:0:trigger_match|sld_sbpmg:\gen_sbpmg_pipeline_less_than_two:sm0:53:sm1       ; sld_sbpmg                         ; work         ;
;                      |sld_sbpmg:\gen_sbpmg_pipeline_less_than_two:sm0:54:sm1|                                                           ; 2 (2)               ; 2 (2)                     ; 0           ; 0          ; 0            ; 0       ; 0         ; 0    ; 0            ; 0          ; |MODBUS|sld_signaltap:auto_signaltap_0|sld_signaltap_impl:sld_signaltap_body|sld_signaltap_implb:sld_signaltap_body|sld_ela_control:ela_control|sld_ela_basic_multi_level_trigger:\basic_multi_level_mbpm_trigger_gen:multi_level_mbpm|sld_mbpmg:\trigger_modules_gen:0:trigger_match|sld_sbpmg:\gen_sbpmg_pipeline_less_than_two:sm0:54:sm1       ; sld_sbpmg                         ; work         ;
;                      |sld_sbpmg:\gen_sbpmg_pipeline_less_than_two:sm0:55:sm1|                                                           ; 2 (2)               ; 2 (2)                     ; 0           ; 0          ; 0            ; 0       ; 0         ; 0    ; 0            ; 0          ; |MODBUS|sld_signaltap:auto_signaltap_0|sld_signaltap_impl:sld_signaltap_body|sld_signaltap_implb:sld_signaltap_body|sld_ela_control:ela_control|sld_ela_basic_multi_level_trigger:\basic_multi_level_mbpm_trigger_gen:multi_level_mbpm|sld_mbpmg:\trigger_modules_gen:0:trigger_match|sld_sbpmg:\gen_sbpmg_pipeline_less_than_two:sm0:55:sm1       ; sld_sbpmg                         ; work         ;
;                      |sld_sbpmg:\gen_sbpmg_pipeline_less_than_two:sm0:56:sm1|                                                           ; 2 (2)               ; 2 (2)                     ; 0           ; 0          ; 0            ; 0       ; 0         ; 0    ; 0            ; 0          ; |MODBUS|sld_signaltap:auto_signaltap_0|sld_signaltap_impl:sld_signaltap_body|sld_signaltap_implb:sld_signaltap_body|sld_ela_control:ela_control|sld_ela_basic_multi_level_trigger:\basic_multi_level_mbpm_trigger_gen:multi_level_mbpm|sld_mbpmg:\trigger_modules_gen:0:trigger_match|sld_sbpmg:\gen_sbpmg_pipeline_less_than_two:sm0:56:sm1       ; sld_sbpmg                         ; work         ;
;                      |sld_sbpmg:\gen_sbpmg_pipeline_less_than_two:sm0:57:sm1|                                                           ; 2 (2)               ; 2 (2)                     ; 0           ; 0          ; 0            ; 0       ; 0         ; 0    ; 0            ; 0          ; |MODBUS|sld_signaltap:auto_signaltap_0|sld_signaltap_impl:sld_signaltap_body|sld_signaltap_implb:sld_signaltap_body|sld_ela_control:ela_control|sld_ela_basic_multi_level_trigger:\basic_multi_level_mbpm_trigger_gen:multi_level_mbpm|sld_mbpmg:\trigger_modules_gen:0:trigger_match|sld_sbpmg:\gen_sbpmg_pipeline_less_than_two:sm0:57:sm1       ; sld_sbpmg                         ; work         ;
;                      |sld_sbpmg:\gen_sbpmg_pipeline_less_than_two:sm0:58:sm1|                                                           ; 2 (2)               ; 2 (2)                     ; 0           ; 0          ; 0            ; 0       ; 0         ; 0    ; 0            ; 0          ; |MODBUS|sld_signaltap:auto_signaltap_0|sld_signaltap_impl:sld_signaltap_body|sld_signaltap_implb:sld_signaltap_body|sld_ela_control:ela_control|sld_ela_basic_multi_level_trigger:\basic_multi_level_mbpm_trigger_gen:multi_level_mbpm|sld_mbpmg:\trigger_modules_gen:0:trigger_match|sld_sbpmg:\gen_sbpmg_pipeline_less_than_two:sm0:58:sm1       ; sld_sbpmg                         ; work         ;
;                      |sld_sbpmg:\gen_sbpmg_pipeline_less_than_two:sm0:59:sm1|                                                           ; 2 (2)               ; 2 (2)                     ; 0           ; 0          ; 0            ; 0       ; 0         ; 0    ; 0            ; 0          ; |MODBUS|sld_signaltap:auto_signaltap_0|sld_signaltap_impl:sld_signaltap_body|sld_signaltap_implb:sld_signaltap_body|sld_ela_control:ela_control|sld_ela_basic_multi_level_trigger:\basic_multi_level_mbpm_trigger_gen:multi_level_mbpm|sld_mbpmg:\trigger_modules_gen:0:trigger_match|sld_sbpmg:\gen_sbpmg_pipeline_less_than_two:sm0:59:sm1       ; sld_sbpmg                         ; work         ;
;                      |sld_sbpmg:\gen_sbpmg_pipeline_less_than_two:sm0:5:sm1|                                                            ; 2 (2)               ; 2 (2)                     ; 0           ; 0          ; 0            ; 0       ; 0         ; 0    ; 0            ; 0          ; |MODBUS|sld_signaltap:auto_signaltap_0|sld_signaltap_impl:sld_signaltap_body|sld_signaltap_implb:sld_signaltap_body|sld_ela_control:ela_control|sld_ela_basic_multi_level_trigger:\basic_multi_level_mbpm_trigger_gen:multi_level_mbpm|sld_mbpmg:\trigger_modules_gen:0:trigger_match|sld_sbpmg:\gen_sbpmg_pipeline_less_than_two:sm0:5:sm1        ; sld_sbpmg                         ; work         ;
;                      |sld_sbpmg:\gen_sbpmg_pipeline_less_than_two:sm0:60:sm1|                                                           ; 2 (2)               ; 2 (2)                     ; 0           ; 0          ; 0            ; 0       ; 0         ; 0    ; 0            ; 0          ; |MODBUS|sld_signaltap:auto_signaltap_0|sld_signaltap_impl:sld_signaltap_body|sld_signaltap_implb:sld_signaltap_body|sld_ela_control:ela_control|sld_ela_basic_multi_level_trigger:\basic_multi_level_mbpm_trigger_gen:multi_level_mbpm|sld_mbpmg:\trigger_modules_gen:0:trigger_match|sld_sbpmg:\gen_sbpmg_pipeline_less_than_two:sm0:60:sm1       ; sld_sbpmg                         ; work         ;
;                      |sld_sbpmg:\gen_sbpmg_pipeline_less_than_two:sm0:61:sm1|                                                           ; 2 (2)               ; 2 (2)                     ; 0           ; 0          ; 0            ; 0       ; 0         ; 0    ; 0            ; 0          ; |MODBUS|sld_signaltap:auto_signaltap_0|sld_signaltap_impl:sld_signaltap_body|sld_signaltap_implb:sld_signaltap_body|sld_ela_control:ela_control|sld_ela_basic_multi_level_trigger:\basic_multi_level_mbpm_trigger_gen:multi_level_mbpm|sld_mbpmg:\trigger_modules_gen:0:trigger_match|sld_sbpmg:\gen_sbpmg_pipeline_less_than_two:sm0:61:sm1       ; sld_sbpmg                         ; work         ;
;                      |sld_sbpmg:\gen_sbpmg_pipeline_less_than_two:sm0:62:sm1|                                                           ; 2 (2)               ; 2 (2)                     ; 0           ; 0          ; 0            ; 0       ; 0         ; 0    ; 0            ; 0          ; |MODBUS|sld_signaltap:auto_signaltap_0|sld_signaltap_impl:sld_signaltap_body|sld_signaltap_implb:sld_signaltap_body|sld_ela_control:ela_control|sld_ela_basic_multi_level_trigger:\basic_multi_level_mbpm_trigger_gen:multi_level_mbpm|sld_mbpmg:\trigger_modules_gen:0:trigger_match|sld_sbpmg:\gen_sbpmg_pipeline_less_than_two:sm0:62:sm1       ; sld_sbpmg                         ; work         ;
;                      |sld_sbpmg:\gen_sbpmg_pipeline_less_than_two:sm0:63:sm1|                                                           ; 2 (2)               ; 2 (2)                     ; 0           ; 0          ; 0            ; 0       ; 0         ; 0    ; 0            ; 0          ; |MODBUS|sld_signaltap:auto_signaltap_0|sld_signaltap_impl:sld_signaltap_body|sld_signaltap_implb:sld_signaltap_body|sld_ela_control:ela_control|sld_ela_basic_multi_level_trigger:\basic_multi_level_mbpm_trigger_gen:multi_level_mbpm|sld_mbpmg:\trigger_modules_gen:0:trigger_match|sld_sbpmg:\gen_sbpmg_pipeline_less_than_two:sm0:63:sm1       ; sld_sbpmg                         ; work         ;
;                      |sld_sbpmg:\gen_sbpmg_pipeline_less_than_two:sm0:6:sm1|                                                            ; 2 (2)               ; 2 (2)                     ; 0           ; 0          ; 0            ; 0       ; 0         ; 0    ; 0            ; 0          ; |MODBUS|sld_signaltap:auto_signaltap_0|sld_signaltap_impl:sld_signaltap_body|sld_signaltap_implb:sld_signaltap_body|sld_ela_control:ela_control|sld_ela_basic_multi_level_trigger:\basic_multi_level_mbpm_trigger_gen:multi_level_mbpm|sld_mbpmg:\trigger_modules_gen:0:trigger_match|sld_sbpmg:\gen_sbpmg_pipeline_less_than_two:sm0:6:sm1        ; sld_sbpmg                         ; work         ;
;                      |sld_sbpmg:\gen_sbpmg_pipeline_less_than_two:sm0:7:sm1|                                                            ; 2 (2)               ; 2 (2)                     ; 0           ; 0          ; 0            ; 0       ; 0         ; 0    ; 0            ; 0          ; |MODBUS|sld_signaltap:auto_signaltap_0|sld_signaltap_impl:sld_signaltap_body|sld_signaltap_implb:sld_signaltap_body|sld_ela_control:ela_control|sld_ela_basic_multi_level_trigger:\basic_multi_level_mbpm_trigger_gen:multi_level_mbpm|sld_mbpmg:\trigger_modules_gen:0:trigger_match|sld_sbpmg:\gen_sbpmg_pipeline_less_than_two:sm0:7:sm1        ; sld_sbpmg                         ; work         ;
;                      |sld_sbpmg:\gen_sbpmg_pipeline_less_than_two:sm0:8:sm1|                                                            ; 2 (2)               ; 2 (2)                     ; 0           ; 0          ; 0            ; 0       ; 0         ; 0    ; 0            ; 0          ; |MODBUS|sld_signaltap:auto_signaltap_0|sld_signaltap_impl:sld_signaltap_body|sld_signaltap_implb:sld_signaltap_body|sld_ela_control:ela_control|sld_ela_basic_multi_level_trigger:\basic_multi_level_mbpm_trigger_gen:multi_level_mbpm|sld_mbpmg:\trigger_modules_gen:0:trigger_match|sld_sbpmg:\gen_sbpmg_pipeline_less_than_two:sm0:8:sm1        ; sld_sbpmg                         ; work         ;
;                      |sld_sbpmg:\gen_sbpmg_pipeline_less_than_two:sm0:9:sm1|                                                            ; 2 (2)               ; 2 (2)                     ; 0           ; 0          ; 0            ; 0       ; 0         ; 0    ; 0            ; 0          ; |MODBUS|sld_signaltap:auto_signaltap_0|sld_signaltap_impl:sld_signaltap_body|sld_signaltap_implb:sld_signaltap_body|sld_ela_control:ela_control|sld_ela_basic_multi_level_trigger:\basic_multi_level_mbpm_trigger_gen:multi_level_mbpm|sld_mbpmg:\trigger_modules_gen:0:trigger_match|sld_sbpmg:\gen_sbpmg_pipeline_less_than_two:sm0:9:sm1        ; sld_sbpmg                         ; work         ;
;                |sld_ela_trigger_flow_mgr:\builtin:ela_trigger_flow_mgr_entity|                                                          ; 22 (22)             ; 11 (1)                    ; 0           ; 0          ; 0            ; 0       ; 0         ; 0    ; 0            ; 0          ; |MODBUS|sld_signaltap:auto_signaltap_0|sld_signaltap_impl:sld_signaltap_body|sld_signaltap_implb:sld_signaltap_body|sld_ela_control:ela_control|sld_ela_trigger_flow_mgr:\builtin:ela_trigger_flow_mgr_entity                                                                                                                                      ; sld_ela_trigger_flow_mgr          ; work         ;
;                   |lpm_shiftreg:trigger_config_deserialize|                                                                             ; 0 (0)               ; 10 (10)                   ; 0           ; 0          ; 0            ; 0       ; 0         ; 0    ; 0            ; 0          ; |MODBUS|sld_signaltap:auto_signaltap_0|sld_signaltap_impl:sld_signaltap_body|sld_signaltap_implb:sld_signaltap_body|sld_ela_control:ela_control|sld_ela_trigger_flow_mgr:\builtin:ela_trigger_flow_mgr_entity|lpm_shiftreg:trigger_config_deserialize                                                                                              ; lpm_shiftreg                      ; work         ;
;             |sld_offload_buffer_mgr:\stp_non_zero_depth_offload_gen:stp_offload_buff_mgr_inst|                                          ; 162 (10)            ; 148 (0)                   ; 0           ; 0          ; 0            ; 0       ; 0         ; 0    ; 0            ; 0          ; |MODBUS|sld_signaltap:auto_signaltap_0|sld_signaltap_impl:sld_signaltap_body|sld_signaltap_implb:sld_signaltap_body|sld_offload_buffer_mgr:\stp_non_zero_depth_offload_gen:stp_offload_buff_mgr_inst                                                                                                                                               ; sld_offload_buffer_mgr            ; work         ;
;                |lpm_counter:\adv_point_3_and_more:advance_pointer_counter|                                                              ; 6 (0)               ; 6 (0)                     ; 0           ; 0          ; 0            ; 0       ; 0         ; 0    ; 0            ; 0          ; |MODBUS|sld_signaltap:auto_signaltap_0|sld_signaltap_impl:sld_signaltap_body|sld_signaltap_implb:sld_signaltap_body|sld_offload_buffer_mgr:\stp_non_zero_depth_offload_gen:stp_offload_buff_mgr_inst|lpm_counter:\adv_point_3_and_more:advance_pointer_counter                                                                                     ; lpm_counter                       ; work         ;
;                   |cntr_erh:auto_generated|                                                                                             ; 6 (6)               ; 6 (6)                     ; 0           ; 0          ; 0            ; 0       ; 0         ; 0    ; 0            ; 0          ; |MODBUS|sld_signaltap:auto_signaltap_0|sld_signaltap_impl:sld_signaltap_body|sld_signaltap_implb:sld_signaltap_body|sld_offload_buffer_mgr:\stp_non_zero_depth_offload_gen:stp_offload_buff_mgr_inst|lpm_counter:\adv_point_3_and_more:advance_pointer_counter|cntr_erh:auto_generated                                                             ; cntr_erh                          ; work         ;
;                |lpm_counter:read_pointer_counter|                                                                                       ; 14 (0)              ; 14 (0)                    ; 0           ; 0          ; 0            ; 0       ; 0         ; 0    ; 0            ; 0          ; |MODBUS|sld_signaltap:auto_signaltap_0|sld_signaltap_impl:sld_signaltap_body|sld_signaltap_implb:sld_signaltap_body|sld_offload_buffer_mgr:\stp_non_zero_depth_offload_gen:stp_offload_buff_mgr_inst|lpm_counter:read_pointer_counter                                                                                                              ; lpm_counter                       ; work         ;
;                   |cntr_1mi:auto_generated|                                                                                             ; 14 (14)             ; 14 (14)                   ; 0           ; 0          ; 0            ; 0       ; 0         ; 0    ; 0            ; 0          ; |MODBUS|sld_signaltap:auto_signaltap_0|sld_signaltap_impl:sld_signaltap_body|sld_signaltap_implb:sld_signaltap_body|sld_offload_buffer_mgr:\stp_non_zero_depth_offload_gen:stp_offload_buff_mgr_inst|lpm_counter:read_pointer_counter|cntr_1mi:auto_generated                                                                                      ; cntr_1mi                          ; work         ;
;                |lpm_counter:status_advance_pointer_counter|                                                                             ; 7 (0)               ; 5 (0)                     ; 0           ; 0          ; 0            ; 0       ; 0         ; 0    ; 0            ; 0          ; |MODBUS|sld_signaltap:auto_signaltap_0|sld_signaltap_impl:sld_signaltap_body|sld_signaltap_implb:sld_signaltap_body|sld_offload_buffer_mgr:\stp_non_zero_depth_offload_gen:stp_offload_buff_mgr_inst|lpm_counter:status_advance_pointer_counter                                                                                                    ; lpm_counter                       ; work         ;
;                   |cntr_arh:auto_generated|                                                                                             ; 7 (7)               ; 5 (5)                     ; 0           ; 0          ; 0            ; 0       ; 0         ; 0    ; 0            ; 0          ; |MODBUS|sld_signaltap:auto_signaltap_0|sld_signaltap_impl:sld_signaltap_body|sld_signaltap_implb:sld_signaltap_body|sld_offload_buffer_mgr:\stp_non_zero_depth_offload_gen:stp_offload_buff_mgr_inst|lpm_counter:status_advance_pointer_counter|cntr_arh:auto_generated                                                                            ; cntr_arh                          ; work         ;
;                |lpm_counter:status_read_pointer_counter|                                                                                ; 3 (0)               ; 1 (0)                     ; 0           ; 0          ; 0            ; 0       ; 0         ; 0    ; 0            ; 0          ; |MODBUS|sld_signaltap:auto_signaltap_0|sld_signaltap_impl:sld_signaltap_body|sld_signaltap_implb:sld_signaltap_body|sld_offload_buffer_mgr:\stp_non_zero_depth_offload_gen:stp_offload_buff_mgr_inst|lpm_counter:status_read_pointer_counter                                                                                                       ; lpm_counter                       ; work         ;
;                   |cntr_odi:auto_generated|                                                                                             ; 3 (3)               ; 1 (1)                     ; 0           ; 0          ; 0            ; 0       ; 0         ; 0    ; 0            ; 0          ; |MODBUS|sld_signaltap:auto_signaltap_0|sld_signaltap_impl:sld_signaltap_body|sld_signaltap_implb:sld_signaltap_body|sld_offload_buffer_mgr:\stp_non_zero_depth_offload_gen:stp_offload_buff_mgr_inst|lpm_counter:status_read_pointer_counter|cntr_odi:auto_generated                                                                               ; cntr_odi                          ; work         ;
;                |lpm_shiftreg:info_data_shift_out|                                                                                       ; 29 (29)             ; 29 (29)                   ; 0           ; 0          ; 0            ; 0       ; 0         ; 0    ; 0            ; 0          ; |MODBUS|sld_signaltap:auto_signaltap_0|sld_signaltap_impl:sld_signaltap_body|sld_signaltap_implb:sld_signaltap_body|sld_offload_buffer_mgr:\stp_non_zero_depth_offload_gen:stp_offload_buff_mgr_inst|lpm_shiftreg:info_data_shift_out                                                                                                              ; lpm_shiftreg                      ; work         ;
;                |lpm_shiftreg:ram_data_shift_out|                                                                                        ; 64 (64)             ; 64 (64)                   ; 0           ; 0          ; 0            ; 0       ; 0         ; 0    ; 0            ; 0          ; |MODBUS|sld_signaltap:auto_signaltap_0|sld_signaltap_impl:sld_signaltap_body|sld_signaltap_implb:sld_signaltap_body|sld_offload_buffer_mgr:\stp_non_zero_depth_offload_gen:stp_offload_buff_mgr_inst|lpm_shiftreg:ram_data_shift_out                                                                                                               ; lpm_shiftreg                      ; work         ;
;                |lpm_shiftreg:status_data_shift_out|                                                                                     ; 29 (29)             ; 29 (29)                   ; 0           ; 0          ; 0            ; 0       ; 0         ; 0    ; 0            ; 0          ; |MODBUS|sld_signaltap:auto_signaltap_0|sld_signaltap_impl:sld_signaltap_body|sld_signaltap_implb:sld_signaltap_body|sld_offload_buffer_mgr:\stp_non_zero_depth_offload_gen:stp_offload_buff_mgr_inst|lpm_shiftreg:status_data_shift_out                                                                                                            ; lpm_shiftreg                      ; work         ;
;             |sld_rom_sr:crc_rom_sr|                                                                                                     ; 30 (30)             ; 8 (8)                     ; 0           ; 0          ; 0            ; 0       ; 0         ; 0    ; 0            ; 0          ; |MODBUS|sld_signaltap:auto_signaltap_0|sld_signaltap_impl:sld_signaltap_body|sld_signaltap_implb:sld_signaltap_body|sld_rom_sr:crc_rom_sr                                                                                                                                                                                                          ; sld_rom_sr                        ; work         ;
+-----------------------------------------------------------------------------------------------------------------------------------------+---------------------+---------------------------+-------------+------------+--------------+---------+-----------+------+--------------+------------+----------------------------------------------------------------------------------------------------------------------------------------------------------------------------------------------------------------------------------------------------------------------------------------------------------------------------------------------------+-----------------------------------+--------------+
Note: For table entries with two numbers listed, the numbers in parentheses indicate the number of resources of the given type used by the specific entity alone. The numbers listed outside of parentheses indicate the total resources of the given type used by the specific entity and all of its sub-entities in the hierarchy.


+--------------------------------------------------------------------------------------------------------------------------------------------------------------------------------------------------------------------------------------------------------------------------------------------------------------+
; Analysis & Synthesis RAM Summary                                                                                                                                                                                                                                                                             ;
+-------------------------------------------------------------------------------------------------------------------------------------------------------------------------------------------------------+------+------------------+--------------+--------------+--------------+--------------+---------+------+
; Name                                                                                                                                                                                                  ; Type ; Mode             ; Port A Depth ; Port A Width ; Port B Depth ; Port B Width ; Size    ; MIF  ;
+-------------------------------------------------------------------------------------------------------------------------------------------------------------------------------------------------------+------+------------------+--------------+--------------+--------------+--------------+---------+------+
; mbp_top_level:inst|mbp:inst2|altsyncram:ram_block_rtl_0|altsyncram_4n71:auto_generated|ALTSYNCRAM                                                                                                     ; AUTO ; Single Port      ; 256          ; 8            ; --           ; --           ; 2048    ; None ;
; sld_signaltap:auto_signaltap_0|sld_signaltap_impl:sld_signaltap_body|sld_signaltap_implb:sld_signaltap_body|altsyncram:\stp_non_zero_ram_gen:stp_buffer_ram|altsyncram_jp14:auto_generated|ALTSYNCRAM ; AUTO ; Simple Dual Port ; 16384        ; 64           ; 16384        ; 64           ; 1048576 ; None ;
+-------------------------------------------------------------------------------------------------------------------------------------------------------------------------------------------------------+------+------------------+--------------+--------------+--------------+--------------+---------+------+


+---------------------------------------------------------------------------------------------------------------------------------------------------------------------------------------------------------------------------------------------------------------------------------------------------------------------------------------------------------------+
; Analysis & Synthesis IP Cores Summary                                                                                                                                                                                                                                                                                                                         ;
+--------+--------------+---------+--------------+--------------+-----------------------------------------------------------------------------------------------------------------------------------------------------------------------------------------------------------------------------------------------------------------------------+-----------------+
; Vendor ; IP Core Name ; Version ; Release Date ; License Type ; Entity Instance                                                                                                                                                                                                                                                             ; IP Include File ;
+--------+--------------+---------+--------------+--------------+-----------------------------------------------------------------------------------------------------------------------------------------------------------------------------------------------------------------------------------------------------------------------------+-----------------+
; Altera ; Signal Tap   ; N/A     ; N/A          ; Licensed     ; |MODBUS|sld_hub:auto_hub|alt_sld_fab_with_jtag_input:\instrumentation_fabric_with_node_gen:fabric_gen_new_way:with_jtag_input_gen:instrumentation_fabric|alt_sld_fab:instrumentation_fabric                                                                                 ;                 ;
; Altera ; Signal Tap   ; N/A     ; N/A          ; Licensed     ; |MODBUS|sld_hub:auto_hub|alt_sld_fab_with_jtag_input:\instrumentation_fabric_with_node_gen:fabric_gen_new_way:with_jtag_input_gen:instrumentation_fabric|alt_sld_fab:instrumentation_fabric|alt_sld_fab_alt_sld_fab:alt_sld_fab                                             ;                 ;
; Altera ; Signal Tap   ; N/A     ; N/A          ; Licensed     ; |MODBUS|sld_hub:auto_hub|alt_sld_fab_with_jtag_input:\instrumentation_fabric_with_node_gen:fabric_gen_new_way:with_jtag_input_gen:instrumentation_fabric|alt_sld_fab:instrumentation_fabric|alt_sld_fab_alt_sld_fab:alt_sld_fab|alt_sld_fab_alt_sld_fab_presplit:presplit   ;                 ;
; Altera ; Signal Tap   ; N/A     ; N/A          ; Licensed     ; |MODBUS|sld_hub:auto_hub|alt_sld_fab_with_jtag_input:\instrumentation_fabric_with_node_gen:fabric_gen_new_way:with_jtag_input_gen:instrumentation_fabric|alt_sld_fab:instrumentation_fabric|alt_sld_fab_alt_sld_fab:alt_sld_fab|alt_sld_fab_alt_sld_fab_sldfabric:sldfabric ;                 ;
; Altera ; Signal Tap   ; N/A     ; N/A          ; Licensed     ; |MODBUS|sld_hub:auto_hub|alt_sld_fab_with_jtag_input:\instrumentation_fabric_with_node_gen:fabric_gen_new_way:with_jtag_input_gen:instrumentation_fabric|alt_sld_fab:instrumentation_fabric|alt_sld_fab_alt_sld_fab:alt_sld_fab|alt_sld_fab_alt_sld_fab_splitter:splitter   ;                 ;
+--------+--------------+---------+--------------+--------------+-----------------------------------------------------------------------------------------------------------------------------------------------------------------------------------------------------------------------------------------------------------------------------+-----------------+


Encoding Type:  One-Hot
+-----------------------------------------------+
; State Machine - |MODBUS|Heartbeat_FP:inst2|ss ;
+------+----+----+----+----+----+----+----+-----+
; Name ; s7 ; s6 ; s5 ; s4 ; s3 ; s2 ; s1 ; s0  ;
+------+----+----+----+----+----+----+----+-----+
; s0   ; 0  ; 0  ; 0  ; 0  ; 0  ; 0  ; 0  ; 0   ;
; s1   ; 0  ; 0  ; 0  ; 0  ; 0  ; 0  ; 1  ; 1   ;
; s2   ; 0  ; 0  ; 0  ; 0  ; 0  ; 1  ; 0  ; 1   ;
; s3   ; 0  ; 0  ; 0  ; 0  ; 1  ; 0  ; 0  ; 1   ;
; s4   ; 0  ; 0  ; 0  ; 1  ; 0  ; 0  ; 0  ; 1   ;
; s5   ; 0  ; 0  ; 1  ; 0  ; 0  ; 0  ; 0  ; 1   ;
; s6   ; 0  ; 1  ; 0  ; 0  ; 0  ; 0  ; 0  ; 1   ;
; s7   ; 1  ; 0  ; 0  ; 0  ; 0  ; 0  ; 0  ; 1   ;
+------+----+----+----+----+----+----+----+-----+


Encoding Type:  One-Hot
+--------------------------------------------------------------------------------------------------------------------------------------------------------------------------------------------------------------------------------------------+
; State Machine - |MODBUS|DAC8568_CONTROL:inst4|STATE                                                                                                                                                                                        ;
+----------------------+---------------------+-------------+---------------------+----------------------+---------------------+-----------------+-----------------+--------------------+---------------------+------------------+------------+
; Name                 ; STATE.DATA_NEW_WAIT ; STATE.TWAIT ; STATE.SCLK_DATA_LOW ; STATE.SCLK_DATA_HIGH ; STATE.DAC_DATA_LOAD ; STATE.DATA_LOAD ; STATE.DATA_INIT ; STATE.SCLK_REF_LOW ; STATE.SCLK_REF_HIGH ; STATE.REF_ENABLE ; STATE.INIT ;
+----------------------+---------------------+-------------+---------------------+----------------------+---------------------+-----------------+-----------------+--------------------+---------------------+------------------+------------+
; STATE.INIT           ; 0                   ; 0           ; 0                   ; 0                    ; 0                   ; 0               ; 0               ; 0                  ; 0                   ; 0                ; 0          ;
; STATE.REF_ENABLE     ; 0                   ; 0           ; 0                   ; 0                    ; 0                   ; 0               ; 0               ; 0                  ; 0                   ; 1                ; 1          ;
; STATE.SCLK_REF_HIGH  ; 0                   ; 0           ; 0                   ; 0                    ; 0                   ; 0               ; 0               ; 0                  ; 1                   ; 0                ; 1          ;
; STATE.SCLK_REF_LOW   ; 0                   ; 0           ; 0                   ; 0                    ; 0                   ; 0               ; 0               ; 1                  ; 0                   ; 0                ; 1          ;
; STATE.DATA_INIT      ; 0                   ; 0           ; 0                   ; 0                    ; 0                   ; 0               ; 1               ; 0                  ; 0                   ; 0                ; 1          ;
; STATE.DATA_LOAD      ; 0                   ; 0           ; 0                   ; 0                    ; 0                   ; 1               ; 0               ; 0                  ; 0                   ; 0                ; 1          ;
; STATE.DAC_DATA_LOAD  ; 0                   ; 0           ; 0                   ; 0                    ; 1                   ; 0               ; 0               ; 0                  ; 0                   ; 0                ; 1          ;
; STATE.SCLK_DATA_HIGH ; 0                   ; 0           ; 0                   ; 1                    ; 0                   ; 0               ; 0               ; 0                  ; 0                   ; 0                ; 1          ;
; STATE.SCLK_DATA_LOW  ; 0                   ; 0           ; 1                   ; 0                    ; 0                   ; 0               ; 0               ; 0                  ; 0                   ; 0                ; 1          ;
; STATE.TWAIT          ; 0                   ; 1           ; 0                   ; 0                    ; 0                   ; 0               ; 0               ; 0                  ; 0                   ; 0                ; 1          ;
; STATE.DATA_NEW_WAIT  ; 1                   ; 0           ; 0                   ; 0                    ; 0                   ; 0               ; 0               ; 0                  ; 0                   ; 0                ; 1          ;
+----------------------+---------------------+-------------+---------------------+----------------------+---------------------+-----------------+-----------------+--------------------+---------------------+------------------+------------+


Encoding Type:  One-Hot
+-------------------------------------------------------------------------------------------------------------------------------------------------------------------------------------------------------------------------------------------------------------------------------------------------------------------------------------------------------------+
; State Machine - |MODBUS|mbp_top_level:inst|mbp:inst2|state_q                                                                                                                                                                                                                                                                                                ;
+--------------------------+-------------------+-------------------+----------------+-----------------------+---------------+-------------------+--------------------------+--------------------------+-----------------------+-------------------+-----------------+------------------+-------------------+------------------+--------------+----------------+
; Name                     ; state_q.ram_wait2 ; state_q.ram_wait1 ; state_q.ld_low ; state_q.ltch_upr_byte ; state_q.ld_hi ; state_q.read_data ; state_q.write_data_lower ; state_q.write_data_upper ; state_q.ltch_ram_addr ; state_q.print_hdr ; state_q.ltch_op ; state_q.calc_exc ; state_q.ltch_data ; state_q.get_data ; state_q.idle ; state_q.cnt_st ;
+--------------------------+-------------------+-------------------+----------------+-----------------------+---------------+-------------------+--------------------------+--------------------------+-----------------------+-------------------+-----------------+------------------+-------------------+------------------+--------------+----------------+
; state_q.cnt_st           ; 0                 ; 0                 ; 0              ; 0                     ; 0             ; 0                 ; 0                        ; 0                        ; 0                     ; 0                 ; 0               ; 0                ; 0                 ; 0                ; 0            ; 0              ;
; state_q.idle             ; 0                 ; 0                 ; 0              ; 0                     ; 0             ; 0                 ; 0                        ; 0                        ; 0                     ; 0                 ; 0               ; 0                ; 0                 ; 0                ; 1            ; 1              ;
; state_q.get_data         ; 0                 ; 0                 ; 0              ; 0                     ; 0             ; 0                 ; 0                        ; 0                        ; 0                     ; 0                 ; 0               ; 0                ; 0                 ; 1                ; 0            ; 1              ;
; state_q.ltch_data        ; 0                 ; 0                 ; 0              ; 0                     ; 0             ; 0                 ; 0                        ; 0                        ; 0                     ; 0                 ; 0               ; 0                ; 1                 ; 0                ; 0            ; 1              ;
; state_q.calc_exc         ; 0                 ; 0                 ; 0              ; 0                     ; 0             ; 0                 ; 0                        ; 0                        ; 0                     ; 0                 ; 0               ; 1                ; 0                 ; 0                ; 0            ; 1              ;
; state_q.ltch_op          ; 0                 ; 0                 ; 0              ; 0                     ; 0             ; 0                 ; 0                        ; 0                        ; 0                     ; 0                 ; 1               ; 0                ; 0                 ; 0                ; 0            ; 1              ;
; state_q.print_hdr        ; 0                 ; 0                 ; 0              ; 0                     ; 0             ; 0                 ; 0                        ; 0                        ; 0                     ; 1                 ; 0               ; 0                ; 0                 ; 0                ; 0            ; 1              ;
; state_q.ltch_ram_addr    ; 0                 ; 0                 ; 0              ; 0                     ; 0             ; 0                 ; 0                        ; 0                        ; 1                     ; 0                 ; 0               ; 0                ; 0                 ; 0                ; 0            ; 1              ;
; state_q.write_data_upper ; 0                 ; 0                 ; 0              ; 0                     ; 0             ; 0                 ; 0                        ; 1                        ; 0                     ; 0                 ; 0               ; 0                ; 0                 ; 0                ; 0            ; 1              ;
; state_q.write_data_lower ; 0                 ; 0                 ; 0              ; 0                     ; 0             ; 0                 ; 1                        ; 0                        ; 0                     ; 0                 ; 0               ; 0                ; 0                 ; 0                ; 0            ; 1              ;
; state_q.read_data        ; 0                 ; 0                 ; 0              ; 0                     ; 0             ; 1                 ; 0                        ; 0                        ; 0                     ; 0                 ; 0               ; 0                ; 0                 ; 0                ; 0            ; 1              ;
; state_q.ld_hi            ; 0                 ; 0                 ; 0              ; 0                     ; 1             ; 0                 ; 0                        ; 0                        ; 0                     ; 0                 ; 0               ; 0                ; 0                 ; 0                ; 0            ; 1              ;
; state_q.ltch_upr_byte    ; 0                 ; 0                 ; 0              ; 1                     ; 0             ; 0                 ; 0                        ; 0                        ; 0                     ; 0                 ; 0               ; 0                ; 0                 ; 0                ; 0            ; 1              ;
; state_q.ld_low           ; 0                 ; 0                 ; 1              ; 0                     ; 0             ; 0                 ; 0                        ; 0                        ; 0                     ; 0                 ; 0               ; 0                ; 0                 ; 0                ; 0            ; 1              ;
; state_q.ram_wait1        ; 0                 ; 1                 ; 0              ; 0                     ; 0             ; 0                 ; 0                        ; 0                        ; 0                     ; 0                 ; 0               ; 0                ; 0                 ; 0                ; 0            ; 1              ;
; state_q.ram_wait2        ; 1                 ; 0                 ; 0              ; 0                     ; 0             ; 0                 ; 0                        ; 0                        ; 0                     ; 0                 ; 0               ; 0                ; 0                 ; 0                ; 0            ; 1              ;
+--------------------------+-------------------+-------------------+----------------+-----------------------+---------------+-------------------+--------------------------+--------------------------+-----------------------+-------------------+-----------------+------------------+-------------------+------------------+--------------+----------------+


Encoding Type:  One-Hot
+---------------------------------------------------------------------------------------------------------------------------------------------------+
; State Machine - |MODBUS|mbp_top_level:inst|slim_txrx:inst1|r_SM_Main                                                                              ;
+--------------------------+---------------------+-------------------------+--------------------------+--------------------------+------------------+
; Name                     ; r_SM_Main.s_Cleanup ; r_SM_Main.s_TX_Stop_Bit ; r_SM_Main.s_TX_Data_Bits ; r_SM_Main.s_TX_Start_Bit ; r_SM_Main.s_Idle ;
+--------------------------+---------------------+-------------------------+--------------------------+--------------------------+------------------+
; r_SM_Main.s_Idle         ; 0                   ; 0                       ; 0                        ; 0                        ; 0                ;
; r_SM_Main.s_TX_Start_Bit ; 0                   ; 0                       ; 0                        ; 1                        ; 1                ;
; r_SM_Main.s_TX_Data_Bits ; 0                   ; 0                       ; 1                        ; 0                        ; 1                ;
; r_SM_Main.s_TX_Stop_Bit  ; 0                   ; 1                       ; 0                        ; 0                        ; 1                ;
; r_SM_Main.s_Cleanup      ; 1                   ; 0                       ; 0                        ; 0                        ; 1                ;
+--------------------------+---------------------+-------------------------+--------------------------+--------------------------+------------------+


Encoding Type:  One-Hot
+-------------------------------------------------------------------------------------------------------------------------------------------------------------------+
; State Machine - |MODBUS|mbp_top_level:inst|slim_txrx:inst1|r_SM_Main_R                                                                                            ;
+----------------------------+-------------------------+---------------------------+----------------------------+----------------------------+----------------------+
; Name                       ; r_SM_Main_R.s_Cleanup_R ; r_SM_Main_R.s_RX_Stop_Bit ; r_SM_Main_R.s_RX_Data_Bits ; r_SM_Main_R.s_RX_Start_Bit ; r_SM_Main_R.s_Idle_R ;
+----------------------------+-------------------------+---------------------------+----------------------------+----------------------------+----------------------+
; r_SM_Main_R.s_Idle_R       ; 0                       ; 0                         ; 0                          ; 0                          ; 0                    ;
; r_SM_Main_R.s_RX_Start_Bit ; 0                       ; 0                         ; 0                          ; 1                          ; 1                    ;
; r_SM_Main_R.s_RX_Data_Bits ; 0                       ; 0                         ; 1                          ; 0                          ; 1                    ;
; r_SM_Main_R.s_RX_Stop_Bit  ; 0                       ; 1                         ; 0                          ; 0                          ; 1                    ;
; r_SM_Main_R.s_Cleanup_R    ; 1                       ; 0                         ; 0                          ; 0                          ; 1                    ;
+----------------------------+-------------------------+---------------------------+----------------------------+----------------------------+----------------------+


Encoding Type:  One-Hot
+-----------------------------------------------------------------------------------------------------------------------------------------------------------------------------------------------------------------------------------------------------------------------------------------------------------------------------------------------------------------------------------+
; State Machine - |MODBUS|ADS8688v2:inst3|q.state                                                                                                                                                                                                                                                                                                                                   ;
+---------------------------+-----------------------+---------------------------+----------------------+-----------------------+------------------------+--------------------------+---------------------+----------------------+-----------------+-------------------------+------------------------+------------------------+---------------------+----------------+--------------+
; Name                      ; q.state.data_acquired ; q.state.data_cs_high_wait ; q.state.data_cs_high ; q.state.sclk_data_low ; q.state.sclk_data_high ; q.state.data_cs_low_wait ; q.state.data_cs_low ; q.state.wait_cs_high ; q.state.cs_high ; q.state.sclk_high_cntrl ; q.state.sclk_low_cntrl ; q.state.load_cntrl_reg ; q.state.cs_low_wait ; q.state.cs_low ; q.state.init ;
+---------------------------+-----------------------+---------------------------+----------------------+-----------------------+------------------------+--------------------------+---------------------+----------------------+-----------------+-------------------------+------------------------+------------------------+---------------------+----------------+--------------+
; q.state.init              ; 0                     ; 0                         ; 0                    ; 0                     ; 0                      ; 0                        ; 0                   ; 0                    ; 0               ; 0                       ; 0                      ; 0                      ; 0                   ; 0              ; 0            ;
; q.state.cs_low            ; 0                     ; 0                         ; 0                    ; 0                     ; 0                      ; 0                        ; 0                   ; 0                    ; 0               ; 0                       ; 0                      ; 0                      ; 0                   ; 1              ; 1            ;
; q.state.cs_low_wait       ; 0                     ; 0                         ; 0                    ; 0                     ; 0                      ; 0                        ; 0                   ; 0                    ; 0               ; 0                       ; 0                      ; 0                      ; 1                   ; 0              ; 1            ;
; q.state.load_cntrl_reg    ; 0                     ; 0                         ; 0                    ; 0                     ; 0                      ; 0                        ; 0                   ; 0                    ; 0               ; 0                       ; 0                      ; 1                      ; 0                   ; 0              ; 1            ;
; q.state.sclk_low_cntrl    ; 0                     ; 0                         ; 0                    ; 0                     ; 0                      ; 0                        ; 0                   ; 0                    ; 0               ; 0                       ; 1                      ; 0                      ; 0                   ; 0              ; 1            ;
; q.state.sclk_high_cntrl   ; 0                     ; 0                         ; 0                    ; 0                     ; 0                      ; 0                        ; 0                   ; 0                    ; 0               ; 1                       ; 0                      ; 0                      ; 0                   ; 0              ; 1            ;
; q.state.cs_high           ; 0                     ; 0                         ; 0                    ; 0                     ; 0                      ; 0                        ; 0                   ; 0                    ; 1               ; 0                       ; 0                      ; 0                      ; 0                   ; 0              ; 1            ;
; q.state.wait_cs_high      ; 0                     ; 0                         ; 0                    ; 0                     ; 0                      ; 0                        ; 0                   ; 1                    ; 0               ; 0                       ; 0                      ; 0                      ; 0                   ; 0              ; 1            ;
; q.state.data_cs_low       ; 0                     ; 0                         ; 0                    ; 0                     ; 0                      ; 0                        ; 1                   ; 0                    ; 0               ; 0                       ; 0                      ; 0                      ; 0                   ; 0              ; 1            ;
; q.state.data_cs_low_wait  ; 0                     ; 0                         ; 0                    ; 0                     ; 0                      ; 1                        ; 0                   ; 0                    ; 0               ; 0                       ; 0                      ; 0                      ; 0                   ; 0              ; 1            ;
; q.state.sclk_data_high    ; 0                     ; 0                         ; 0                    ; 0                     ; 1                      ; 0                        ; 0                   ; 0                    ; 0               ; 0                       ; 0                      ; 0                      ; 0                   ; 0              ; 1            ;
; q.state.sclk_data_low     ; 0                     ; 0                         ; 0                    ; 1                     ; 0                      ; 0                        ; 0                   ; 0                    ; 0               ; 0                       ; 0                      ; 0                      ; 0                   ; 0              ; 1            ;
; q.state.data_cs_high      ; 0                     ; 0                         ; 1                    ; 0                     ; 0                      ; 0                        ; 0                   ; 0                    ; 0               ; 0                       ; 0                      ; 0                      ; 0                   ; 0              ; 1            ;
; q.state.data_cs_high_wait ; 0                     ; 1                         ; 0                    ; 0                     ; 0                      ; 0                        ; 0                   ; 0                    ; 0               ; 0                       ; 0                      ; 0                      ; 0                   ; 0              ; 1            ;
; q.state.data_acquired     ; 1                     ; 0                         ; 0                    ; 0                     ; 0                      ; 0                        ; 0                   ; 0                    ; 0               ; 0                       ; 0                      ; 0                      ; 0                   ; 0              ; 1            ;
+---------------------------+-----------------------+---------------------------+----------------------+-----------------------+------------------------+--------------------------+---------------------+----------------------+-----------------+-------------------------+------------------------+------------------------+---------------------+----------------+--------------+


Encoding Type:  One-Hot
+--------------------------------------------+
; State Machine - |MODBUS|Heartbeat:inst7|ss ;
+------+----+----+----+----------------------+
; Name ; s3 ; s2 ; s1 ; s0                   ;
+------+----+----+----+----------------------+
; s0   ; 0  ; 0  ; 0  ; 0                    ;
; s1   ; 0  ; 0  ; 1  ; 1                    ;
; s2   ; 0  ; 1  ; 0  ; 1                    ;
; s3   ; 1  ; 0  ; 0  ; 1                    ;
+------+----+----+----+----------------------+


+--------------------------------------------------------------------------------------------------------------------------------------------------------------------------------------------------+
; Registers Removed During Synthesis                                                                                                                                                               ;
+---------------------------------------------------------------------------------------------------------+----------------------------------------------------------------------------------------+
; Register name                                                                                           ; Reason for Removal                                                                     ;
+---------------------------------------------------------------------------------------------------------+----------------------------------------------------------------------------------------+
; mbp_top_level:inst|mbp:inst2|hrtregs_us_q[0,2,4,7..15]                                                  ; Stuck at GND due to stuck port data_in                                                 ;
; mbp_top_level:inst|mbp:inst2|exc_q[2..7]                                                                ; Stuck at GND due to stuck port data_in                                                 ;
; mbp_top_level:inst|mbp:inst2|hdr_bc_q[0]                                                                ; Stuck at GND due to stuck port data_in                                                 ;
; mbp_regs:inst1|reg_q[2][1]                                                                              ; Stuck at VCC due to stuck port data_in                                                 ;
; mbp_regs:inst1|reg_q[2][0]                                                                              ; Stuck at VCC due to stuck port data_in                                                 ;
; mbp_regs:inst1|reg_q[3][2]                                                                              ; Stuck at VCC due to stuck port data_in                                                 ;
; mbp_regs:inst1|reg_q[4][2]                                                                              ; Stuck at VCC due to stuck port data_in                                                 ;
; mbp_regs:inst1|reg_q[4][0]                                                                              ; Stuck at VCC due to stuck port data_in                                                 ;
; mbp_regs:inst1|reg_q[5][2]                                                                              ; Stuck at VCC due to stuck port data_in                                                 ;
; mbp_regs:inst1|reg_q[5][1]                                                                              ; Stuck at VCC due to stuck port data_in                                                 ;
; mbp_regs:inst1|FILTER_CONTROL[1,2]                                                                      ; Stuck at GND due to stuck port data_in                                                 ;
; ADS8688v2:inst3|FILTERS:\ADCDataFilter:7:ADC_Filter|iir_lpf:FULLIIR_CHAIN|y_frmt[0..15]                 ; Lost fanout                                                                            ;
; ADS8688v2:inst3|FILTERS:\ADCDataFilter:7:ADC_Filter|iir_lpf:FULLIIR|y_frmt[0..15]                       ; Lost fanout                                                                            ;
; ADS8688v2:inst3|FILTERS:\ADCDataFilter:6:ADC_Filter|iir_lpf:FULLIIR_CHAIN|y_frmt[0..15]                 ; Lost fanout                                                                            ;
; ADS8688v2:inst3|FILTERS:\ADCDataFilter:6:ADC_Filter|iir_lpf:FULLIIR|y_frmt[0..15]                       ; Lost fanout                                                                            ;
; ADS8688v2:inst3|FILTERS:\ADCDataFilter:5:ADC_Filter|iir_lpf:FULLIIR_CHAIN|y_frmt[0..15]                 ; Lost fanout                                                                            ;
; ADS8688v2:inst3|FILTERS:\ADCDataFilter:5:ADC_Filter|iir_lpf:FULLIIR|y_frmt[0..15]                       ; Lost fanout                                                                            ;
; ADS8688v2:inst3|FILTERS:\ADCDataFilter:4:ADC_Filter|iir_lpf:FULLIIR_CHAIN|y_frmt[0..15]                 ; Lost fanout                                                                            ;
; ADS8688v2:inst3|FILTERS:\ADCDataFilter:4:ADC_Filter|iir_lpf:FULLIIR|y_frmt[0..15]                       ; Lost fanout                                                                            ;
; ADS8688v2:inst3|FILTERS:\ADCDataFilter:3:ADC_Filter|iir_lpf:FULLIIR_CHAIN|y_frmt[0..15]                 ; Lost fanout                                                                            ;
; ADS8688v2:inst3|FILTERS:\ADCDataFilter:3:ADC_Filter|iir_lpf:FULLIIR|y_frmt[0..15]                       ; Lost fanout                                                                            ;
; ADS8688v2:inst3|FILTERS:\ADCDataFilter:2:ADC_Filter|iir_lpf:FULLIIR_CHAIN|y_frmt[0..15]                 ; Lost fanout                                                                            ;
; ADS8688v2:inst3|FILTERS:\ADCDataFilter:2:ADC_Filter|iir_lpf:FULLIIR|y_frmt[0..15]                       ; Lost fanout                                                                            ;
; ADS8688v2:inst3|FILTERS:\ADCDataFilter:1:ADC_Filter|iir_lpf:FULLIIR_CHAIN|y_frmt[0..15]                 ; Lost fanout                                                                            ;
; ADS8688v2:inst3|FILTERS:\ADCDataFilter:1:ADC_Filter|iir_lpf:FULLIIR|y_frmt[0..15]                       ; Lost fanout                                                                            ;
; ADS8688v2:inst3|FILTERS:\ADCDataFilter:0:ADC_Filter|iir_lpf:FULLIIR_CHAIN|y_frmt[0..15]                 ; Lost fanout                                                                            ;
; ADS8688v2:inst3|FILTERS:\ADCDataFilter:0:ADC_Filter|iir_lpf:FULLIIR|y_frmt[0..15]                       ; Lost fanout                                                                            ;
; ADS8688v2:inst3|FILTERS:\ADCDataFilter:7:ADC_Filter|iir_lpf:FULLIIR_CHAIN|v2[0..4]                      ; Lost fanout                                                                            ;
; ADS8688v2:inst3|FILTERS:\ADCDataFilter:7:ADC_Filter|iir_lpf:FULLIIR_CHAIN|yq[16..53]                    ; Lost fanout                                                                            ;
; ADS8688v2:inst3|FILTERS:\ADCDataFilter:7:ADC_Filter|iir_lpf:FULLIIR_CHAIN|strobe_pulse[0,1]             ; Lost fanout                                                                            ;
; ADS8688v2:inst3|FILTERS:\ADCDataFilter:7:ADC_Filter|iir_lpf:FULLIIR_CHAIN|v2[5..53]                     ; Lost fanout                                                                            ;
; ADS8688v2:inst3|FILTERS:\ADCDataFilter:7:ADC_Filter|iir_lpf:FULLIIR_CHAIN|v1[0..53]                     ; Lost fanout                                                                            ;
; ADS8688v2:inst3|FILTERS:\ADCDataFilter:7:ADC_Filter|iir_lpf:FULLIIR_CHAIN|a2y[0..53]                    ; Lost fanout                                                                            ;
; ADS8688v2:inst3|FILTERS:\ADCDataFilter:7:ADC_Filter|iir_lpf:FULLIIR_CHAIN|a1y[0..53]                    ; Lost fanout                                                                            ;
; ADS8688v2:inst3|FILTERS:\ADCDataFilter:7:ADC_Filter|iir_lpf:FULLIIR_CHAIN|b2x[0..53]                    ; Lost fanout                                                                            ;
; ADS8688v2:inst3|FILTERS:\ADCDataFilter:7:ADC_Filter|iir_lpf:FULLIIR_CHAIN|b1x[0..53]                    ; Lost fanout                                                                            ;
; ADS8688v2:inst3|FILTERS:\ADCDataFilter:7:ADC_Filter|iir_lpf:FULLIIR_CHAIN|b0x[0..53]                    ; Lost fanout                                                                            ;
; ADS8688v2:inst3|FILTERS:\ADCDataFilter:7:ADC_Filter|IIR_SIMPLE:SIMPLEIIR|regne:OUTPUT_REG|output[0..15] ; Lost fanout                                                                            ;
; ADS8688v2:inst3|FILTERS:\ADCDataFilter:7:ADC_Filter|IIR_SIMPLE:SIMPLEIIR|regne:FILTER_REG|output[0..33] ; Lost fanout                                                                            ;
; ADS8688v2:inst3|FILTERS:\ADCDataFilter:7:ADC_Filter|iir_lpf:FULLIIR|v2[0..4]                            ; Lost fanout                                                                            ;
; ADS8688v2:inst3|FILTERS:\ADCDataFilter:7:ADC_Filter|iir_lpf:FULLIIR|yq[16..53]                          ; Lost fanout                                                                            ;
; ADS8688v2:inst3|FILTERS:\ADCDataFilter:7:ADC_Filter|iir_lpf:FULLIIR|strobe_pulse[0,1]                   ; Lost fanout                                                                            ;
; ADS8688v2:inst3|FILTERS:\ADCDataFilter:7:ADC_Filter|iir_lpf:FULLIIR|v2[5..53]                           ; Lost fanout                                                                            ;
; ADS8688v2:inst3|FILTERS:\ADCDataFilter:7:ADC_Filter|iir_lpf:FULLIIR|v1[0..53]                           ; Lost fanout                                                                            ;
; ADS8688v2:inst3|FILTERS:\ADCDataFilter:7:ADC_Filter|iir_lpf:FULLIIR|a2y[0..53]                          ; Lost fanout                                                                            ;
; ADS8688v2:inst3|FILTERS:\ADCDataFilter:7:ADC_Filter|iir_lpf:FULLIIR|a1y[0..53]                          ; Lost fanout                                                                            ;
; ADS8688v2:inst3|FILTERS:\ADCDataFilter:7:ADC_Filter|iir_lpf:FULLIIR|b2x[0..53]                          ; Lost fanout                                                                            ;
; ADS8688v2:inst3|FILTERS:\ADCDataFilter:7:ADC_Filter|iir_lpf:FULLIIR|b1x[0..53]                          ; Lost fanout                                                                            ;
; ADS8688v2:inst3|FILTERS:\ADCDataFilter:7:ADC_Filter|iir_lpf:FULLIIR|b0x[0..53]                          ; Lost fanout                                                                            ;
; ADS8688v2:inst3|FILTERS:\ADCDataFilter:6:ADC_Filter|iir_lpf:FULLIIR_CHAIN|v2[0..4]                      ; Lost fanout                                                                            ;
; ADS8688v2:inst3|FILTERS:\ADCDataFilter:6:ADC_Filter|iir_lpf:FULLIIR_CHAIN|yq[16..53]                    ; Lost fanout                                                                            ;
; ADS8688v2:inst3|FILTERS:\ADCDataFilter:6:ADC_Filter|iir_lpf:FULLIIR_CHAIN|strobe_pulse[0,1]             ; Lost fanout                                                                            ;
; ADS8688v2:inst3|FILTERS:\ADCDataFilter:6:ADC_Filter|iir_lpf:FULLIIR_CHAIN|v2[5..53]                     ; Lost fanout                                                                            ;
; ADS8688v2:inst3|FILTERS:\ADCDataFilter:6:ADC_Filter|iir_lpf:FULLIIR_CHAIN|v1[0..53]                     ; Lost fanout                                                                            ;
; ADS8688v2:inst3|FILTERS:\ADCDataFilter:6:ADC_Filter|iir_lpf:FULLIIR_CHAIN|a2y[0..53]                    ; Lost fanout                                                                            ;
; ADS8688v2:inst3|FILTERS:\ADCDataFilter:6:ADC_Filter|iir_lpf:FULLIIR_CHAIN|a1y[0..53]                    ; Lost fanout                                                                            ;
; ADS8688v2:inst3|FILTERS:\ADCDataFilter:6:ADC_Filter|iir_lpf:FULLIIR_CHAIN|b2x[0..53]                    ; Lost fanout                                                                            ;
; ADS8688v2:inst3|FILTERS:\ADCDataFilter:6:ADC_Filter|iir_lpf:FULLIIR_CHAIN|b1x[0..53]                    ; Lost fanout                                                                            ;
; ADS8688v2:inst3|FILTERS:\ADCDataFilter:6:ADC_Filter|iir_lpf:FULLIIR_CHAIN|b0x[0..53]                    ; Lost fanout                                                                            ;
; ADS8688v2:inst3|FILTERS:\ADCDataFilter:6:ADC_Filter|IIR_SIMPLE:SIMPLEIIR|regne:OUTPUT_REG|output[0..15] ; Lost fanout                                                                            ;
; ADS8688v2:inst3|FILTERS:\ADCDataFilter:6:ADC_Filter|IIR_SIMPLE:SIMPLEIIR|regne:FILTER_REG|output[0..33] ; Lost fanout                                                                            ;
; ADS8688v2:inst3|FILTERS:\ADCDataFilter:6:ADC_Filter|iir_lpf:FULLIIR|v2[0..4]                            ; Lost fanout                                                                            ;
; ADS8688v2:inst3|FILTERS:\ADCDataFilter:6:ADC_Filter|iir_lpf:FULLIIR|yq[16..53]                          ; Lost fanout                                                                            ;
; ADS8688v2:inst3|FILTERS:\ADCDataFilter:6:ADC_Filter|iir_lpf:FULLIIR|strobe_pulse[0,1]                   ; Lost fanout                                                                            ;
; ADS8688v2:inst3|FILTERS:\ADCDataFilter:6:ADC_Filter|iir_lpf:FULLIIR|v2[5..53]                           ; Lost fanout                                                                            ;
; ADS8688v2:inst3|FILTERS:\ADCDataFilter:6:ADC_Filter|iir_lpf:FULLIIR|v1[0..53]                           ; Lost fanout                                                                            ;
; ADS8688v2:inst3|FILTERS:\ADCDataFilter:6:ADC_Filter|iir_lpf:FULLIIR|a2y[0..53]                          ; Lost fanout                                                                            ;
; ADS8688v2:inst3|FILTERS:\ADCDataFilter:6:ADC_Filter|iir_lpf:FULLIIR|a1y[0..53]                          ; Lost fanout                                                                            ;
; ADS8688v2:inst3|FILTERS:\ADCDataFilter:6:ADC_Filter|iir_lpf:FULLIIR|b2x[0..53]                          ; Lost fanout                                                                            ;
; ADS8688v2:inst3|FILTERS:\ADCDataFilter:6:ADC_Filter|iir_lpf:FULLIIR|b1x[0..53]                          ; Lost fanout                                                                            ;
; ADS8688v2:inst3|FILTERS:\ADCDataFilter:6:ADC_Filter|iir_lpf:FULLIIR|b0x[0..53]                          ; Lost fanout                                                                            ;
; ADS8688v2:inst3|FILTERS:\ADCDataFilter:5:ADC_Filter|iir_lpf:FULLIIR_CHAIN|v2[0..4]                      ; Lost fanout                                                                            ;
; ADS8688v2:inst3|FILTERS:\ADCDataFilter:5:ADC_Filter|iir_lpf:FULLIIR_CHAIN|yq[16..53]                    ; Lost fanout                                                                            ;
; ADS8688v2:inst3|FILTERS:\ADCDataFilter:5:ADC_Filter|iir_lpf:FULLIIR_CHAIN|strobe_pulse[0,1]             ; Lost fanout                                                                            ;
; ADS8688v2:inst3|FILTERS:\ADCDataFilter:5:ADC_Filter|iir_lpf:FULLIIR_CHAIN|v2[5..53]                     ; Lost fanout                                                                            ;
; ADS8688v2:inst3|FILTERS:\ADCDataFilter:5:ADC_Filter|iir_lpf:FULLIIR_CHAIN|v1[0..53]                     ; Lost fanout                                                                            ;
; ADS8688v2:inst3|FILTERS:\ADCDataFilter:5:ADC_Filter|iir_lpf:FULLIIR_CHAIN|a2y[0..53]                    ; Lost fanout                                                                            ;
; ADS8688v2:inst3|FILTERS:\ADCDataFilter:5:ADC_Filter|iir_lpf:FULLIIR_CHAIN|a1y[0..53]                    ; Lost fanout                                                                            ;
; ADS8688v2:inst3|FILTERS:\ADCDataFilter:5:ADC_Filter|iir_lpf:FULLIIR_CHAIN|b2x[0..53]                    ; Lost fanout                                                                            ;
; ADS8688v2:inst3|FILTERS:\ADCDataFilter:5:ADC_Filter|iir_lpf:FULLIIR_CHAIN|b1x[0..53]                    ; Lost fanout                                                                            ;
; ADS8688v2:inst3|FILTERS:\ADCDataFilter:5:ADC_Filter|iir_lpf:FULLIIR_CHAIN|b0x[0..53]                    ; Lost fanout                                                                            ;
; ADS8688v2:inst3|FILTERS:\ADCDataFilter:5:ADC_Filter|IIR_SIMPLE:SIMPLEIIR|regne:OUTPUT_REG|output[0..15] ; Lost fanout                                                                            ;
; ADS8688v2:inst3|FILTERS:\ADCDataFilter:5:ADC_Filter|IIR_SIMPLE:SIMPLEIIR|regne:FILTER_REG|output[0..33] ; Lost fanout                                                                            ;
; ADS8688v2:inst3|FILTERS:\ADCDataFilter:5:ADC_Filter|iir_lpf:FULLIIR|v2[0..4]                            ; Lost fanout                                                                            ;
; ADS8688v2:inst3|FILTERS:\ADCDataFilter:5:ADC_Filter|iir_lpf:FULLIIR|yq[16..53]                          ; Lost fanout                                                                            ;
; ADS8688v2:inst3|FILTERS:\ADCDataFilter:5:ADC_Filter|iir_lpf:FULLIIR|strobe_pulse[0,1]                   ; Lost fanout                                                                            ;
; ADS8688v2:inst3|FILTERS:\ADCDataFilter:5:ADC_Filter|iir_lpf:FULLIIR|v2[5..53]                           ; Lost fanout                                                                            ;
; ADS8688v2:inst3|FILTERS:\ADCDataFilter:5:ADC_Filter|iir_lpf:FULLIIR|v1[0..53]                           ; Lost fanout                                                                            ;
; ADS8688v2:inst3|FILTERS:\ADCDataFilter:5:ADC_Filter|iir_lpf:FULLIIR|a2y[0..53]                          ; Lost fanout                                                                            ;
; ADS8688v2:inst3|FILTERS:\ADCDataFilter:5:ADC_Filter|iir_lpf:FULLIIR|a1y[0..53]                          ; Lost fanout                                                                            ;
; ADS8688v2:inst3|FILTERS:\ADCDataFilter:5:ADC_Filter|iir_lpf:FULLIIR|b2x[0..53]                          ; Lost fanout                                                                            ;
; ADS8688v2:inst3|FILTERS:\ADCDataFilter:5:ADC_Filter|iir_lpf:FULLIIR|b1x[0..53]                          ; Lost fanout                                                                            ;
; ADS8688v2:inst3|FILTERS:\ADCDataFilter:5:ADC_Filter|iir_lpf:FULLIIR|b0x[0..53]                          ; Lost fanout                                                                            ;
; ADS8688v2:inst3|FILTERS:\ADCDataFilter:4:ADC_Filter|iir_lpf:FULLIIR_CHAIN|v2[0..4]                      ; Lost fanout                                                                            ;
; ADS8688v2:inst3|FILTERS:\ADCDataFilter:4:ADC_Filter|iir_lpf:FULLIIR_CHAIN|yq[16..53]                    ; Lost fanout                                                                            ;
; ADS8688v2:inst3|FILTERS:\ADCDataFilter:4:ADC_Filter|iir_lpf:FULLIIR_CHAIN|strobe_pulse[0,1]             ; Lost fanout                                                                            ;
; ADS8688v2:inst3|FILTERS:\ADCDataFilter:4:ADC_Filter|iir_lpf:FULLIIR_CHAIN|v2[5..53]                     ; Lost fanout                                                                            ;
; ADS8688v2:inst3|FILTERS:\ADCDataFilter:4:ADC_Filter|iir_lpf:FULLIIR_CHAIN|v1[0..53]                     ; Lost fanout                                                                            ;
; ADS8688v2:inst3|FILTERS:\ADCDataFilter:4:ADC_Filter|iir_lpf:FULLIIR_CHAIN|a2y[0..53]                    ; Lost fanout                                                                            ;
; ADS8688v2:inst3|FILTERS:\ADCDataFilter:4:ADC_Filter|iir_lpf:FULLIIR_CHAIN|a1y[0..53]                    ; Lost fanout                                                                            ;
; ADS8688v2:inst3|FILTERS:\ADCDataFilter:4:ADC_Filter|iir_lpf:FULLIIR_CHAIN|b2x[0..53]                    ; Lost fanout                                                                            ;
; ADS8688v2:inst3|FILTERS:\ADCDataFilter:4:ADC_Filter|iir_lpf:FULLIIR_CHAIN|b1x[0..53]                    ; Lost fanout                                                                            ;
; ADS8688v2:inst3|FILTERS:\ADCDataFilter:4:ADC_Filter|iir_lpf:FULLIIR_CHAIN|b0x[0..53]                    ; Lost fanout                                                                            ;
; ADS8688v2:inst3|FILTERS:\ADCDataFilter:4:ADC_Filter|IIR_SIMPLE:SIMPLEIIR|regne:OUTPUT_REG|output[0..15] ; Lost fanout                                                                            ;
; ADS8688v2:inst3|FILTERS:\ADCDataFilter:4:ADC_Filter|IIR_SIMPLE:SIMPLEIIR|regne:FILTER_REG|output[0..33] ; Lost fanout                                                                            ;
; ADS8688v2:inst3|FILTERS:\ADCDataFilter:4:ADC_Filter|iir_lpf:FULLIIR|v2[0..4]                            ; Lost fanout                                                                            ;
; ADS8688v2:inst3|FILTERS:\ADCDataFilter:4:ADC_Filter|iir_lpf:FULLIIR|yq[16..53]                          ; Lost fanout                                                                            ;
; ADS8688v2:inst3|FILTERS:\ADCDataFilter:4:ADC_Filter|iir_lpf:FULLIIR|strobe_pulse[0,1]                   ; Lost fanout                                                                            ;
; ADS8688v2:inst3|FILTERS:\ADCDataFilter:4:ADC_Filter|iir_lpf:FULLIIR|v2[5..53]                           ; Lost fanout                                                                            ;
; ADS8688v2:inst3|FILTERS:\ADCDataFilter:4:ADC_Filter|iir_lpf:FULLIIR|v1[0..53]                           ; Lost fanout                                                                            ;
; ADS8688v2:inst3|FILTERS:\ADCDataFilter:4:ADC_Filter|iir_lpf:FULLIIR|a2y[0..53]                          ; Lost fanout                                                                            ;
; ADS8688v2:inst3|FILTERS:\ADCDataFilter:4:ADC_Filter|iir_lpf:FULLIIR|a1y[0..53]                          ; Lost fanout                                                                            ;
; ADS8688v2:inst3|FILTERS:\ADCDataFilter:4:ADC_Filter|iir_lpf:FULLIIR|b2x[0..53]                          ; Lost fanout                                                                            ;
; ADS8688v2:inst3|FILTERS:\ADCDataFilter:4:ADC_Filter|iir_lpf:FULLIIR|b1x[0..53]                          ; Lost fanout                                                                            ;
; ADS8688v2:inst3|FILTERS:\ADCDataFilter:4:ADC_Filter|iir_lpf:FULLIIR|b0x[0..53]                          ; Lost fanout                                                                            ;
; ADS8688v2:inst3|FILTERS:\ADCDataFilter:3:ADC_Filter|iir_lpf:FULLIIR_CHAIN|v2[0..4]                      ; Lost fanout                                                                            ;
; ADS8688v2:inst3|FILTERS:\ADCDataFilter:3:ADC_Filter|iir_lpf:FULLIIR_CHAIN|yq[16..53]                    ; Lost fanout                                                                            ;
; ADS8688v2:inst3|FILTERS:\ADCDataFilter:3:ADC_Filter|iir_lpf:FULLIIR_CHAIN|strobe_pulse[0,1]             ; Lost fanout                                                                            ;
; ADS8688v2:inst3|FILTERS:\ADCDataFilter:3:ADC_Filter|iir_lpf:FULLIIR_CHAIN|v2[5..53]                     ; Lost fanout                                                                            ;
; ADS8688v2:inst3|FILTERS:\ADCDataFilter:3:ADC_Filter|iir_lpf:FULLIIR_CHAIN|v1[0..53]                     ; Lost fanout                                                                            ;
; ADS8688v2:inst3|FILTERS:\ADCDataFilter:3:ADC_Filter|iir_lpf:FULLIIR_CHAIN|a2y[0..53]                    ; Lost fanout                                                                            ;
; ADS8688v2:inst3|FILTERS:\ADCDataFilter:3:ADC_Filter|iir_lpf:FULLIIR_CHAIN|a1y[0..53]                    ; Lost fanout                                                                            ;
; ADS8688v2:inst3|FILTERS:\ADCDataFilter:3:ADC_Filter|iir_lpf:FULLIIR_CHAIN|b2x[0..53]                    ; Lost fanout                                                                            ;
; ADS8688v2:inst3|FILTERS:\ADCDataFilter:3:ADC_Filter|iir_lpf:FULLIIR_CHAIN|b1x[0..53]                    ; Lost fanout                                                                            ;
; ADS8688v2:inst3|FILTERS:\ADCDataFilter:3:ADC_Filter|iir_lpf:FULLIIR_CHAIN|b0x[0..53]                    ; Lost fanout                                                                            ;
; ADS8688v2:inst3|FILTERS:\ADCDataFilter:3:ADC_Filter|IIR_SIMPLE:SIMPLEIIR|regne:OUTPUT_REG|output[0..15] ; Lost fanout                                                                            ;
; ADS8688v2:inst3|FILTERS:\ADCDataFilter:3:ADC_Filter|IIR_SIMPLE:SIMPLEIIR|regne:FILTER_REG|output[0..33] ; Lost fanout                                                                            ;
; ADS8688v2:inst3|FILTERS:\ADCDataFilter:3:ADC_Filter|iir_lpf:FULLIIR|v2[0..4]                            ; Lost fanout                                                                            ;
; ADS8688v2:inst3|FILTERS:\ADCDataFilter:3:ADC_Filter|iir_lpf:FULLIIR|yq[16..53]                          ; Lost fanout                                                                            ;
; ADS8688v2:inst3|FILTERS:\ADCDataFilter:3:ADC_Filter|iir_lpf:FULLIIR|strobe_pulse[0,1]                   ; Lost fanout                                                                            ;
; ADS8688v2:inst3|FILTERS:\ADCDataFilter:3:ADC_Filter|iir_lpf:FULLIIR|v2[5..53]                           ; Lost fanout                                                                            ;
; ADS8688v2:inst3|FILTERS:\ADCDataFilter:3:ADC_Filter|iir_lpf:FULLIIR|v1[0..53]                           ; Lost fanout                                                                            ;
; ADS8688v2:inst3|FILTERS:\ADCDataFilter:3:ADC_Filter|iir_lpf:FULLIIR|a2y[0..53]                          ; Lost fanout                                                                            ;
; ADS8688v2:inst3|FILTERS:\ADCDataFilter:3:ADC_Filter|iir_lpf:FULLIIR|a1y[0..53]                          ; Lost fanout                                                                            ;
; ADS8688v2:inst3|FILTERS:\ADCDataFilter:3:ADC_Filter|iir_lpf:FULLIIR|b2x[0..53]                          ; Lost fanout                                                                            ;
; ADS8688v2:inst3|FILTERS:\ADCDataFilter:3:ADC_Filter|iir_lpf:FULLIIR|b1x[0..53]                          ; Lost fanout                                                                            ;
; ADS8688v2:inst3|FILTERS:\ADCDataFilter:3:ADC_Filter|iir_lpf:FULLIIR|b0x[0..53]                          ; Lost fanout                                                                            ;
; ADS8688v2:inst3|FILTERS:\ADCDataFilter:2:ADC_Filter|iir_lpf:FULLIIR_CHAIN|v2[0..4]                      ; Lost fanout                                                                            ;
; ADS8688v2:inst3|FILTERS:\ADCDataFilter:2:ADC_Filter|iir_lpf:FULLIIR_CHAIN|yq[16..53]                    ; Lost fanout                                                                            ;
; ADS8688v2:inst3|FILTERS:\ADCDataFilter:2:ADC_Filter|iir_lpf:FULLIIR_CHAIN|strobe_pulse[0,1]             ; Lost fanout                                                                            ;
; ADS8688v2:inst3|FILTERS:\ADCDataFilter:2:ADC_Filter|iir_lpf:FULLIIR_CHAIN|v2[5..53]                     ; Lost fanout                                                                            ;
; ADS8688v2:inst3|FILTERS:\ADCDataFilter:2:ADC_Filter|iir_lpf:FULLIIR_CHAIN|v1[0..53]                     ; Lost fanout                                                                            ;
; ADS8688v2:inst3|FILTERS:\ADCDataFilter:2:ADC_Filter|iir_lpf:FULLIIR_CHAIN|a2y[0..53]                    ; Lost fanout                                                                            ;
; ADS8688v2:inst3|FILTERS:\ADCDataFilter:2:ADC_Filter|iir_lpf:FULLIIR_CHAIN|a1y[0..53]                    ; Lost fanout                                                                            ;
; ADS8688v2:inst3|FILTERS:\ADCDataFilter:2:ADC_Filter|iir_lpf:FULLIIR_CHAIN|b2x[0..53]                    ; Lost fanout                                                                            ;
; ADS8688v2:inst3|FILTERS:\ADCDataFilter:2:ADC_Filter|iir_lpf:FULLIIR_CHAIN|b1x[0..53]                    ; Lost fanout                                                                            ;
; ADS8688v2:inst3|FILTERS:\ADCDataFilter:2:ADC_Filter|iir_lpf:FULLIIR_CHAIN|b0x[0..53]                    ; Lost fanout                                                                            ;
; ADS8688v2:inst3|FILTERS:\ADCDataFilter:2:ADC_Filter|IIR_SIMPLE:SIMPLEIIR|regne:OUTPUT_REG|output[0..15] ; Lost fanout                                                                            ;
; ADS8688v2:inst3|FILTERS:\ADCDataFilter:2:ADC_Filter|IIR_SIMPLE:SIMPLEIIR|regne:FILTER_REG|output[0..33] ; Lost fanout                                                                            ;
; ADS8688v2:inst3|FILTERS:\ADCDataFilter:2:ADC_Filter|iir_lpf:FULLIIR|v2[0..4]                            ; Lost fanout                                                                            ;
; ADS8688v2:inst3|FILTERS:\ADCDataFilter:2:ADC_Filter|iir_lpf:FULLIIR|yq[16..53]                          ; Lost fanout                                                                            ;
; ADS8688v2:inst3|FILTERS:\ADCDataFilter:2:ADC_Filter|iir_lpf:FULLIIR|strobe_pulse[0,1]                   ; Lost fanout                                                                            ;
; ADS8688v2:inst3|FILTERS:\ADCDataFilter:2:ADC_Filter|iir_lpf:FULLIIR|v2[5..53]                           ; Lost fanout                                                                            ;
; ADS8688v2:inst3|FILTERS:\ADCDataFilter:2:ADC_Filter|iir_lpf:FULLIIR|v1[0..53]                           ; Lost fanout                                                                            ;
; ADS8688v2:inst3|FILTERS:\ADCDataFilter:2:ADC_Filter|iir_lpf:FULLIIR|a2y[0..53]                          ; Lost fanout                                                                            ;
; ADS8688v2:inst3|FILTERS:\ADCDataFilter:2:ADC_Filter|iir_lpf:FULLIIR|a1y[0..53]                          ; Lost fanout                                                                            ;
; ADS8688v2:inst3|FILTERS:\ADCDataFilter:2:ADC_Filter|iir_lpf:FULLIIR|b2x[0..53]                          ; Lost fanout                                                                            ;
; ADS8688v2:inst3|FILTERS:\ADCDataFilter:2:ADC_Filter|iir_lpf:FULLIIR|b1x[0..53]                          ; Lost fanout                                                                            ;
; ADS8688v2:inst3|FILTERS:\ADCDataFilter:2:ADC_Filter|iir_lpf:FULLIIR|b0x[0..53]                          ; Lost fanout                                                                            ;
; ADS8688v2:inst3|FILTERS:\ADCDataFilter:1:ADC_Filter|iir_lpf:FULLIIR_CHAIN|v2[0..4]                      ; Lost fanout                                                                            ;
; ADS8688v2:inst3|FILTERS:\ADCDataFilter:1:ADC_Filter|iir_lpf:FULLIIR_CHAIN|yq[16..53]                    ; Lost fanout                                                                            ;
; ADS8688v2:inst3|FILTERS:\ADCDataFilter:1:ADC_Filter|iir_lpf:FULLIIR_CHAIN|strobe_pulse[0,1]             ; Lost fanout                                                                            ;
; ADS8688v2:inst3|FILTERS:\ADCDataFilter:1:ADC_Filter|iir_lpf:FULLIIR_CHAIN|v2[5..53]                     ; Lost fanout                                                                            ;
; ADS8688v2:inst3|FILTERS:\ADCDataFilter:1:ADC_Filter|iir_lpf:FULLIIR_CHAIN|v1[0..53]                     ; Lost fanout                                                                            ;
; ADS8688v2:inst3|FILTERS:\ADCDataFilter:1:ADC_Filter|iir_lpf:FULLIIR_CHAIN|a2y[0..53]                    ; Lost fanout                                                                            ;
; ADS8688v2:inst3|FILTERS:\ADCDataFilter:1:ADC_Filter|iir_lpf:FULLIIR_CHAIN|a1y[0..53]                    ; Lost fanout                                                                            ;
; ADS8688v2:inst3|FILTERS:\ADCDataFilter:1:ADC_Filter|iir_lpf:FULLIIR_CHAIN|b2x[0..53]                    ; Lost fanout                                                                            ;
; ADS8688v2:inst3|FILTERS:\ADCDataFilter:1:ADC_Filter|iir_lpf:FULLIIR_CHAIN|b1x[0..53]                    ; Lost fanout                                                                            ;
; ADS8688v2:inst3|FILTERS:\ADCDataFilter:1:ADC_Filter|iir_lpf:FULLIIR_CHAIN|b0x[0..53]                    ; Lost fanout                                                                            ;
; ADS8688v2:inst3|FILTERS:\ADCDataFilter:1:ADC_Filter|IIR_SIMPLE:SIMPLEIIR|regne:OUTPUT_REG|output[0..15] ; Lost fanout                                                                            ;
; ADS8688v2:inst3|FILTERS:\ADCDataFilter:1:ADC_Filter|IIR_SIMPLE:SIMPLEIIR|regne:FILTER_REG|output[0..33] ; Lost fanout                                                                            ;
; ADS8688v2:inst3|FILTERS:\ADCDataFilter:1:ADC_Filter|iir_lpf:FULLIIR|v2[0..4]                            ; Lost fanout                                                                            ;
; ADS8688v2:inst3|FILTERS:\ADCDataFilter:1:ADC_Filter|iir_lpf:FULLIIR|yq[16..53]                          ; Lost fanout                                                                            ;
; ADS8688v2:inst3|FILTERS:\ADCDataFilter:1:ADC_Filter|iir_lpf:FULLIIR|strobe_pulse[0,1]                   ; Lost fanout                                                                            ;
; ADS8688v2:inst3|FILTERS:\ADCDataFilter:1:ADC_Filter|iir_lpf:FULLIIR|v2[5..53]                           ; Lost fanout                                                                            ;
; ADS8688v2:inst3|FILTERS:\ADCDataFilter:1:ADC_Filter|iir_lpf:FULLIIR|v1[0..53]                           ; Lost fanout                                                                            ;
; ADS8688v2:inst3|FILTERS:\ADCDataFilter:1:ADC_Filter|iir_lpf:FULLIIR|a2y[0..53]                          ; Lost fanout                                                                            ;
; ADS8688v2:inst3|FILTERS:\ADCDataFilter:1:ADC_Filter|iir_lpf:FULLIIR|a1y[0..53]                          ; Lost fanout                                                                            ;
; ADS8688v2:inst3|FILTERS:\ADCDataFilter:1:ADC_Filter|iir_lpf:FULLIIR|b2x[0..53]                          ; Lost fanout                                                                            ;
; ADS8688v2:inst3|FILTERS:\ADCDataFilter:1:ADC_Filter|iir_lpf:FULLIIR|b1x[0..53]                          ; Lost fanout                                                                            ;
; ADS8688v2:inst3|FILTERS:\ADCDataFilter:1:ADC_Filter|iir_lpf:FULLIIR|b0x[0..53]                          ; Lost fanout                                                                            ;
; ADS8688v2:inst3|FILTERS:\ADCDataFilter:0:ADC_Filter|iir_lpf:FULLIIR_CHAIN|v2[0..4]                      ; Lost fanout                                                                            ;
; ADS8688v2:inst3|FILTERS:\ADCDataFilter:0:ADC_Filter|iir_lpf:FULLIIR_CHAIN|yq[16..53]                    ; Lost fanout                                                                            ;
; ADS8688v2:inst3|FILTERS:\ADCDataFilter:0:ADC_Filter|iir_lpf:FULLIIR_CHAIN|strobe_pulse[0,1]             ; Lost fanout                                                                            ;
; ADS8688v2:inst3|FILTERS:\ADCDataFilter:0:ADC_Filter|iir_lpf:FULLIIR_CHAIN|v2[5..53]                     ; Lost fanout                                                                            ;
; ADS8688v2:inst3|FILTERS:\ADCDataFilter:0:ADC_Filter|iir_lpf:FULLIIR_CHAIN|v1[0..53]                     ; Lost fanout                                                                            ;
; ADS8688v2:inst3|FILTERS:\ADCDataFilter:0:ADC_Filter|iir_lpf:FULLIIR_CHAIN|a2y[0..53]                    ; Lost fanout                                                                            ;
; ADS8688v2:inst3|FILTERS:\ADCDataFilter:0:ADC_Filter|iir_lpf:FULLIIR_CHAIN|a1y[0..53]                    ; Lost fanout                                                                            ;
; ADS8688v2:inst3|FILTERS:\ADCDataFilter:0:ADC_Filter|iir_lpf:FULLIIR_CHAIN|b2x[0..53]                    ; Lost fanout                                                                            ;
; ADS8688v2:inst3|FILTERS:\ADCDataFilter:0:ADC_Filter|iir_lpf:FULLIIR_CHAIN|b1x[0..53]                    ; Lost fanout                                                                            ;
; ADS8688v2:inst3|FILTERS:\ADCDataFilter:0:ADC_Filter|iir_lpf:FULLIIR_CHAIN|b0x[0..53]                    ; Lost fanout                                                                            ;
; ADS8688v2:inst3|FILTERS:\ADCDataFilter:0:ADC_Filter|IIR_SIMPLE:SIMPLEIIR|regne:OUTPUT_REG|output[0..15] ; Lost fanout                                                                            ;
; ADS8688v2:inst3|FILTERS:\ADCDataFilter:0:ADC_Filter|IIR_SIMPLE:SIMPLEIIR|regne:FILTER_REG|output[0..33] ; Lost fanout                                                                            ;
; ADS8688v2:inst3|FILTERS:\ADCDataFilter:0:ADC_Filter|iir_lpf:FULLIIR|v2[0..4]                            ; Lost fanout                                                                            ;
; ADS8688v2:inst3|FILTERS:\ADCDataFilter:0:ADC_Filter|iir_lpf:FULLIIR|yq[16..53]                          ; Lost fanout                                                                            ;
; ADS8688v2:inst3|FILTERS:\ADCDataFilter:0:ADC_Filter|iir_lpf:FULLIIR|strobe_pulse[0,1]                   ; Lost fanout                                                                            ;
; ADS8688v2:inst3|FILTERS:\ADCDataFilter:0:ADC_Filter|iir_lpf:FULLIIR|v2[5..53]                           ; Lost fanout                                                                            ;
; ADS8688v2:inst3|FILTERS:\ADCDataFilter:0:ADC_Filter|iir_lpf:FULLIIR|v1[0..53]                           ; Lost fanout                                                                            ;
; ADS8688v2:inst3|FILTERS:\ADCDataFilter:0:ADC_Filter|iir_lpf:FULLIIR|a2y[0..53]                          ; Lost fanout                                                                            ;
; ADS8688v2:inst3|FILTERS:\ADCDataFilter:0:ADC_Filter|iir_lpf:FULLIIR|a1y[0..53]                          ; Lost fanout                                                                            ;
; ADS8688v2:inst3|FILTERS:\ADCDataFilter:0:ADC_Filter|iir_lpf:FULLIIR|b2x[0..53]                          ; Lost fanout                                                                            ;
; ADS8688v2:inst3|FILTERS:\ADCDataFilter:0:ADC_Filter|iir_lpf:FULLIIR|b1x[0..53]                          ; Lost fanout                                                                            ;
; ADS8688v2:inst3|FILTERS:\ADCDataFilter:0:ADC_Filter|iir_lpf:FULLIIR|b0x[0..53]                          ; Lost fanout                                                                            ;
; mbp_top_level:inst|mbp:inst2|wm_cnt_q[0]                                                                ; Stuck at GND due to stuck port data_in                                                 ;
; mbp_top_level:inst|mbp:inst2|hrtregs_us_q[1]                                                            ; Merged with mbp_top_level:inst|mbp:inst2|hrtregs_us_q[3]                               ;
; mbp_top_level:inst|mbp:inst2|hrtregs_us_q[3]                                                            ; Merged with mbp_top_level:inst|mbp:inst2|hrtregs_us_q[5]                               ;
; mbp_top_level:inst|mbp:inst2|hrtregs_us_q[5]                                                            ; Merged with mbp_top_level:inst|mbp:inst2|hrtregs_us_q[6]                               ;
; mbp_top_level:inst|mbp:inst2|rx_trig_q[0]                                                               ; Merged with Heartbeat_FP:inst2|isa_oe_ff[0]                                            ;
; Heartbeat_FP:inst2|isa_oe_ff[1]                                                                         ; Merged with mbp_top_level:inst|mbp:inst2|rx_trig_q[1]                                  ;
; mbp_top_level:inst|mbp:inst2|op_int_q[1,4..6]                                                           ; Merged with mbp_top_level:inst|mbp:inst2|op_int_q[7]                                   ;
; mbp_top_level:inst|mbp:inst2|wdMAX_q[3,17]                                                              ; Merged with mbp_top_level:inst|mbp:inst2|wdMAX_q[11]                                   ;
; mbp_top_level:inst|mbp:inst2|wdMAX_q[5,13]                                                              ; Merged with mbp_top_level:inst|mbp:inst2|wdMAX_q[12]                                   ;
; mbp_top_level:inst|mbp:inst2|wdMAX_q[7,8]                                                               ; Merged with mbp_top_level:inst|mbp:inst2|wdMAX_q[0]                                    ;
; mbp_top_level:inst|mbp:inst2|wdMAX_q[2,14]                                                              ; Merged with mbp_top_level:inst|mbp:inst2|wdMAX_q[10]                                   ;
; mbp_top_level:inst|mbp:inst2|wdMAX_q[4,6,9]                                                             ; Merged with mbp_top_level:inst|mbp:inst2|wdMAX_q[1]                                    ;
; mbp_regs:inst1|reg_q[2][11]                                                                             ; Merged with mbp_regs:inst1|reg_q[2][10]                                                ;
; mbp_regs:inst1|reg_q[2][12]                                                                             ; Merged with mbp_regs:inst1|reg_q[2][10]                                                ;
; mbp_regs:inst1|reg_q[2][13]                                                                             ; Merged with mbp_regs:inst1|reg_q[2][10]                                                ;
; mbp_regs:inst1|reg_q[2][14]                                                                             ; Merged with mbp_regs:inst1|reg_q[2][10]                                                ;
; mbp_regs:inst1|reg_q[2][15]                                                                             ; Merged with mbp_regs:inst1|reg_q[2][10]                                                ;
; mbp_regs:inst1|reg_q[2][2]                                                                              ; Merged with mbp_regs:inst1|reg_q[2][10]                                                ;
; mbp_regs:inst1|reg_q[2][3]                                                                              ; Merged with mbp_regs:inst1|reg_q[2][10]                                                ;
; mbp_regs:inst1|reg_q[2][4]                                                                              ; Merged with mbp_regs:inst1|reg_q[2][10]                                                ;
; mbp_regs:inst1|reg_q[2][5]                                                                              ; Merged with mbp_regs:inst1|reg_q[2][10]                                                ;
; mbp_regs:inst1|reg_q[2][6]                                                                              ; Merged with mbp_regs:inst1|reg_q[2][10]                                                ;
; mbp_regs:inst1|reg_q[2][7]                                                                              ; Merged with mbp_regs:inst1|reg_q[2][10]                                                ;
; mbp_regs:inst1|reg_q[2][8]                                                                              ; Merged with mbp_regs:inst1|reg_q[2][10]                                                ;
; mbp_regs:inst1|reg_q[2][9]                                                                              ; Merged with mbp_regs:inst1|reg_q[2][10]                                                ;
; mbp_regs:inst1|reg_q[3][0]                                                                              ; Merged with mbp_regs:inst1|reg_q[2][10]                                                ;
; mbp_regs:inst1|reg_q[3][10]                                                                             ; Merged with mbp_regs:inst1|reg_q[2][10]                                                ;
; mbp_regs:inst1|reg_q[3][11]                                                                             ; Merged with mbp_regs:inst1|reg_q[2][10]                                                ;
; mbp_regs:inst1|reg_q[3][12]                                                                             ; Merged with mbp_regs:inst1|reg_q[2][10]                                                ;
; mbp_regs:inst1|reg_q[3][13]                                                                             ; Merged with mbp_regs:inst1|reg_q[2][10]                                                ;
; mbp_regs:inst1|reg_q[3][14]                                                                             ; Merged with mbp_regs:inst1|reg_q[2][10]                                                ;
; mbp_regs:inst1|reg_q[3][15]                                                                             ; Merged with mbp_regs:inst1|reg_q[2][10]                                                ;
; mbp_regs:inst1|reg_q[3][1]                                                                              ; Merged with mbp_regs:inst1|reg_q[2][10]                                                ;
; mbp_regs:inst1|reg_q[3][3]                                                                              ; Merged with mbp_regs:inst1|reg_q[2][10]                                                ;
; mbp_regs:inst1|reg_q[3][4]                                                                              ; Merged with mbp_regs:inst1|reg_q[2][10]                                                ;
; mbp_regs:inst1|reg_q[3][5]                                                                              ; Merged with mbp_regs:inst1|reg_q[2][10]                                                ;
; mbp_regs:inst1|reg_q[3][6]                                                                              ; Merged with mbp_regs:inst1|reg_q[2][10]                                                ;
; mbp_regs:inst1|reg_q[3][7]                                                                              ; Merged with mbp_regs:inst1|reg_q[2][10]                                                ;
; mbp_regs:inst1|reg_q[3][8]                                                                              ; Merged with mbp_regs:inst1|reg_q[2][10]                                                ;
; mbp_regs:inst1|reg_q[3][9]                                                                              ; Merged with mbp_regs:inst1|reg_q[2][10]                                                ;
; mbp_regs:inst1|reg_q[4][10]                                                                             ; Merged with mbp_regs:inst1|reg_q[2][10]                                                ;
; mbp_regs:inst1|reg_q[4][11]                                                                             ; Merged with mbp_regs:inst1|reg_q[2][10]                                                ;
; mbp_regs:inst1|reg_q[4][12]                                                                             ; Merged with mbp_regs:inst1|reg_q[2][10]                                                ;
; mbp_regs:inst1|reg_q[4][13]                                                                             ; Merged with mbp_regs:inst1|reg_q[2][10]                                                ;
; mbp_regs:inst1|reg_q[4][14]                                                                             ; Merged with mbp_regs:inst1|reg_q[2][10]                                                ;
; mbp_regs:inst1|reg_q[4][15]                                                                             ; Merged with mbp_regs:inst1|reg_q[2][10]                                                ;
; mbp_regs:inst1|reg_q[4][1]                                                                              ; Merged with mbp_regs:inst1|reg_q[2][10]                                                ;
; mbp_regs:inst1|reg_q[4][3]                                                                              ; Merged with mbp_regs:inst1|reg_q[2][10]                                                ;
; mbp_regs:inst1|reg_q[4][4]                                                                              ; Merged with mbp_regs:inst1|reg_q[2][10]                                                ;
; mbp_regs:inst1|reg_q[4][5]                                                                              ; Merged with mbp_regs:inst1|reg_q[2][10]                                                ;
; mbp_regs:inst1|reg_q[4][6]                                                                              ; Merged with mbp_regs:inst1|reg_q[2][10]                                                ;
; mbp_regs:inst1|reg_q[4][7]                                                                              ; Merged with mbp_regs:inst1|reg_q[2][10]                                                ;
; mbp_regs:inst1|reg_q[4][8]                                                                              ; Merged with mbp_regs:inst1|reg_q[2][10]                                                ;
; mbp_regs:inst1|reg_q[4][9]                                                                              ; Merged with mbp_regs:inst1|reg_q[2][10]                                                ;
; mbp_regs:inst1|reg_q[5][0]                                                                              ; Merged with mbp_regs:inst1|reg_q[2][10]                                                ;
; mbp_regs:inst1|reg_q[5][10]                                                                             ; Merged with mbp_regs:inst1|reg_q[2][10]                                                ;
; mbp_regs:inst1|reg_q[5][11]                                                                             ; Merged with mbp_regs:inst1|reg_q[2][10]                                                ;
; mbp_regs:inst1|reg_q[5][12]                                                                             ; Merged with mbp_regs:inst1|reg_q[2][10]                                                ;
; mbp_regs:inst1|reg_q[5][13]                                                                             ; Merged with mbp_regs:inst1|reg_q[2][10]                                                ;
; mbp_regs:inst1|reg_q[5][14]                                                                             ; Merged with mbp_regs:inst1|reg_q[2][10]                                                ;
; mbp_regs:inst1|reg_q[5][15]                                                                             ; Merged with mbp_regs:inst1|reg_q[2][10]                                                ;
; mbp_regs:inst1|reg_q[5][3]                                                                              ; Merged with mbp_regs:inst1|reg_q[2][10]                                                ;
; mbp_regs:inst1|reg_q[5][4]                                                                              ; Merged with mbp_regs:inst1|reg_q[2][10]                                                ;
; mbp_regs:inst1|reg_q[5][5]                                                                              ; Merged with mbp_regs:inst1|reg_q[2][10]                                                ;
; mbp_regs:inst1|reg_q[5][6]                                                                              ; Merged with mbp_regs:inst1|reg_q[2][10]                                                ;
; mbp_regs:inst1|reg_q[5][7]                                                                              ; Merged with mbp_regs:inst1|reg_q[2][10]                                                ;
; mbp_regs:inst1|reg_q[5][8]                                                                              ; Merged with mbp_regs:inst1|reg_q[2][10]                                                ;
; mbp_regs:inst1|reg_q[5][9]                                                                              ; Merged with mbp_regs:inst1|reg_q[2][10]                                                ;
; DAC8568_CONTROL:inst4|SHIFT_REG:DAC_DATA_IN_REG|SHIFT_INPUT[0]                                          ; Stuck at GND due to stuck port data_in                                                 ;
; mbp_top_level:inst|mbp:inst2|op_int_q[7]                                                                ; Stuck at GND due to stuck port data_in                                                 ;
; DAC8568_CONTROL:inst4|SHIFT_REG:DAC_DATA_IN_REG|SHIFT_INPUT[1..3]                                       ; Stuck at GND due to stuck port data_in                                                 ;
; ADS8688v2:inst3|FILTERS:\ADCDataFilter:5:ADC_Filter|cic_8:CIC|clk_count[0]                              ; Merged with ADS8688v2:inst3|FILTERS:\ADCDataFilter:7:ADC_Filter|cic_8:CIC|clk_count[0] ;
; ADS8688v2:inst3|FILTERS:\ADCDataFilter:0:ADC_Filter|cic_8:CIC|clk_count[0]                              ; Merged with ADS8688v2:inst3|FILTERS:\ADCDataFilter:7:ADC_Filter|cic_8:CIC|clk_count[0] ;
; ADS8688v2:inst3|FILTERS:\ADCDataFilter:4:ADC_Filter|cic_8:CIC|clk_count[0]                              ; Merged with ADS8688v2:inst3|FILTERS:\ADCDataFilter:7:ADC_Filter|cic_8:CIC|clk_count[0] ;
; ADS8688v2:inst3|FILTERS:\ADCDataFilter:6:ADC_Filter|cic_8:CIC|clk_count[0]                              ; Merged with ADS8688v2:inst3|FILTERS:\ADCDataFilter:7:ADC_Filter|cic_8:CIC|clk_count[0] ;
; ADS8688v2:inst3|FILTERS:\ADCDataFilter:2:ADC_Filter|cic_8:CIC|clk_count[0]                              ; Merged with ADS8688v2:inst3|FILTERS:\ADCDataFilter:7:ADC_Filter|cic_8:CIC|clk_count[0] ;
; ADS8688v2:inst3|FILTERS:\ADCDataFilter:3:ADC_Filter|cic_8:CIC|clk_count[0]                              ; Merged with ADS8688v2:inst3|FILTERS:\ADCDataFilter:7:ADC_Filter|cic_8:CIC|clk_count[0] ;
; ADS8688v2:inst3|FILTERS:\ADCDataFilter:1:ADC_Filter|cic_8:CIC|clk_count[0]                              ; Merged with ADS8688v2:inst3|FILTERS:\ADCDataFilter:7:ADC_Filter|cic_8:CIC|clk_count[0] ;
; ADS8688v2:inst3|q.input_din_reg[0]                                                                      ; Stuck at GND due to stuck port data_in                                                 ;
; mbp_regs:inst1|FILTER_CONTROL[0]                                                                        ; Merged with DAC8568_CONTROL:inst4|STATE.INIT                                           ;
; mbp_top_level:inst|mbp:inst2|wdMAX_q[1]                                                                 ; Stuck at GND due to stuck port data_in                                                 ;
; Total Number of Removed Registers = 7464                                                                ;                                                                                        ;
+---------------------------------------------------------------------------------------------------------+----------------------------------------------------------------------------------------+


+---------------------------------------------------------------------------------------------------------------------------------------------------------------------------------------------------------------------+
; Removed Registers Triggering Further Register Optimizations                                                                                                                                                         ;
+---------------------------------------------------------------------------------+---------------------------+-------------------------------------------------------------------------------------------------------+
; Register name                                                                   ; Reason for Removal        ; Registers Removed due to This Register                                                                ;
+---------------------------------------------------------------------------------+---------------------------+-------------------------------------------------------------------------------------------------------+
; mbp_regs:inst1|FILTER_CONTROL[2]                                                ; Stuck at GND              ; ADS8688v2:inst3|FILTERS:\ADCDataFilter:7:ADC_Filter|iir_lpf:FULLIIR_CHAIN|y_frmt[15],                 ;
;                                                                                 ; due to stuck port data_in ; ADS8688v2:inst3|FILTERS:\ADCDataFilter:7:ADC_Filter|iir_lpf:FULLIIR_CHAIN|y_frmt[14],                 ;
;                                                                                 ;                           ; ADS8688v2:inst3|FILTERS:\ADCDataFilter:7:ADC_Filter|iir_lpf:FULLIIR_CHAIN|y_frmt[13],                 ;
;                                                                                 ;                           ; ADS8688v2:inst3|FILTERS:\ADCDataFilter:7:ADC_Filter|iir_lpf:FULLIIR_CHAIN|y_frmt[12],                 ;
;                                                                                 ;                           ; ADS8688v2:inst3|FILTERS:\ADCDataFilter:7:ADC_Filter|iir_lpf:FULLIIR_CHAIN|y_frmt[11],                 ;
;                                                                                 ;                           ; ADS8688v2:inst3|FILTERS:\ADCDataFilter:7:ADC_Filter|iir_lpf:FULLIIR_CHAIN|y_frmt[10],                 ;
;                                                                                 ;                           ; ADS8688v2:inst3|FILTERS:\ADCDataFilter:7:ADC_Filter|iir_lpf:FULLIIR_CHAIN|y_frmt[9],                  ;
;                                                                                 ;                           ; ADS8688v2:inst3|FILTERS:\ADCDataFilter:7:ADC_Filter|iir_lpf:FULLIIR_CHAIN|y_frmt[8],                  ;
;                                                                                 ;                           ; ADS8688v2:inst3|FILTERS:\ADCDataFilter:7:ADC_Filter|iir_lpf:FULLIIR_CHAIN|y_frmt[7],                  ;
;                                                                                 ;                           ; ADS8688v2:inst3|FILTERS:\ADCDataFilter:7:ADC_Filter|iir_lpf:FULLIIR_CHAIN|y_frmt[6],                  ;
;                                                                                 ;                           ; ADS8688v2:inst3|FILTERS:\ADCDataFilter:7:ADC_Filter|iir_lpf:FULLIIR_CHAIN|y_frmt[5],                  ;
;                                                                                 ;                           ; ADS8688v2:inst3|FILTERS:\ADCDataFilter:7:ADC_Filter|iir_lpf:FULLIIR_CHAIN|y_frmt[4],                  ;
;                                                                                 ;                           ; ADS8688v2:inst3|FILTERS:\ADCDataFilter:7:ADC_Filter|iir_lpf:FULLIIR_CHAIN|y_frmt[3],                  ;
;                                                                                 ;                           ; ADS8688v2:inst3|FILTERS:\ADCDataFilter:7:ADC_Filter|iir_lpf:FULLIIR_CHAIN|y_frmt[2],                  ;
;                                                                                 ;                           ; ADS8688v2:inst3|FILTERS:\ADCDataFilter:7:ADC_Filter|iir_lpf:FULLIIR_CHAIN|y_frmt[1],                  ;
;                                                                                 ;                           ; ADS8688v2:inst3|FILTERS:\ADCDataFilter:7:ADC_Filter|iir_lpf:FULLIIR_CHAIN|y_frmt[0],                  ;
;                                                                                 ;                           ; ADS8688v2:inst3|FILTERS:\ADCDataFilter:7:ADC_Filter|iir_lpf:FULLIIR|y_frmt[15],                       ;
;                                                                                 ;                           ; ADS8688v2:inst3|FILTERS:\ADCDataFilter:7:ADC_Filter|iir_lpf:FULLIIR|y_frmt[14],                       ;
;                                                                                 ;                           ; ADS8688v2:inst3|FILTERS:\ADCDataFilter:7:ADC_Filter|iir_lpf:FULLIIR|y_frmt[13],                       ;
;                                                                                 ;                           ; ADS8688v2:inst3|FILTERS:\ADCDataFilter:7:ADC_Filter|iir_lpf:FULLIIR|y_frmt[12],                       ;
;                                                                                 ;                           ; ADS8688v2:inst3|FILTERS:\ADCDataFilter:7:ADC_Filter|iir_lpf:FULLIIR|y_frmt[11],                       ;
;                                                                                 ;                           ; ADS8688v2:inst3|FILTERS:\ADCDataFilter:7:ADC_Filter|iir_lpf:FULLIIR|y_frmt[10],                       ;
;                                                                                 ;                           ; ADS8688v2:inst3|FILTERS:\ADCDataFilter:7:ADC_Filter|iir_lpf:FULLIIR|y_frmt[9],                        ;
;                                                                                 ;                           ; ADS8688v2:inst3|FILTERS:\ADCDataFilter:7:ADC_Filter|iir_lpf:FULLIIR|y_frmt[8],                        ;
;                                                                                 ;                           ; ADS8688v2:inst3|FILTERS:\ADCDataFilter:7:ADC_Filter|iir_lpf:FULLIIR|y_frmt[7],                        ;
;                                                                                 ;                           ; ADS8688v2:inst3|FILTERS:\ADCDataFilter:7:ADC_Filter|iir_lpf:FULLIIR|y_frmt[6],                        ;
;                                                                                 ;                           ; ADS8688v2:inst3|FILTERS:\ADCDataFilter:7:ADC_Filter|iir_lpf:FULLIIR|y_frmt[5],                        ;
;                                                                                 ;                           ; ADS8688v2:inst3|FILTERS:\ADCDataFilter:7:ADC_Filter|iir_lpf:FULLIIR|y_frmt[4],                        ;
;                                                                                 ;                           ; ADS8688v2:inst3|FILTERS:\ADCDataFilter:7:ADC_Filter|iir_lpf:FULLIIR|y_frmt[3],                        ;
;                                                                                 ;                           ; ADS8688v2:inst3|FILTERS:\ADCDataFilter:7:ADC_Filter|iir_lpf:FULLIIR|y_frmt[2],                        ;
;                                                                                 ;                           ; ADS8688v2:inst3|FILTERS:\ADCDataFilter:7:ADC_Filter|iir_lpf:FULLIIR|y_frmt[1],                        ;
;                                                                                 ;                           ; ADS8688v2:inst3|FILTERS:\ADCDataFilter:7:ADC_Filter|iir_lpf:FULLIIR|y_frmt[0],                        ;
;                                                                                 ;                           ; ADS8688v2:inst3|FILTERS:\ADCDataFilter:6:ADC_Filter|iir_lpf:FULLIIR_CHAIN|y_frmt[15],                 ;
;                                                                                 ;                           ; ADS8688v2:inst3|FILTERS:\ADCDataFilter:6:ADC_Filter|iir_lpf:FULLIIR_CHAIN|y_frmt[14],                 ;
;                                                                                 ;                           ; ADS8688v2:inst3|FILTERS:\ADCDataFilter:6:ADC_Filter|iir_lpf:FULLIIR_CHAIN|y_frmt[13],                 ;
;                                                                                 ;                           ; ADS8688v2:inst3|FILTERS:\ADCDataFilter:6:ADC_Filter|iir_lpf:FULLIIR_CHAIN|y_frmt[12],                 ;
;                                                                                 ;                           ; ADS8688v2:inst3|FILTERS:\ADCDataFilter:6:ADC_Filter|iir_lpf:FULLIIR_CHAIN|y_frmt[11],                 ;
;                                                                                 ;                           ; ADS8688v2:inst3|FILTERS:\ADCDataFilter:6:ADC_Filter|iir_lpf:FULLIIR_CHAIN|y_frmt[10],                 ;
;                                                                                 ;                           ; ADS8688v2:inst3|FILTERS:\ADCDataFilter:6:ADC_Filter|iir_lpf:FULLIIR_CHAIN|y_frmt[9],                  ;
;                                                                                 ;                           ; ADS8688v2:inst3|FILTERS:\ADCDataFilter:6:ADC_Filter|iir_lpf:FULLIIR_CHAIN|y_frmt[8],                  ;
;                                                                                 ;                           ; ADS8688v2:inst3|FILTERS:\ADCDataFilter:6:ADC_Filter|iir_lpf:FULLIIR_CHAIN|y_frmt[7],                  ;
;                                                                                 ;                           ; ADS8688v2:inst3|FILTERS:\ADCDataFilter:6:ADC_Filter|iir_lpf:FULLIIR_CHAIN|y_frmt[6],                  ;
;                                                                                 ;                           ; ADS8688v2:inst3|FILTERS:\ADCDataFilter:6:ADC_Filter|iir_lpf:FULLIIR_CHAIN|y_frmt[5],                  ;
;                                                                                 ;                           ; ADS8688v2:inst3|FILTERS:\ADCDataFilter:6:ADC_Filter|iir_lpf:FULLIIR_CHAIN|y_frmt[4],                  ;
;                                                                                 ;                           ; ADS8688v2:inst3|FILTERS:\ADCDataFilter:6:ADC_Filter|iir_lpf:FULLIIR_CHAIN|y_frmt[3],                  ;
;                                                                                 ;                           ; ADS8688v2:inst3|FILTERS:\ADCDataFilter:6:ADC_Filter|iir_lpf:FULLIIR_CHAIN|y_frmt[2],                  ;
;                                                                                 ;                           ; ADS8688v2:inst3|FILTERS:\ADCDataFilter:6:ADC_Filter|iir_lpf:FULLIIR_CHAIN|y_frmt[1],                  ;
;                                                                                 ;                           ; ADS8688v2:inst3|FILTERS:\ADCDataFilter:6:ADC_Filter|iir_lpf:FULLIIR_CHAIN|y_frmt[0],                  ;
;                                                                                 ;                           ; ADS8688v2:inst3|FILTERS:\ADCDataFilter:6:ADC_Filter|iir_lpf:FULLIIR|y_frmt[15],                       ;
;                                                                                 ;                           ; ADS8688v2:inst3|FILTERS:\ADCDataFilter:6:ADC_Filter|iir_lpf:FULLIIR|y_frmt[14],                       ;
;                                                                                 ;                           ; ADS8688v2:inst3|FILTERS:\ADCDataFilter:6:ADC_Filter|iir_lpf:FULLIIR|y_frmt[13],                       ;
;                                                                                 ;                           ; ADS8688v2:inst3|FILTERS:\ADCDataFilter:6:ADC_Filter|iir_lpf:FULLIIR|y_frmt[12],                       ;
;                                                                                 ;                           ; ADS8688v2:inst3|FILTERS:\ADCDataFilter:6:ADC_Filter|iir_lpf:FULLIIR|y_frmt[11],                       ;
;                                                                                 ;                           ; ADS8688v2:inst3|FILTERS:\ADCDataFilter:6:ADC_Filter|iir_lpf:FULLIIR|y_frmt[10],                       ;
;                                                                                 ;                           ; ADS8688v2:inst3|FILTERS:\ADCDataFilter:6:ADC_Filter|iir_lpf:FULLIIR|y_frmt[9],                        ;
;                                                                                 ;                           ; ADS8688v2:inst3|FILTERS:\ADCDataFilter:6:ADC_Filter|iir_lpf:FULLIIR|y_frmt[8],                        ;
;                                                                                 ;                           ; ADS8688v2:inst3|FILTERS:\ADCDataFilter:6:ADC_Filter|iir_lpf:FULLIIR|y_frmt[7],                        ;
;                                                                                 ;                           ; ADS8688v2:inst3|FILTERS:\ADCDataFilter:6:ADC_Filter|iir_lpf:FULLIIR|y_frmt[6],                        ;
;                                                                                 ;                           ; ADS8688v2:inst3|FILTERS:\ADCDataFilter:6:ADC_Filter|iir_lpf:FULLIIR|y_frmt[5],                        ;
;                                                                                 ;                           ; ADS8688v2:inst3|FILTERS:\ADCDataFilter:6:ADC_Filter|iir_lpf:FULLIIR|y_frmt[4],                        ;
;                                                                                 ;                           ; ADS8688v2:inst3|FILTERS:\ADCDataFilter:6:ADC_Filter|iir_lpf:FULLIIR|y_frmt[3],                        ;
;                                                                                 ;                           ; ADS8688v2:inst3|FILTERS:\ADCDataFilter:6:ADC_Filter|iir_lpf:FULLIIR|y_frmt[2],                        ;
;                                                                                 ;                           ; ADS8688v2:inst3|FILTERS:\ADCDataFilter:6:ADC_Filter|iir_lpf:FULLIIR|y_frmt[1],                        ;
;                                                                                 ;                           ; ADS8688v2:inst3|FILTERS:\ADCDataFilter:6:ADC_Filter|iir_lpf:FULLIIR|y_frmt[0],                        ;
;                                                                                 ;                           ; ADS8688v2:inst3|FILTERS:\ADCDataFilter:5:ADC_Filter|iir_lpf:FULLIIR_CHAIN|y_frmt[15],                 ;
;                                                                                 ;                           ; ADS8688v2:inst3|FILTERS:\ADCDataFilter:5:ADC_Filter|iir_lpf:FULLIIR_CHAIN|y_frmt[14],                 ;
;                                                                                 ;                           ; ADS8688v2:inst3|FILTERS:\ADCDataFilter:5:ADC_Filter|iir_lpf:FULLIIR_CHAIN|y_frmt[13],                 ;
;                                                                                 ;                           ; ADS8688v2:inst3|FILTERS:\ADCDataFilter:5:ADC_Filter|iir_lpf:FULLIIR_CHAIN|y_frmt[12],                 ;
;                                                                                 ;                           ; ADS8688v2:inst3|FILTERS:\ADCDataFilter:5:ADC_Filter|iir_lpf:FULLIIR_CHAIN|y_frmt[11],                 ;
;                                                                                 ;                           ; ADS8688v2:inst3|FILTERS:\ADCDataFilter:5:ADC_Filter|iir_lpf:FULLIIR_CHAIN|y_frmt[10],                 ;
;                                                                                 ;                           ; ADS8688v2:inst3|FILTERS:\ADCDataFilter:5:ADC_Filter|iir_lpf:FULLIIR_CHAIN|y_frmt[9],                  ;
;                                                                                 ;                           ; ADS8688v2:inst3|FILTERS:\ADCDataFilter:5:ADC_Filter|iir_lpf:FULLIIR_CHAIN|y_frmt[8],                  ;
;                                                                                 ;                           ; ADS8688v2:inst3|FILTERS:\ADCDataFilter:5:ADC_Filter|iir_lpf:FULLIIR_CHAIN|y_frmt[7],                  ;
;                                                                                 ;                           ; ADS8688v2:inst3|FILTERS:\ADCDataFilter:5:ADC_Filter|iir_lpf:FULLIIR_CHAIN|y_frmt[6],                  ;
;                                                                                 ;                           ; ADS8688v2:inst3|FILTERS:\ADCDataFilter:5:ADC_Filter|iir_lpf:FULLIIR_CHAIN|y_frmt[5],                  ;
;                                                                                 ;                           ; ADS8688v2:inst3|FILTERS:\ADCDataFilter:5:ADC_Filter|iir_lpf:FULLIIR_CHAIN|y_frmt[4],                  ;
;                                                                                 ;                           ; ADS8688v2:inst3|FILTERS:\ADCDataFilter:5:ADC_Filter|iir_lpf:FULLIIR_CHAIN|y_frmt[3],                  ;
;                                                                                 ;                           ; ADS8688v2:inst3|FILTERS:\ADCDataFilter:5:ADC_Filter|iir_lpf:FULLIIR_CHAIN|y_frmt[2],                  ;
;                                                                                 ;                           ; ADS8688v2:inst3|FILTERS:\ADCDataFilter:5:ADC_Filter|iir_lpf:FULLIIR_CHAIN|y_frmt[1],                  ;
;                                                                                 ;                           ; ADS8688v2:inst3|FILTERS:\ADCDataFilter:5:ADC_Filter|iir_lpf:FULLIIR_CHAIN|y_frmt[0],                  ;
;                                                                                 ;                           ; ADS8688v2:inst3|FILTERS:\ADCDataFilter:5:ADC_Filter|iir_lpf:FULLIIR|y_frmt[15],                       ;
;                                                                                 ;                           ; ADS8688v2:inst3|FILTERS:\ADCDataFilter:5:ADC_Filter|iir_lpf:FULLIIR|y_frmt[14],                       ;
;                                                                                 ;                           ; ADS8688v2:inst3|FILTERS:\ADCDataFilter:5:ADC_Filter|iir_lpf:FULLIIR|y_frmt[13],                       ;
;                                                                                 ;                           ; ADS8688v2:inst3|FILTERS:\ADCDataFilter:5:ADC_Filter|iir_lpf:FULLIIR|y_frmt[12],                       ;
;                                                                                 ;                           ; ADS8688v2:inst3|FILTERS:\ADCDataFilter:5:ADC_Filter|iir_lpf:FULLIIR|y_frmt[11],                       ;
;                                                                                 ;                           ; ADS8688v2:inst3|FILTERS:\ADCDataFilter:5:ADC_Filter|iir_lpf:FULLIIR|y_frmt[10],                       ;
;                                                                                 ;                           ; ADS8688v2:inst3|FILTERS:\ADCDataFilter:5:ADC_Filter|iir_lpf:FULLIIR|y_frmt[9],                        ;
;                                                                                 ;                           ; ADS8688v2:inst3|FILTERS:\ADCDataFilter:5:ADC_Filter|iir_lpf:FULLIIR|y_frmt[8],                        ;
;                                                                                 ;                           ; ADS8688v2:inst3|FILTERS:\ADCDataFilter:5:ADC_Filter|iir_lpf:FULLIIR|y_frmt[7],                        ;
;                                                                                 ;                           ; ADS8688v2:inst3|FILTERS:\ADCDataFilter:5:ADC_Filter|iir_lpf:FULLIIR|y_frmt[6],                        ;
;                                                                                 ;                           ; ADS8688v2:inst3|FILTERS:\ADCDataFilter:5:ADC_Filter|iir_lpf:FULLIIR|y_frmt[5],                        ;
;                                                                                 ;                           ; ADS8688v2:inst3|FILTERS:\ADCDataFilter:5:ADC_Filter|iir_lpf:FULLIIR|y_frmt[4],                        ;
;                                                                                 ;                           ; ADS8688v2:inst3|FILTERS:\ADCDataFilter:5:ADC_Filter|iir_lpf:FULLIIR|y_frmt[3],                        ;
;                                                                                 ;                           ; ADS8688v2:inst3|FILTERS:\ADCDataFilter:5:ADC_Filter|iir_lpf:FULLIIR|y_frmt[2],                        ;
;                                                                                 ;                           ; ADS8688v2:inst3|FILTERS:\ADCDataFilter:5:ADC_Filter|iir_lpf:FULLIIR|y_frmt[1],                        ;
;                                                                                 ;                           ; ADS8688v2:inst3|FILTERS:\ADCDataFilter:5:ADC_Filter|iir_lpf:FULLIIR|y_frmt[0],                        ;
;                                                                                 ;                           ; ADS8688v2:inst3|FILTERS:\ADCDataFilter:4:ADC_Filter|iir_lpf:FULLIIR_CHAIN|y_frmt[15],                 ;
;                                                                                 ;                           ; ADS8688v2:inst3|FILTERS:\ADCDataFilter:4:ADC_Filter|iir_lpf:FULLIIR_CHAIN|y_frmt[14],                 ;
;                                                                                 ;                           ; ADS8688v2:inst3|FILTERS:\ADCDataFilter:4:ADC_Filter|iir_lpf:FULLIIR_CHAIN|y_frmt[13],                 ;
;                                                                                 ;                           ; ADS8688v2:inst3|FILTERS:\ADCDataFilter:4:ADC_Filter|iir_lpf:FULLIIR_CHAIN|y_frmt[12],                 ;
;                                                                                 ;                           ; ADS8688v2:inst3|FILTERS:\ADCDataFilter:4:ADC_Filter|iir_lpf:FULLIIR_CHAIN|y_frmt[11],                 ;
;                                                                                 ;                           ; ADS8688v2:inst3|FILTERS:\ADCDataFilter:4:ADC_Filter|iir_lpf:FULLIIR_CHAIN|y_frmt[10],                 ;
;                                                                                 ;                           ; ADS8688v2:inst3|FILTERS:\ADCDataFilter:4:ADC_Filter|iir_lpf:FULLIIR_CHAIN|y_frmt[9],                  ;
;                                                                                 ;                           ; ADS8688v2:inst3|FILTERS:\ADCDataFilter:4:ADC_Filter|iir_lpf:FULLIIR_CHAIN|y_frmt[8],                  ;
;                                                                                 ;                           ; ADS8688v2:inst3|FILTERS:\ADCDataFilter:4:ADC_Filter|iir_lpf:FULLIIR_CHAIN|y_frmt[7],                  ;
;                                                                                 ;                           ; ADS8688v2:inst3|FILTERS:\ADCDataFilter:4:ADC_Filter|iir_lpf:FULLIIR_CHAIN|y_frmt[6],                  ;
;                                                                                 ;                           ; ADS8688v2:inst3|FILTERS:\ADCDataFilter:4:ADC_Filter|iir_lpf:FULLIIR_CHAIN|y_frmt[5],                  ;
;                                                                                 ;                           ; ADS8688v2:inst3|FILTERS:\ADCDataFilter:4:ADC_Filter|iir_lpf:FULLIIR_CHAIN|y_frmt[4],                  ;
;                                                                                 ;                           ; ADS8688v2:inst3|FILTERS:\ADCDataFilter:4:ADC_Filter|iir_lpf:FULLIIR_CHAIN|y_frmt[3],                  ;
;                                                                                 ;                           ; ADS8688v2:inst3|FILTERS:\ADCDataFilter:4:ADC_Filter|iir_lpf:FULLIIR_CHAIN|y_frmt[2],                  ;
;                                                                                 ;                           ; ADS8688v2:inst3|FILTERS:\ADCDataFilter:4:ADC_Filter|iir_lpf:FULLIIR_CHAIN|y_frmt[1],                  ;
;                                                                                 ;                           ; ADS8688v2:inst3|FILTERS:\ADCDataFilter:4:ADC_Filter|iir_lpf:FULLIIR_CHAIN|y_frmt[0],                  ;
;                                                                                 ;                           ; ADS8688v2:inst3|FILTERS:\ADCDataFilter:4:ADC_Filter|iir_lpf:FULLIIR|y_frmt[15],                       ;
;                                                                                 ;                           ; ADS8688v2:inst3|FILTERS:\ADCDataFilter:4:ADC_Filter|iir_lpf:FULLIIR|y_frmt[14],                       ;
;                                                                                 ;                           ; ADS8688v2:inst3|FILTERS:\ADCDataFilter:4:ADC_Filter|iir_lpf:FULLIIR|y_frmt[13],                       ;
;                                                                                 ;                           ; ADS8688v2:inst3|FILTERS:\ADCDataFilter:4:ADC_Filter|iir_lpf:FULLIIR|y_frmt[12],                       ;
;                                                                                 ;                           ; ADS8688v2:inst3|FILTERS:\ADCDataFilter:4:ADC_Filter|iir_lpf:FULLIIR|y_frmt[11],                       ;
;                                                                                 ;                           ; ADS8688v2:inst3|FILTERS:\ADCDataFilter:4:ADC_Filter|iir_lpf:FULLIIR|y_frmt[10],                       ;
;                                                                                 ;                           ; ADS8688v2:inst3|FILTERS:\ADCDataFilter:4:ADC_Filter|iir_lpf:FULLIIR|y_frmt[9],                        ;
;                                                                                 ;                           ; ADS8688v2:inst3|FILTERS:\ADCDataFilter:4:ADC_Filter|iir_lpf:FULLIIR|y_frmt[8],                        ;
;                                                                                 ;                           ; ADS8688v2:inst3|FILTERS:\ADCDataFilter:4:ADC_Filter|iir_lpf:FULLIIR|y_frmt[7],                        ;
;                                                                                 ;                           ; ADS8688v2:inst3|FILTERS:\ADCDataFilter:4:ADC_Filter|iir_lpf:FULLIIR|y_frmt[6],                        ;
;                                                                                 ;                           ; ADS8688v2:inst3|FILTERS:\ADCDataFilter:4:ADC_Filter|iir_lpf:FULLIIR|y_frmt[5],                        ;
;                                                                                 ;                           ; ADS8688v2:inst3|FILTERS:\ADCDataFilter:4:ADC_Filter|iir_lpf:FULLIIR|y_frmt[4],                        ;
;                                                                                 ;                           ; ADS8688v2:inst3|FILTERS:\ADCDataFilter:4:ADC_Filter|iir_lpf:FULLIIR|y_frmt[3],                        ;
;                                                                                 ;                           ; ADS8688v2:inst3|FILTERS:\ADCDataFilter:4:ADC_Filter|iir_lpf:FULLIIR|y_frmt[2],                        ;
;                                                                                 ;                           ; ADS8688v2:inst3|FILTERS:\ADCDataFilter:4:ADC_Filter|iir_lpf:FULLIIR|y_frmt[1],                        ;
;                                                                                 ;                           ; ADS8688v2:inst3|FILTERS:\ADCDataFilter:4:ADC_Filter|iir_lpf:FULLIIR|y_frmt[0],                        ;
;                                                                                 ;                           ; ADS8688v2:inst3|FILTERS:\ADCDataFilter:3:ADC_Filter|iir_lpf:FULLIIR_CHAIN|y_frmt[15],                 ;
;                                                                                 ;                           ; ADS8688v2:inst3|FILTERS:\ADCDataFilter:3:ADC_Filter|iir_lpf:FULLIIR_CHAIN|y_frmt[14],                 ;
;                                                                                 ;                           ; ADS8688v2:inst3|FILTERS:\ADCDataFilter:3:ADC_Filter|iir_lpf:FULLIIR_CHAIN|y_frmt[13],                 ;
;                                                                                 ;                           ; ADS8688v2:inst3|FILTERS:\ADCDataFilter:3:ADC_Filter|iir_lpf:FULLIIR_CHAIN|y_frmt[12],                 ;
;                                                                                 ;                           ; ADS8688v2:inst3|FILTERS:\ADCDataFilter:3:ADC_Filter|iir_lpf:FULLIIR_CHAIN|y_frmt[11],                 ;
;                                                                                 ;                           ; ADS8688v2:inst3|FILTERS:\ADCDataFilter:3:ADC_Filter|iir_lpf:FULLIIR_CHAIN|y_frmt[10],                 ;
;                                                                                 ;                           ; ADS8688v2:inst3|FILTERS:\ADCDataFilter:3:ADC_Filter|iir_lpf:FULLIIR_CHAIN|y_frmt[9],                  ;
;                                                                                 ;                           ; ADS8688v2:inst3|FILTERS:\ADCDataFilter:3:ADC_Filter|iir_lpf:FULLIIR_CHAIN|y_frmt[8],                  ;
;                                                                                 ;                           ; ADS8688v2:inst3|FILTERS:\ADCDataFilter:3:ADC_Filter|iir_lpf:FULLIIR_CHAIN|y_frmt[7],                  ;
;                                                                                 ;                           ; ADS8688v2:inst3|FILTERS:\ADCDataFilter:3:ADC_Filter|iir_lpf:FULLIIR_CHAIN|y_frmt[6],                  ;
;                                                                                 ;                           ; ADS8688v2:inst3|FILTERS:\ADCDataFilter:3:ADC_Filter|iir_lpf:FULLIIR_CHAIN|y_frmt[5],                  ;
;                                                                                 ;                           ; ADS8688v2:inst3|FILTERS:\ADCDataFilter:3:ADC_Filter|iir_lpf:FULLIIR_CHAIN|y_frmt[4],                  ;
;                                                                                 ;                           ; ADS8688v2:inst3|FILTERS:\ADCDataFilter:3:ADC_Filter|iir_lpf:FULLIIR_CHAIN|y_frmt[3],                  ;
;                                                                                 ;                           ; ADS8688v2:inst3|FILTERS:\ADCDataFilter:3:ADC_Filter|iir_lpf:FULLIIR_CHAIN|y_frmt[2],                  ;
;                                                                                 ;                           ; ADS8688v2:inst3|FILTERS:\ADCDataFilter:3:ADC_Filter|iir_lpf:FULLIIR_CHAIN|y_frmt[1],                  ;
;                                                                                 ;                           ; ADS8688v2:inst3|FILTERS:\ADCDataFilter:3:ADC_Filter|iir_lpf:FULLIIR_CHAIN|y_frmt[0],                  ;
;                                                                                 ;                           ; ADS8688v2:inst3|FILTERS:\ADCDataFilter:3:ADC_Filter|iir_lpf:FULLIIR|y_frmt[15],                       ;
;                                                                                 ;                           ; ADS8688v2:inst3|FILTERS:\ADCDataFilter:3:ADC_Filter|iir_lpf:FULLIIR|y_frmt[14],                       ;
;                                                                                 ;                           ; ADS8688v2:inst3|FILTERS:\ADCDataFilter:3:ADC_Filter|iir_lpf:FULLIIR|y_frmt[13],                       ;
;                                                                                 ;                           ; ADS8688v2:inst3|FILTERS:\ADCDataFilter:3:ADC_Filter|iir_lpf:FULLIIR|y_frmt[12],                       ;
;                                                                                 ;                           ; ADS8688v2:inst3|FILTERS:\ADCDataFilter:3:ADC_Filter|iir_lpf:FULLIIR|y_frmt[11],                       ;
;                                                                                 ;                           ; ADS8688v2:inst3|FILTERS:\ADCDataFilter:3:ADC_Filter|iir_lpf:FULLIIR|y_frmt[10],                       ;
;                                                                                 ;                           ; ADS8688v2:inst3|FILTERS:\ADCDataFilter:3:ADC_Filter|iir_lpf:FULLIIR|y_frmt[9],                        ;
;                                                                                 ;                           ; ADS8688v2:inst3|FILTERS:\ADCDataFilter:3:ADC_Filter|iir_lpf:FULLIIR|y_frmt[8],                        ;
;                                                                                 ;                           ; ADS8688v2:inst3|FILTERS:\ADCDataFilter:3:ADC_Filter|iir_lpf:FULLIIR|y_frmt[7],                        ;
;                                                                                 ;                           ; ADS8688v2:inst3|FILTERS:\ADCDataFilter:3:ADC_Filter|iir_lpf:FULLIIR|y_frmt[6],                        ;
;                                                                                 ;                           ; ADS8688v2:inst3|FILTERS:\ADCDataFilter:3:ADC_Filter|iir_lpf:FULLIIR|y_frmt[5],                        ;
;                                                                                 ;                           ; ADS8688v2:inst3|FILTERS:\ADCDataFilter:3:ADC_Filter|iir_lpf:FULLIIR|y_frmt[4],                        ;
;                                                                                 ;                           ; ADS8688v2:inst3|FILTERS:\ADCDataFilter:3:ADC_Filter|iir_lpf:FULLIIR|y_frmt[3],                        ;
;                                                                                 ;                           ; ADS8688v2:inst3|FILTERS:\ADCDataFilter:3:ADC_Filter|iir_lpf:FULLIIR|y_frmt[2],                        ;
;                                                                                 ;                           ; ADS8688v2:inst3|FILTERS:\ADCDataFilter:3:ADC_Filter|iir_lpf:FULLIIR|y_frmt[1],                        ;
;                                                                                 ;                           ; ADS8688v2:inst3|FILTERS:\ADCDataFilter:3:ADC_Filter|iir_lpf:FULLIIR|y_frmt[0],                        ;
;                                                                                 ;                           ; ADS8688v2:inst3|FILTERS:\ADCDataFilter:2:ADC_Filter|iir_lpf:FULLIIR_CHAIN|y_frmt[15],                 ;
;                                                                                 ;                           ; ADS8688v2:inst3|FILTERS:\ADCDataFilter:2:ADC_Filter|iir_lpf:FULLIIR_CHAIN|y_frmt[14],                 ;
;                                                                                 ;                           ; ADS8688v2:inst3|FILTERS:\ADCDataFilter:2:ADC_Filter|iir_lpf:FULLIIR_CHAIN|y_frmt[13],                 ;
;                                                                                 ;                           ; ADS8688v2:inst3|FILTERS:\ADCDataFilter:2:ADC_Filter|iir_lpf:FULLIIR_CHAIN|y_frmt[12],                 ;
;                                                                                 ;                           ; ADS8688v2:inst3|FILTERS:\ADCDataFilter:2:ADC_Filter|iir_lpf:FULLIIR_CHAIN|y_frmt[11],                 ;
;                                                                                 ;                           ; ADS8688v2:inst3|FILTERS:\ADCDataFilter:2:ADC_Filter|iir_lpf:FULLIIR_CHAIN|y_frmt[10],                 ;
;                                                                                 ;                           ; ADS8688v2:inst3|FILTERS:\ADCDataFilter:2:ADC_Filter|iir_lpf:FULLIIR_CHAIN|y_frmt[9],                  ;
;                                                                                 ;                           ; ADS8688v2:inst3|FILTERS:\ADCDataFilter:2:ADC_Filter|iir_lpf:FULLIIR_CHAIN|y_frmt[8],                  ;
;                                                                                 ;                           ; ADS8688v2:inst3|FILTERS:\ADCDataFilter:2:ADC_Filter|iir_lpf:FULLIIR_CHAIN|y_frmt[7],                  ;
;                                                                                 ;                           ; ADS8688v2:inst3|FILTERS:\ADCDataFilter:2:ADC_Filter|iir_lpf:FULLIIR_CHAIN|y_frmt[6],                  ;
;                                                                                 ;                           ; ADS8688v2:inst3|FILTERS:\ADCDataFilter:2:ADC_Filter|iir_lpf:FULLIIR_CHAIN|y_frmt[5],                  ;
;                                                                                 ;                           ; ADS8688v2:inst3|FILTERS:\ADCDataFilter:2:ADC_Filter|iir_lpf:FULLIIR_CHAIN|y_frmt[4],                  ;
;                                                                                 ;                           ; ADS8688v2:inst3|FILTERS:\ADCDataFilter:2:ADC_Filter|iir_lpf:FULLIIR_CHAIN|y_frmt[3],                  ;
;                                                                                 ;                           ; ADS8688v2:inst3|FILTERS:\ADCDataFilter:2:ADC_Filter|iir_lpf:FULLIIR_CHAIN|y_frmt[2],                  ;
;                                                                                 ;                           ; ADS8688v2:inst3|FILTERS:\ADCDataFilter:2:ADC_Filter|iir_lpf:FULLIIR_CHAIN|y_frmt[1],                  ;
;                                                                                 ;                           ; ADS8688v2:inst3|FILTERS:\ADCDataFilter:2:ADC_Filter|iir_lpf:FULLIIR_CHAIN|y_frmt[0],                  ;
;                                                                                 ;                           ; ADS8688v2:inst3|FILTERS:\ADCDataFilter:2:ADC_Filter|iir_lpf:FULLIIR|y_frmt[15],                       ;
;                                                                                 ;                           ; ADS8688v2:inst3|FILTERS:\ADCDataFilter:2:ADC_Filter|iir_lpf:FULLIIR|y_frmt[14],                       ;
;                                                                                 ;                           ; ADS8688v2:inst3|FILTERS:\ADCDataFilter:2:ADC_Filter|iir_lpf:FULLIIR|y_frmt[13],                       ;
;                                                                                 ;                           ; ADS8688v2:inst3|FILTERS:\ADCDataFilter:2:ADC_Filter|iir_lpf:FULLIIR|y_frmt[12],                       ;
;                                                                                 ;                           ; ADS8688v2:inst3|FILTERS:\ADCDataFilter:2:ADC_Filter|iir_lpf:FULLIIR|y_frmt[11],                       ;
;                                                                                 ;                           ; ADS8688v2:inst3|FILTERS:\ADCDataFilter:2:ADC_Filter|iir_lpf:FULLIIR|y_frmt[10],                       ;
;                                                                                 ;                           ; ADS8688v2:inst3|FILTERS:\ADCDataFilter:2:ADC_Filter|iir_lpf:FULLIIR|y_frmt[9],                        ;
;                                                                                 ;                           ; ADS8688v2:inst3|FILTERS:\ADCDataFilter:2:ADC_Filter|iir_lpf:FULLIIR|y_frmt[8],                        ;
;                                                                                 ;                           ; ADS8688v2:inst3|FILTERS:\ADCDataFilter:2:ADC_Filter|iir_lpf:FULLIIR|y_frmt[7],                        ;
;                                                                                 ;                           ; ADS8688v2:inst3|FILTERS:\ADCDataFilter:2:ADC_Filter|iir_lpf:FULLIIR|y_frmt[6],                        ;
;                                                                                 ;                           ; ADS8688v2:inst3|FILTERS:\ADCDataFilter:2:ADC_Filter|iir_lpf:FULLIIR|y_frmt[5],                        ;
;                                                                                 ;                           ; ADS8688v2:inst3|FILTERS:\ADCDataFilter:2:ADC_Filter|iir_lpf:FULLIIR|y_frmt[4],                        ;
;                                                                                 ;                           ; ADS8688v2:inst3|FILTERS:\ADCDataFilter:2:ADC_Filter|iir_lpf:FULLIIR|y_frmt[3],                        ;
;                                                                                 ;                           ; ADS8688v2:inst3|FILTERS:\ADCDataFilter:2:ADC_Filter|iir_lpf:FULLIIR|y_frmt[2],                        ;
;                                                                                 ;                           ; ADS8688v2:inst3|FILTERS:\ADCDataFilter:2:ADC_Filter|iir_lpf:FULLIIR|y_frmt[1],                        ;
;                                                                                 ;                           ; ADS8688v2:inst3|FILTERS:\ADCDataFilter:2:ADC_Filter|iir_lpf:FULLIIR|y_frmt[0],                        ;
;                                                                                 ;                           ; ADS8688v2:inst3|FILTERS:\ADCDataFilter:1:ADC_Filter|iir_lpf:FULLIIR_CHAIN|y_frmt[15],                 ;
;                                                                                 ;                           ; ADS8688v2:inst3|FILTERS:\ADCDataFilter:1:ADC_Filter|iir_lpf:FULLIIR_CHAIN|y_frmt[14],                 ;
;                                                                                 ;                           ; ADS8688v2:inst3|FILTERS:\ADCDataFilter:1:ADC_Filter|iir_lpf:FULLIIR_CHAIN|y_frmt[13],                 ;
;                                                                                 ;                           ; ADS8688v2:inst3|FILTERS:\ADCDataFilter:1:ADC_Filter|iir_lpf:FULLIIR_CHAIN|y_frmt[12],                 ;
;                                                                                 ;                           ; ADS8688v2:inst3|FILTERS:\ADCDataFilter:1:ADC_Filter|iir_lpf:FULLIIR_CHAIN|y_frmt[11],                 ;
;                                                                                 ;                           ; ADS8688v2:inst3|FILTERS:\ADCDataFilter:1:ADC_Filter|iir_lpf:FULLIIR_CHAIN|y_frmt[10],                 ;
;                                                                                 ;                           ; ADS8688v2:inst3|FILTERS:\ADCDataFilter:1:ADC_Filter|iir_lpf:FULLIIR_CHAIN|y_frmt[9],                  ;
;                                                                                 ;                           ; ADS8688v2:inst3|FILTERS:\ADCDataFilter:1:ADC_Filter|iir_lpf:FULLIIR_CHAIN|y_frmt[8],                  ;
;                                                                                 ;                           ; ADS8688v2:inst3|FILTERS:\ADCDataFilter:1:ADC_Filter|iir_lpf:FULLIIR_CHAIN|y_frmt[7],                  ;
;                                                                                 ;                           ; ADS8688v2:inst3|FILTERS:\ADCDataFilter:1:ADC_Filter|iir_lpf:FULLIIR_CHAIN|y_frmt[6],                  ;
;                                                                                 ;                           ; ADS8688v2:inst3|FILTERS:\ADCDataFilter:1:ADC_Filter|iir_lpf:FULLIIR_CHAIN|y_frmt[5],                  ;
;                                                                                 ;                           ; ADS8688v2:inst3|FILTERS:\ADCDataFilter:1:ADC_Filter|iir_lpf:FULLIIR_CHAIN|y_frmt[4],                  ;
;                                                                                 ;                           ; ADS8688v2:inst3|FILTERS:\ADCDataFilter:1:ADC_Filter|iir_lpf:FULLIIR_CHAIN|y_frmt[3],                  ;
;                                                                                 ;                           ; ADS8688v2:inst3|FILTERS:\ADCDataFilter:1:ADC_Filter|iir_lpf:FULLIIR_CHAIN|y_frmt[2],                  ;
;                                                                                 ;                           ; ADS8688v2:inst3|FILTERS:\ADCDataFilter:1:ADC_Filter|iir_lpf:FULLIIR_CHAIN|y_frmt[1],                  ;
;                                                                                 ;                           ; ADS8688v2:inst3|FILTERS:\ADCDataFilter:1:ADC_Filter|iir_lpf:FULLIIR_CHAIN|y_frmt[0],                  ;
;                                                                                 ;                           ; ADS8688v2:inst3|FILTERS:\ADCDataFilter:1:ADC_Filter|iir_lpf:FULLIIR|y_frmt[15],                       ;
;                                                                                 ;                           ; ADS8688v2:inst3|FILTERS:\ADCDataFilter:1:ADC_Filter|iir_lpf:FULLIIR|y_frmt[14],                       ;
;                                                                                 ;                           ; ADS8688v2:inst3|FILTERS:\ADCDataFilter:1:ADC_Filter|iir_lpf:FULLIIR|y_frmt[13],                       ;
;                                                                                 ;                           ; ADS8688v2:inst3|FILTERS:\ADCDataFilter:1:ADC_Filter|iir_lpf:FULLIIR|y_frmt[12],                       ;
;                                                                                 ;                           ; ADS8688v2:inst3|FILTERS:\ADCDataFilter:1:ADC_Filter|iir_lpf:FULLIIR|y_frmt[11],                       ;
;                                                                                 ;                           ; ADS8688v2:inst3|FILTERS:\ADCDataFilter:1:ADC_Filter|iir_lpf:FULLIIR|y_frmt[10],                       ;
;                                                                                 ;                           ; ADS8688v2:inst3|FILTERS:\ADCDataFilter:1:ADC_Filter|iir_lpf:FULLIIR|y_frmt[9],                        ;
;                                                                                 ;                           ; ADS8688v2:inst3|FILTERS:\ADCDataFilter:1:ADC_Filter|iir_lpf:FULLIIR|y_frmt[8],                        ;
;                                                                                 ;                           ; ADS8688v2:inst3|FILTERS:\ADCDataFilter:1:ADC_Filter|iir_lpf:FULLIIR|y_frmt[7],                        ;
;                                                                                 ;                           ; ADS8688v2:inst3|FILTERS:\ADCDataFilter:1:ADC_Filter|iir_lpf:FULLIIR|y_frmt[6],                        ;
;                                                                                 ;                           ; ADS8688v2:inst3|FILTERS:\ADCDataFilter:1:ADC_Filter|iir_lpf:FULLIIR|y_frmt[5],                        ;
;                                                                                 ;                           ; ADS8688v2:inst3|FILTERS:\ADCDataFilter:1:ADC_Filter|iir_lpf:FULLIIR|y_frmt[4],                        ;
;                                                                                 ;                           ; ADS8688v2:inst3|FILTERS:\ADCDataFilter:1:ADC_Filter|iir_lpf:FULLIIR|y_frmt[3],                        ;
;                                                                                 ;                           ; ADS8688v2:inst3|FILTERS:\ADCDataFilter:1:ADC_Filter|iir_lpf:FULLIIR|y_frmt[2],                        ;
;                                                                                 ;                           ; ADS8688v2:inst3|FILTERS:\ADCDataFilter:1:ADC_Filter|iir_lpf:FULLIIR|y_frmt[1],                        ;
;                                                                                 ;                           ; ADS8688v2:inst3|FILTERS:\ADCDataFilter:1:ADC_Filter|iir_lpf:FULLIIR|y_frmt[0],                        ;
;                                                                                 ;                           ; ADS8688v2:inst3|FILTERS:\ADCDataFilter:0:ADC_Filter|iir_lpf:FULLIIR_CHAIN|y_frmt[15],                 ;
;                                                                                 ;                           ; ADS8688v2:inst3|FILTERS:\ADCDataFilter:0:ADC_Filter|iir_lpf:FULLIIR_CHAIN|y_frmt[14],                 ;
;                                                                                 ;                           ; ADS8688v2:inst3|FILTERS:\ADCDataFilter:0:ADC_Filter|iir_lpf:FULLIIR_CHAIN|y_frmt[13],                 ;
;                                                                                 ;                           ; ADS8688v2:inst3|FILTERS:\ADCDataFilter:0:ADC_Filter|iir_lpf:FULLIIR_CHAIN|y_frmt[12],                 ;
;                                                                                 ;                           ; ADS8688v2:inst3|FILTERS:\ADCDataFilter:0:ADC_Filter|iir_lpf:FULLIIR_CHAIN|y_frmt[11],                 ;
;                                                                                 ;                           ; ADS8688v2:inst3|FILTERS:\ADCDataFilter:0:ADC_Filter|iir_lpf:FULLIIR_CHAIN|y_frmt[10],                 ;
;                                                                                 ;                           ; ADS8688v2:inst3|FILTERS:\ADCDataFilter:0:ADC_Filter|iir_lpf:FULLIIR_CHAIN|y_frmt[9],                  ;
;                                                                                 ;                           ; ADS8688v2:inst3|FILTERS:\ADCDataFilter:0:ADC_Filter|iir_lpf:FULLIIR_CHAIN|y_frmt[8],                  ;
;                                                                                 ;                           ; ADS8688v2:inst3|FILTERS:\ADCDataFilter:0:ADC_Filter|iir_lpf:FULLIIR_CHAIN|y_frmt[7],                  ;
;                                                                                 ;                           ; ADS8688v2:inst3|FILTERS:\ADCDataFilter:0:ADC_Filter|iir_lpf:FULLIIR_CHAIN|y_frmt[6],                  ;
;                                                                                 ;                           ; ADS8688v2:inst3|FILTERS:\ADCDataFilter:0:ADC_Filter|iir_lpf:FULLIIR_CHAIN|y_frmt[5],                  ;
;                                                                                 ;                           ; ADS8688v2:inst3|FILTERS:\ADCDataFilter:0:ADC_Filter|iir_lpf:FULLIIR_CHAIN|y_frmt[4],                  ;
;                                                                                 ;                           ; ADS8688v2:inst3|FILTERS:\ADCDataFilter:0:ADC_Filter|iir_lpf:FULLIIR_CHAIN|y_frmt[3],                  ;
;                                                                                 ;                           ; ADS8688v2:inst3|FILTERS:\ADCDataFilter:0:ADC_Filter|iir_lpf:FULLIIR_CHAIN|y_frmt[2],                  ;
;                                                                                 ;                           ; ADS8688v2:inst3|FILTERS:\ADCDataFilter:0:ADC_Filter|iir_lpf:FULLIIR_CHAIN|y_frmt[1],                  ;
;                                                                                 ;                           ; ADS8688v2:inst3|FILTERS:\ADCDataFilter:0:ADC_Filter|iir_lpf:FULLIIR_CHAIN|y_frmt[0],                  ;
;                                                                                 ;                           ; ADS8688v2:inst3|FILTERS:\ADCDataFilter:0:ADC_Filter|iir_lpf:FULLIIR|y_frmt[15],                       ;
;                                                                                 ;                           ; ADS8688v2:inst3|FILTERS:\ADCDataFilter:0:ADC_Filter|iir_lpf:FULLIIR|y_frmt[14],                       ;
;                                                                                 ;                           ; ADS8688v2:inst3|FILTERS:\ADCDataFilter:0:ADC_Filter|iir_lpf:FULLIIR|y_frmt[13],                       ;
;                                                                                 ;                           ; ADS8688v2:inst3|FILTERS:\ADCDataFilter:0:ADC_Filter|iir_lpf:FULLIIR|y_frmt[12],                       ;
;                                                                                 ;                           ; ADS8688v2:inst3|FILTERS:\ADCDataFilter:0:ADC_Filter|iir_lpf:FULLIIR|y_frmt[11],                       ;
;                                                                                 ;                           ; ADS8688v2:inst3|FILTERS:\ADCDataFilter:0:ADC_Filter|iir_lpf:FULLIIR|y_frmt[10],                       ;
;                                                                                 ;                           ; ADS8688v2:inst3|FILTERS:\ADCDataFilter:0:ADC_Filter|iir_lpf:FULLIIR|y_frmt[9],                        ;
;                                                                                 ;                           ; ADS8688v2:inst3|FILTERS:\ADCDataFilter:0:ADC_Filter|iir_lpf:FULLIIR|y_frmt[8],                        ;
;                                                                                 ;                           ; ADS8688v2:inst3|FILTERS:\ADCDataFilter:0:ADC_Filter|iir_lpf:FULLIIR|y_frmt[7],                        ;
;                                                                                 ;                           ; ADS8688v2:inst3|FILTERS:\ADCDataFilter:0:ADC_Filter|iir_lpf:FULLIIR|y_frmt[6],                        ;
;                                                                                 ;                           ; ADS8688v2:inst3|FILTERS:\ADCDataFilter:0:ADC_Filter|iir_lpf:FULLIIR|y_frmt[5],                        ;
;                                                                                 ;                           ; ADS8688v2:inst3|FILTERS:\ADCDataFilter:0:ADC_Filter|iir_lpf:FULLIIR|y_frmt[4],                        ;
;                                                                                 ;                           ; ADS8688v2:inst3|FILTERS:\ADCDataFilter:0:ADC_Filter|iir_lpf:FULLIIR|y_frmt[3],                        ;
;                                                                                 ;                           ; ADS8688v2:inst3|FILTERS:\ADCDataFilter:0:ADC_Filter|iir_lpf:FULLIIR|y_frmt[2],                        ;
;                                                                                 ;                           ; ADS8688v2:inst3|FILTERS:\ADCDataFilter:0:ADC_Filter|iir_lpf:FULLIIR|y_frmt[1],                        ;
;                                                                                 ;                           ; ADS8688v2:inst3|FILTERS:\ADCDataFilter:0:ADC_Filter|iir_lpf:FULLIIR|y_frmt[0],                        ;
;                                                                                 ;                           ; ADS8688v2:inst3|FILTERS:\ADCDataFilter:7:ADC_Filter|iir_lpf:FULLIIR_CHAIN|yq[53],                     ;
;                                                                                 ;                           ; ADS8688v2:inst3|FILTERS:\ADCDataFilter:7:ADC_Filter|iir_lpf:FULLIIR_CHAIN|yq[52],                     ;
;                                                                                 ;                           ; ADS8688v2:inst3|FILTERS:\ADCDataFilter:7:ADC_Filter|iir_lpf:FULLIIR_CHAIN|yq[51],                     ;
;                                                                                 ;                           ; ADS8688v2:inst3|FILTERS:\ADCDataFilter:7:ADC_Filter|iir_lpf:FULLIIR_CHAIN|yq[50],                     ;
;                                                                                 ;                           ; ADS8688v2:inst3|FILTERS:\ADCDataFilter:7:ADC_Filter|iir_lpf:FULLIIR_CHAIN|yq[49],                     ;
;                                                                                 ;                           ; ADS8688v2:inst3|FILTERS:\ADCDataFilter:7:ADC_Filter|iir_lpf:FULLIIR_CHAIN|yq[47],                     ;
;                                                                                 ;                           ; ADS8688v2:inst3|FILTERS:\ADCDataFilter:7:ADC_Filter|iir_lpf:FULLIIR_CHAIN|yq[46],                     ;
;                                                                                 ;                           ; ADS8688v2:inst3|FILTERS:\ADCDataFilter:7:ADC_Filter|iir_lpf:FULLIIR_CHAIN|yq[45],                     ;
;                                                                                 ;                           ; ADS8688v2:inst3|FILTERS:\ADCDataFilter:7:ADC_Filter|iir_lpf:FULLIIR_CHAIN|yq[44],                     ;
;                                                                                 ;                           ; ADS8688v2:inst3|FILTERS:\ADCDataFilter:7:ADC_Filter|iir_lpf:FULLIIR_CHAIN|yq[43],                     ;
;                                                                                 ;                           ; ADS8688v2:inst3|FILTERS:\ADCDataFilter:7:ADC_Filter|iir_lpf:FULLIIR_CHAIN|yq[42],                     ;
;                                                                                 ;                           ; ADS8688v2:inst3|FILTERS:\ADCDataFilter:7:ADC_Filter|iir_lpf:FULLIIR_CHAIN|yq[41],                     ;
;                                                                                 ;                           ; ADS8688v2:inst3|FILTERS:\ADCDataFilter:7:ADC_Filter|iir_lpf:FULLIIR_CHAIN|yq[40],                     ;
;                                                                                 ;                           ; ADS8688v2:inst3|FILTERS:\ADCDataFilter:7:ADC_Filter|iir_lpf:FULLIIR_CHAIN|yq[39],                     ;
;                                                                                 ;                           ; ADS8688v2:inst3|FILTERS:\ADCDataFilter:7:ADC_Filter|iir_lpf:FULLIIR_CHAIN|yq[38],                     ;
;                                                                                 ;                           ; ADS8688v2:inst3|FILTERS:\ADCDataFilter:7:ADC_Filter|iir_lpf:FULLIIR_CHAIN|yq[37],                     ;
;                                                                                 ;                           ; ADS8688v2:inst3|FILTERS:\ADCDataFilter:7:ADC_Filter|iir_lpf:FULLIIR_CHAIN|yq[36],                     ;
;                                                                                 ;                           ; ADS8688v2:inst3|FILTERS:\ADCDataFilter:7:ADC_Filter|iir_lpf:FULLIIR_CHAIN|yq[35],                     ;
;                                                                                 ;                           ; ADS8688v2:inst3|FILTERS:\ADCDataFilter:7:ADC_Filter|iir_lpf:FULLIIR_CHAIN|yq[34],                     ;
;                                                                                 ;                           ; ADS8688v2:inst3|FILTERS:\ADCDataFilter:7:ADC_Filter|iir_lpf:FULLIIR_CHAIN|yq[33],                     ;
;                                                                                 ;                           ; ADS8688v2:inst3|FILTERS:\ADCDataFilter:7:ADC_Filter|iir_lpf:FULLIIR_CHAIN|yq[32],                     ;
;                                                                                 ;                           ; ADS8688v2:inst3|FILTERS:\ADCDataFilter:7:ADC_Filter|IIR_SIMPLE:SIMPLEIIR|regne:OUTPUT_REG|output[15], ;
;                                                                                 ;                           ; ADS8688v2:inst3|FILTERS:\ADCDataFilter:7:ADC_Filter|IIR_SIMPLE:SIMPLEIIR|regne:OUTPUT_REG|output[14], ;
;                                                                                 ;                           ; ADS8688v2:inst3|FILTERS:\ADCDataFilter:7:ADC_Filter|IIR_SIMPLE:SIMPLEIIR|regne:OUTPUT_REG|output[13], ;
;                                                                                 ;                           ; ADS8688v2:inst3|FILTERS:\ADCDataFilter:7:ADC_Filter|IIR_SIMPLE:SIMPLEIIR|regne:OUTPUT_REG|output[12], ;
;                                                                                 ;                           ; ADS8688v2:inst3|FILTERS:\ADCDataFilter:7:ADC_Filter|IIR_SIMPLE:SIMPLEIIR|regne:OUTPUT_REG|output[11], ;
;                                                                                 ;                           ; ADS8688v2:inst3|FILTERS:\ADCDataFilter:7:ADC_Filter|IIR_SIMPLE:SIMPLEIIR|regne:OUTPUT_REG|output[10], ;
;                                                                                 ;                           ; ADS8688v2:inst3|FILTERS:\ADCDataFilter:7:ADC_Filter|IIR_SIMPLE:SIMPLEIIR|regne:OUTPUT_REG|output[9],  ;
;                                                                                 ;                           ; ADS8688v2:inst3|FILTERS:\ADCDataFilter:7:ADC_Filter|IIR_SIMPLE:SIMPLEIIR|regne:OUTPUT_REG|output[8],  ;
;                                                                                 ;                           ; ADS8688v2:inst3|FILTERS:\ADCDataFilter:7:ADC_Filter|IIR_SIMPLE:SIMPLEIIR|regne:OUTPUT_REG|output[7],  ;
;                                                                                 ;                           ; ADS8688v2:inst3|FILTERS:\ADCDataFilter:7:ADC_Filter|IIR_SIMPLE:SIMPLEIIR|regne:OUTPUT_REG|output[6],  ;
;                                                                                 ;                           ; ADS8688v2:inst3|FILTERS:\ADCDataFilter:7:ADC_Filter|IIR_SIMPLE:SIMPLEIIR|regne:OUTPUT_REG|output[5],  ;
;                                                                                 ;                           ; ADS8688v2:inst3|FILTERS:\ADCDataFilter:7:ADC_Filter|IIR_SIMPLE:SIMPLEIIR|regne:OUTPUT_REG|output[4],  ;
;                                                                                 ;                           ; ADS8688v2:inst3|FILTERS:\ADCDataFilter:7:ADC_Filter|IIR_SIMPLE:SIMPLEIIR|regne:OUTPUT_REG|output[3],  ;
;                                                                                 ;                           ; ADS8688v2:inst3|FILTERS:\ADCDataFilter:7:ADC_Filter|IIR_SIMPLE:SIMPLEIIR|regne:OUTPUT_REG|output[2],  ;
;                                                                                 ;                           ; ADS8688v2:inst3|FILTERS:\ADCDataFilter:7:ADC_Filter|IIR_SIMPLE:SIMPLEIIR|regne:OUTPUT_REG|output[1],  ;
;                                                                                 ;                           ; ADS8688v2:inst3|FILTERS:\ADCDataFilter:7:ADC_Filter|IIR_SIMPLE:SIMPLEIIR|regne:OUTPUT_REG|output[0],  ;
;                                                                                 ;                           ; ADS8688v2:inst3|FILTERS:\ADCDataFilter:7:ADC_Filter|iir_lpf:FULLIIR|yq[53],                           ;
;                                                                                 ;                           ; ADS8688v2:inst3|FILTERS:\ADCDataFilter:7:ADC_Filter|iir_lpf:FULLIIR|yq[52],                           ;
;                                                                                 ;                           ; ADS8688v2:inst3|FILTERS:\ADCDataFilter:7:ADC_Filter|iir_lpf:FULLIIR|yq[51],                           ;
;                                                                                 ;                           ; ADS8688v2:inst3|FILTERS:\ADCDataFilter:7:ADC_Filter|iir_lpf:FULLIIR|yq[50],                           ;
;                                                                                 ;                           ; ADS8688v2:inst3|FILTERS:\ADCDataFilter:7:ADC_Filter|iir_lpf:FULLIIR|yq[49],                           ;
;                                                                                 ;                           ; ADS8688v2:inst3|FILTERS:\ADCDataFilter:7:ADC_Filter|iir_lpf:FULLIIR|yq[47],                           ;
;                                                                                 ;                           ; ADS8688v2:inst3|FILTERS:\ADCDataFilter:7:ADC_Filter|iir_lpf:FULLIIR|yq[46],                           ;
;                                                                                 ;                           ; ADS8688v2:inst3|FILTERS:\ADCDataFilter:7:ADC_Filter|iir_lpf:FULLIIR|yq[45],                           ;
;                                                                                 ;                           ; ADS8688v2:inst3|FILTERS:\ADCDataFilter:7:ADC_Filter|iir_lpf:FULLIIR|yq[44],                           ;
;                                                                                 ;                           ; ADS8688v2:inst3|FILTERS:\ADCDataFilter:7:ADC_Filter|iir_lpf:FULLIIR|yq[43],                           ;
;                                                                                 ;                           ; ADS8688v2:inst3|FILTERS:\ADCDataFilter:7:ADC_Filter|iir_lpf:FULLIIR|yq[42],                           ;
;                                                                                 ;                           ; ADS8688v2:inst3|FILTERS:\ADCDataFilter:7:ADC_Filter|iir_lpf:FULLIIR|yq[41],                           ;
;                                                                                 ;                           ; ADS8688v2:inst3|FILTERS:\ADCDataFilter:7:ADC_Filter|iir_lpf:FULLIIR|yq[40],                           ;
;                                                                                 ;                           ; ADS8688v2:inst3|FILTERS:\ADCDataFilter:7:ADC_Filter|iir_lpf:FULLIIR|yq[39],                           ;
;                                                                                 ;                           ; ADS8688v2:inst3|FILTERS:\ADCDataFilter:7:ADC_Filter|iir_lpf:FULLIIR|yq[38],                           ;
;                                                                                 ;                           ; ADS8688v2:inst3|FILTERS:\ADCDataFilter:7:ADC_Filter|iir_lpf:FULLIIR|yq[37],                           ;
;                                                                                 ;                           ; ADS8688v2:inst3|FILTERS:\ADCDataFilter:7:ADC_Filter|iir_lpf:FULLIIR|yq[36],                           ;
;                                                                                 ;                           ; ADS8688v2:inst3|FILTERS:\ADCDataFilter:7:ADC_Filter|iir_lpf:FULLIIR|yq[35],                           ;
;                                                                                 ;                           ; ADS8688v2:inst3|FILTERS:\ADCDataFilter:7:ADC_Filter|iir_lpf:FULLIIR|yq[34],                           ;
;                                                                                 ;                           ; ADS8688v2:inst3|FILTERS:\ADCDataFilter:7:ADC_Filter|iir_lpf:FULLIIR|yq[33],                           ;
;                                                                                 ;                           ; ADS8688v2:inst3|FILTERS:\ADCDataFilter:7:ADC_Filter|iir_lpf:FULLIIR|yq[32],                           ;
;                                                                                 ;                           ; ADS8688v2:inst3|FILTERS:\ADCDataFilter:6:ADC_Filter|iir_lpf:FULLIIR_CHAIN|yq[53],                     ;
;                                                                                 ;                           ; ADS8688v2:inst3|FILTERS:\ADCDataFilter:6:ADC_Filter|iir_lpf:FULLIIR_CHAIN|yq[52],                     ;
;                                                                                 ;                           ; ADS8688v2:inst3|FILTERS:\ADCDataFilter:6:ADC_Filter|iir_lpf:FULLIIR_CHAIN|yq[51],                     ;
;                                                                                 ;                           ; ADS8688v2:inst3|FILTERS:\ADCDataFilter:6:ADC_Filter|iir_lpf:FULLIIR_CHAIN|yq[50],                     ;
;                                                                                 ;                           ; ADS8688v2:inst3|FILTERS:\ADCDataFilter:6:ADC_Filter|iir_lpf:FULLIIR_CHAIN|yq[49],                     ;
;                                                                                 ;                           ; ADS8688v2:inst3|FILTERS:\ADCDataFilter:6:ADC_Filter|iir_lpf:FULLIIR_CHAIN|yq[47],                     ;
;                                                                                 ;                           ; ADS8688v2:inst3|FILTERS:\ADCDataFilter:6:ADC_Filter|iir_lpf:FULLIIR_CHAIN|yq[46],                     ;
;                                                                                 ;                           ; ADS8688v2:inst3|FILTERS:\ADCDataFilter:6:ADC_Filter|iir_lpf:FULLIIR_CHAIN|yq[45],                     ;
;                                                                                 ;                           ; ADS8688v2:inst3|FILTERS:\ADCDataFilter:6:ADC_Filter|iir_lpf:FULLIIR_CHAIN|yq[44],                     ;
;                                                                                 ;                           ; ADS8688v2:inst3|FILTERS:\ADCDataFilter:6:ADC_Filter|iir_lpf:FULLIIR_CHAIN|yq[43],                     ;
;                                                                                 ;                           ; ADS8688v2:inst3|FILTERS:\ADCDataFilter:6:ADC_Filter|iir_lpf:FULLIIR_CHAIN|yq[42],                     ;
;                                                                                 ;                           ; ADS8688v2:inst3|FILTERS:\ADCDataFilter:6:ADC_Filter|iir_lpf:FULLIIR_CHAIN|yq[41],                     ;
;                                                                                 ;                           ; ADS8688v2:inst3|FILTERS:\ADCDataFilter:6:ADC_Filter|iir_lpf:FULLIIR_CHAIN|yq[40],                     ;
;                                                                                 ;                           ; ADS8688v2:inst3|FILTERS:\ADCDataFilter:6:ADC_Filter|iir_lpf:FULLIIR_CHAIN|yq[39],                     ;
;                                                                                 ;                           ; ADS8688v2:inst3|FILTERS:\ADCDataFilter:6:ADC_Filter|iir_lpf:FULLIIR_CHAIN|yq[38],                     ;
;                                                                                 ;                           ; ADS8688v2:inst3|FILTERS:\ADCDataFilter:6:ADC_Filter|iir_lpf:FULLIIR_CHAIN|yq[37],                     ;
;                                                                                 ;                           ; ADS8688v2:inst3|FILTERS:\ADCDataFilter:6:ADC_Filter|iir_lpf:FULLIIR_CHAIN|yq[36],                     ;
;                                                                                 ;                           ; ADS8688v2:inst3|FILTERS:\ADCDataFilter:6:ADC_Filter|iir_lpf:FULLIIR_CHAIN|yq[35],                     ;
;                                                                                 ;                           ; ADS8688v2:inst3|FILTERS:\ADCDataFilter:6:ADC_Filter|iir_lpf:FULLIIR_CHAIN|yq[34],                     ;
;                                                                                 ;                           ; ADS8688v2:inst3|FILTERS:\ADCDataFilter:6:ADC_Filter|iir_lpf:FULLIIR_CHAIN|yq[33],                     ;
;                                                                                 ;                           ; ADS8688v2:inst3|FILTERS:\ADCDataFilter:6:ADC_Filter|iir_lpf:FULLIIR_CHAIN|yq[32],                     ;
;                                                                                 ;                           ; ADS8688v2:inst3|FILTERS:\ADCDataFilter:6:ADC_Filter|IIR_SIMPLE:SIMPLEIIR|regne:OUTPUT_REG|output[15], ;
;                                                                                 ;                           ; ADS8688v2:inst3|FILTERS:\ADCDataFilter:6:ADC_Filter|IIR_SIMPLE:SIMPLEIIR|regne:OUTPUT_REG|output[14], ;
;                                                                                 ;                           ; ADS8688v2:inst3|FILTERS:\ADCDataFilter:6:ADC_Filter|IIR_SIMPLE:SIMPLEIIR|regne:OUTPUT_REG|output[13], ;
;                                                                                 ;                           ; ADS8688v2:inst3|FILTERS:\ADCDataFilter:6:ADC_Filter|IIR_SIMPLE:SIMPLEIIR|regne:OUTPUT_REG|output[12], ;
;                                                                                 ;                           ; ADS8688v2:inst3|FILTERS:\ADCDataFilter:6:ADC_Filter|IIR_SIMPLE:SIMPLEIIR|regne:OUTPUT_REG|output[11], ;
;                                                                                 ;                           ; ADS8688v2:inst3|FILTERS:\ADCDataFilter:6:ADC_Filter|IIR_SIMPLE:SIMPLEIIR|regne:OUTPUT_REG|output[10], ;
;                                                                                 ;                           ; ADS8688v2:inst3|FILTERS:\ADCDataFilter:6:ADC_Filter|IIR_SIMPLE:SIMPLEIIR|regne:OUTPUT_REG|output[9],  ;
;                                                                                 ;                           ; ADS8688v2:inst3|FILTERS:\ADCDataFilter:6:ADC_Filter|IIR_SIMPLE:SIMPLEIIR|regne:OUTPUT_REG|output[8],  ;
;                                                                                 ;                           ; ADS8688v2:inst3|FILTERS:\ADCDataFilter:6:ADC_Filter|IIR_SIMPLE:SIMPLEIIR|regne:OUTPUT_REG|output[7],  ;
;                                                                                 ;                           ; ADS8688v2:inst3|FILTERS:\ADCDataFilter:6:ADC_Filter|IIR_SIMPLE:SIMPLEIIR|regne:OUTPUT_REG|output[6],  ;
;                                                                                 ;                           ; ADS8688v2:inst3|FILTERS:\ADCDataFilter:6:ADC_Filter|IIR_SIMPLE:SIMPLEIIR|regne:OUTPUT_REG|output[5],  ;
;                                                                                 ;                           ; ADS8688v2:inst3|FILTERS:\ADCDataFilter:6:ADC_Filter|IIR_SIMPLE:SIMPLEIIR|regne:OUTPUT_REG|output[4],  ;
;                                                                                 ;                           ; ADS8688v2:inst3|FILTERS:\ADCDataFilter:6:ADC_Filter|IIR_SIMPLE:SIMPLEIIR|regne:OUTPUT_REG|output[3],  ;
;                                                                                 ;                           ; ADS8688v2:inst3|FILTERS:\ADCDataFilter:6:ADC_Filter|IIR_SIMPLE:SIMPLEIIR|regne:OUTPUT_REG|output[2],  ;
;                                                                                 ;                           ; ADS8688v2:inst3|FILTERS:\ADCDataFilter:6:ADC_Filter|IIR_SIMPLE:SIMPLEIIR|regne:OUTPUT_REG|output[1],  ;
;                                                                                 ;                           ; ADS8688v2:inst3|FILTERS:\ADCDataFilter:6:ADC_Filter|IIR_SIMPLE:SIMPLEIIR|regne:OUTPUT_REG|output[0],  ;
;                                                                                 ;                           ; ADS8688v2:inst3|FILTERS:\ADCDataFilter:6:ADC_Filter|iir_lpf:FULLIIR|yq[53],                           ;
;                                                                                 ;                           ; ADS8688v2:inst3|FILTERS:\ADCDataFilter:6:ADC_Filter|iir_lpf:FULLIIR|yq[52],                           ;
;                                                                                 ;                           ; ADS8688v2:inst3|FILTERS:\ADCDataFilter:6:ADC_Filter|iir_lpf:FULLIIR|yq[51],                           ;
;                                                                                 ;                           ; ADS8688v2:inst3|FILTERS:\ADCDataFilter:6:ADC_Filter|iir_lpf:FULLIIR|yq[50],                           ;
;                                                                                 ;                           ; ADS8688v2:inst3|FILTERS:\ADCDataFilter:6:ADC_Filter|iir_lpf:FULLIIR|yq[49],                           ;
;                                                                                 ;                           ; ADS8688v2:inst3|FILTERS:\ADCDataFilter:6:ADC_Filter|iir_lpf:FULLIIR|yq[47],                           ;
;                                                                                 ;                           ; ADS8688v2:inst3|FILTERS:\ADCDataFilter:6:ADC_Filter|iir_lpf:FULLIIR|yq[46],                           ;
;                                                                                 ;                           ; ADS8688v2:inst3|FILTERS:\ADCDataFilter:6:ADC_Filter|iir_lpf:FULLIIR|yq[45],                           ;
;                                                                                 ;                           ; ADS8688v2:inst3|FILTERS:\ADCDataFilter:6:ADC_Filter|iir_lpf:FULLIIR|yq[44],                           ;
;                                                                                 ;                           ; ADS8688v2:inst3|FILTERS:\ADCDataFilter:6:ADC_Filter|iir_lpf:FULLIIR|yq[43],                           ;
;                                                                                 ;                           ; ADS8688v2:inst3|FILTERS:\ADCDataFilter:6:ADC_Filter|iir_lpf:FULLIIR|yq[42],                           ;
;                                                                                 ;                           ; ADS8688v2:inst3|FILTERS:\ADCDataFilter:6:ADC_Filter|iir_lpf:FULLIIR|yq[41],                           ;
;                                                                                 ;                           ; ADS8688v2:inst3|FILTERS:\ADCDataFilter:6:ADC_Filter|iir_lpf:FULLIIR|yq[40],                           ;
;                                                                                 ;                           ; ADS8688v2:inst3|FILTERS:\ADCDataFilter:6:ADC_Filter|iir_lpf:FULLIIR|yq[39],                           ;
;                                                                                 ;                           ; ADS8688v2:inst3|FILTERS:\ADCDataFilter:6:ADC_Filter|iir_lpf:FULLIIR|yq[38],                           ;
;                                                                                 ;                           ; ADS8688v2:inst3|FILTERS:\ADCDataFilter:6:ADC_Filter|iir_lpf:FULLIIR|yq[37],                           ;
;                                                                                 ;                           ; ADS8688v2:inst3|FILTERS:\ADCDataFilter:6:ADC_Filter|iir_lpf:FULLIIR|yq[36],                           ;
;                                                                                 ;                           ; ADS8688v2:inst3|FILTERS:\ADCDataFilter:6:ADC_Filter|iir_lpf:FULLIIR|yq[35],                           ;
;                                                                                 ;                           ; ADS8688v2:inst3|FILTERS:\ADCDataFilter:6:ADC_Filter|iir_lpf:FULLIIR|yq[34],                           ;
;                                                                                 ;                           ; ADS8688v2:inst3|FILTERS:\ADCDataFilter:6:ADC_Filter|iir_lpf:FULLIIR|yq[33],                           ;
;                                                                                 ;                           ; ADS8688v2:inst3|FILTERS:\ADCDataFilter:6:ADC_Filter|iir_lpf:FULLIIR|yq[32],                           ;
;                                                                                 ;                           ; ADS8688v2:inst3|FILTERS:\ADCDataFilter:5:ADC_Filter|iir_lpf:FULLIIR_CHAIN|yq[53],                     ;
;                                                                                 ;                           ; ADS8688v2:inst3|FILTERS:\ADCDataFilter:5:ADC_Filter|iir_lpf:FULLIIR_CHAIN|yq[52],                     ;
;                                                                                 ;                           ; ADS8688v2:inst3|FILTERS:\ADCDataFilter:5:ADC_Filter|iir_lpf:FULLIIR_CHAIN|yq[51],                     ;
;                                                                                 ;                           ; ADS8688v2:inst3|FILTERS:\ADCDataFilter:5:ADC_Filter|iir_lpf:FULLIIR_CHAIN|yq[50],                     ;
;                                                                                 ;                           ; ADS8688v2:inst3|FILTERS:\ADCDataFilter:5:ADC_Filter|iir_lpf:FULLIIR_CHAIN|yq[49],                     ;
;                                                                                 ;                           ; ADS8688v2:inst3|FILTERS:\ADCDataFilter:5:ADC_Filter|iir_lpf:FULLIIR_CHAIN|yq[47],                     ;
;                                                                                 ;                           ; ADS8688v2:inst3|FILTERS:\ADCDataFilter:5:ADC_Filter|iir_lpf:FULLIIR_CHAIN|yq[46],                     ;
;                                                                                 ;                           ; ADS8688v2:inst3|FILTERS:\ADCDataFilter:5:ADC_Filter|iir_lpf:FULLIIR_CHAIN|yq[45],                     ;
;                                                                                 ;                           ; ADS8688v2:inst3|FILTERS:\ADCDataFilter:5:ADC_Filter|iir_lpf:FULLIIR_CHAIN|yq[44],                     ;
;                                                                                 ;                           ; ADS8688v2:inst3|FILTERS:\ADCDataFilter:5:ADC_Filter|iir_lpf:FULLIIR_CHAIN|yq[43],                     ;
;                                                                                 ;                           ; ADS8688v2:inst3|FILTERS:\ADCDataFilter:5:ADC_Filter|iir_lpf:FULLIIR_CHAIN|yq[42],                     ;
;                                                                                 ;                           ; ADS8688v2:inst3|FILTERS:\ADCDataFilter:5:ADC_Filter|iir_lpf:FULLIIR_CHAIN|yq[41],                     ;
;                                                                                 ;                           ; ADS8688v2:inst3|FILTERS:\ADCDataFilter:5:ADC_Filter|iir_lpf:FULLIIR_CHAIN|yq[40],                     ;
;                                                                                 ;                           ; ADS8688v2:inst3|FILTERS:\ADCDataFilter:5:ADC_Filter|iir_lpf:FULLIIR_CHAIN|yq[39],                     ;
;                                                                                 ;                           ; ADS8688v2:inst3|FILTERS:\ADCDataFilter:5:ADC_Filter|iir_lpf:FULLIIR_CHAIN|yq[38],                     ;
;                                                                                 ;                           ; ADS8688v2:inst3|FILTERS:\ADCDataFilter:5:ADC_Filter|iir_lpf:FULLIIR_CHAIN|yq[37],                     ;
;                                                                                 ;                           ; ADS8688v2:inst3|FILTERS:\ADCDataFilter:5:ADC_Filter|iir_lpf:FULLIIR_CHAIN|yq[36],                     ;
;                                                                                 ;                           ; ADS8688v2:inst3|FILTERS:\ADCDataFilter:5:ADC_Filter|iir_lpf:FULLIIR_CHAIN|yq[35],                     ;
;                                                                                 ;                           ; ADS8688v2:inst3|FILTERS:\ADCDataFilter:5:ADC_Filter|iir_lpf:FULLIIR_CHAIN|yq[34],                     ;
;                                                                                 ;                           ; ADS8688v2:inst3|FILTERS:\ADCDataFilter:5:ADC_Filter|iir_lpf:FULLIIR_CHAIN|yq[33],                     ;
;                                                                                 ;                           ; ADS8688v2:inst3|FILTERS:\ADCDataFilter:5:ADC_Filter|iir_lpf:FULLIIR_CHAIN|yq[32],                     ;
;                                                                                 ;                           ; ADS8688v2:inst3|FILTERS:\ADCDataFilter:5:ADC_Filter|IIR_SIMPLE:SIMPLEIIR|regne:OUTPUT_REG|output[15], ;
;                                                                                 ;                           ; ADS8688v2:inst3|FILTERS:\ADCDataFilter:5:ADC_Filter|IIR_SIMPLE:SIMPLEIIR|regne:OUTPUT_REG|output[14], ;
;                                                                                 ;                           ; ADS8688v2:inst3|FILTERS:\ADCDataFilter:5:ADC_Filter|IIR_SIMPLE:SIMPLEIIR|regne:OUTPUT_REG|output[13], ;
;                                                                                 ;                           ; ADS8688v2:inst3|FILTERS:\ADCDataFilter:5:ADC_Filter|IIR_SIMPLE:SIMPLEIIR|regne:OUTPUT_REG|output[12], ;
;                                                                                 ;                           ; ADS8688v2:inst3|FILTERS:\ADCDataFilter:5:ADC_Filter|IIR_SIMPLE:SIMPLEIIR|regne:OUTPUT_REG|output[11], ;
;                                                                                 ;                           ; ADS8688v2:inst3|FILTERS:\ADCDataFilter:5:ADC_Filter|IIR_SIMPLE:SIMPLEIIR|regne:OUTPUT_REG|output[10], ;
;                                                                                 ;                           ; ADS8688v2:inst3|FILTERS:\ADCDataFilter:5:ADC_Filter|IIR_SIMPLE:SIMPLEIIR|regne:OUTPUT_REG|output[9],  ;
;                                                                                 ;                           ; ADS8688v2:inst3|FILTERS:\ADCDataFilter:5:ADC_Filter|IIR_SIMPLE:SIMPLEIIR|regne:OUTPUT_REG|output[8],  ;
;                                                                                 ;                           ; ADS8688v2:inst3|FILTERS:\ADCDataFilter:5:ADC_Filter|IIR_SIMPLE:SIMPLEIIR|regne:OUTPUT_REG|output[7],  ;
;                                                                                 ;                           ; ADS8688v2:inst3|FILTERS:\ADCDataFilter:5:ADC_Filter|IIR_SIMPLE:SIMPLEIIR|regne:OUTPUT_REG|output[6],  ;
;                                                                                 ;                           ; ADS8688v2:inst3|FILTERS:\ADCDataFilter:5:ADC_Filter|IIR_SIMPLE:SIMPLEIIR|regne:OUTPUT_REG|output[5],  ;
;                                                                                 ;                           ; ADS8688v2:inst3|FILTERS:\ADCDataFilter:5:ADC_Filter|IIR_SIMPLE:SIMPLEIIR|regne:OUTPUT_REG|output[4],  ;
;                                                                                 ;                           ; ADS8688v2:inst3|FILTERS:\ADCDataFilter:5:ADC_Filter|IIR_SIMPLE:SIMPLEIIR|regne:OUTPUT_REG|output[3],  ;
;                                                                                 ;                           ; ADS8688v2:inst3|FILTERS:\ADCDataFilter:5:ADC_Filter|IIR_SIMPLE:SIMPLEIIR|regne:OUTPUT_REG|output[2],  ;
;                                                                                 ;                           ; ADS8688v2:inst3|FILTERS:\ADCDataFilter:5:ADC_Filter|IIR_SIMPLE:SIMPLEIIR|regne:OUTPUT_REG|output[1],  ;
;                                                                                 ;                           ; ADS8688v2:inst3|FILTERS:\ADCDataFilter:5:ADC_Filter|IIR_SIMPLE:SIMPLEIIR|regne:OUTPUT_REG|output[0],  ;
;                                                                                 ;                           ; ADS8688v2:inst3|FILTERS:\ADCDataFilter:5:ADC_Filter|iir_lpf:FULLIIR|yq[53],                           ;
;                                                                                 ;                           ; ADS8688v2:inst3|FILTERS:\ADCDataFilter:5:ADC_Filter|iir_lpf:FULLIIR|yq[52],                           ;
;                                                                                 ;                           ; ADS8688v2:inst3|FILTERS:\ADCDataFilter:5:ADC_Filter|iir_lpf:FULLIIR|yq[51],                           ;
;                                                                                 ;                           ; ADS8688v2:inst3|FILTERS:\ADCDataFilter:5:ADC_Filter|iir_lpf:FULLIIR|yq[50],                           ;
;                                                                                 ;                           ; ADS8688v2:inst3|FILTERS:\ADCDataFilter:5:ADC_Filter|iir_lpf:FULLIIR|yq[49],                           ;
;                                                                                 ;                           ; ADS8688v2:inst3|FILTERS:\ADCDataFilter:5:ADC_Filter|iir_lpf:FULLIIR|yq[47],                           ;
;                                                                                 ;                           ; ADS8688v2:inst3|FILTERS:\ADCDataFilter:5:ADC_Filter|iir_lpf:FULLIIR|yq[46],                           ;
;                                                                                 ;                           ; ADS8688v2:inst3|FILTERS:\ADCDataFilter:5:ADC_Filter|iir_lpf:FULLIIR|yq[45],                           ;
;                                                                                 ;                           ; ADS8688v2:inst3|FILTERS:\ADCDataFilter:5:ADC_Filter|iir_lpf:FULLIIR|yq[44],                           ;
;                                                                                 ;                           ; ADS8688v2:inst3|FILTERS:\ADCDataFilter:5:ADC_Filter|iir_lpf:FULLIIR|yq[43],                           ;
;                                                                                 ;                           ; ADS8688v2:inst3|FILTERS:\ADCDataFilter:5:ADC_Filter|iir_lpf:FULLIIR|yq[42],                           ;
;                                                                                 ;                           ; ADS8688v2:inst3|FILTERS:\ADCDataFilter:5:ADC_Filter|iir_lpf:FULLIIR|yq[41],                           ;
;                                                                                 ;                           ; ADS8688v2:inst3|FILTERS:\ADCDataFilter:5:ADC_Filter|iir_lpf:FULLIIR|yq[40],                           ;
;                                                                                 ;                           ; ADS8688v2:inst3|FILTERS:\ADCDataFilter:5:ADC_Filter|iir_lpf:FULLIIR|yq[39],                           ;
;                                                                                 ;                           ; ADS8688v2:inst3|FILTERS:\ADCDataFilter:5:ADC_Filter|iir_lpf:FULLIIR|yq[38],                           ;
;                                                                                 ;                           ; ADS8688v2:inst3|FILTERS:\ADCDataFilter:5:ADC_Filter|iir_lpf:FULLIIR|yq[37],                           ;
;                                                                                 ;                           ; ADS8688v2:inst3|FILTERS:\ADCDataFilter:5:ADC_Filter|iir_lpf:FULLIIR|yq[36],                           ;
;                                                                                 ;                           ; ADS8688v2:inst3|FILTERS:\ADCDataFilter:5:ADC_Filter|iir_lpf:FULLIIR|yq[35],                           ;
;                                                                                 ;                           ; ADS8688v2:inst3|FILTERS:\ADCDataFilter:5:ADC_Filter|iir_lpf:FULLIIR|yq[34],                           ;
;                                                                                 ;                           ; ADS8688v2:inst3|FILTERS:\ADCDataFilter:5:ADC_Filter|iir_lpf:FULLIIR|yq[33],                           ;
;                                                                                 ;                           ; ADS8688v2:inst3|FILTERS:\ADCDataFilter:5:ADC_Filter|iir_lpf:FULLIIR|yq[32],                           ;
;                                                                                 ;                           ; ADS8688v2:inst3|FILTERS:\ADCDataFilter:4:ADC_Filter|iir_lpf:FULLIIR_CHAIN|yq[53],                     ;
;                                                                                 ;                           ; ADS8688v2:inst3|FILTERS:\ADCDataFilter:4:ADC_Filter|iir_lpf:FULLIIR_CHAIN|yq[52],                     ;
;                                                                                 ;                           ; ADS8688v2:inst3|FILTERS:\ADCDataFilter:4:ADC_Filter|iir_lpf:FULLIIR_CHAIN|yq[51],                     ;
;                                                                                 ;                           ; ADS8688v2:inst3|FILTERS:\ADCDataFilter:4:ADC_Filter|iir_lpf:FULLIIR_CHAIN|yq[50],                     ;
;                                                                                 ;                           ; ADS8688v2:inst3|FILTERS:\ADCDataFilter:4:ADC_Filter|iir_lpf:FULLIIR_CHAIN|yq[49],                     ;
;                                                                                 ;                           ; ADS8688v2:inst3|FILTERS:\ADCDataFilter:4:ADC_Filter|iir_lpf:FULLIIR_CHAIN|yq[47],                     ;
;                                                                                 ;                           ; ADS8688v2:inst3|FILTERS:\ADCDataFilter:4:ADC_Filter|iir_lpf:FULLIIR_CHAIN|yq[46],                     ;
;                                                                                 ;                           ; ADS8688v2:inst3|FILTERS:\ADCDataFilter:4:ADC_Filter|iir_lpf:FULLIIR_CHAIN|yq[45],                     ;
;                                                                                 ;                           ; ADS8688v2:inst3|FILTERS:\ADCDataFilter:4:ADC_Filter|iir_lpf:FULLIIR_CHAIN|yq[44],                     ;
;                                                                                 ;                           ; ADS8688v2:inst3|FILTERS:\ADCDataFilter:4:ADC_Filter|iir_lpf:FULLIIR_CHAIN|yq[43],                     ;
;                                                                                 ;                           ; ADS8688v2:inst3|FILTERS:\ADCDataFilter:4:ADC_Filter|iir_lpf:FULLIIR_CHAIN|yq[42],                     ;
;                                                                                 ;                           ; ADS8688v2:inst3|FILTERS:\ADCDataFilter:4:ADC_Filter|iir_lpf:FULLIIR_CHAIN|yq[41],                     ;
;                                                                                 ;                           ; ADS8688v2:inst3|FILTERS:\ADCDataFilter:4:ADC_Filter|iir_lpf:FULLIIR_CHAIN|yq[40],                     ;
;                                                                                 ;                           ; ADS8688v2:inst3|FILTERS:\ADCDataFilter:4:ADC_Filter|iir_lpf:FULLIIR_CHAIN|yq[39],                     ;
;                                                                                 ;                           ; ADS8688v2:inst3|FILTERS:\ADCDataFilter:4:ADC_Filter|iir_lpf:FULLIIR_CHAIN|yq[38],                     ;
;                                                                                 ;                           ; ADS8688v2:inst3|FILTERS:\ADCDataFilter:4:ADC_Filter|iir_lpf:FULLIIR_CHAIN|yq[37],                     ;
;                                                                                 ;                           ; ADS8688v2:inst3|FILTERS:\ADCDataFilter:4:ADC_Filter|iir_lpf:FULLIIR_CHAIN|yq[36],                     ;
;                                                                                 ;                           ; ADS8688v2:inst3|FILTERS:\ADCDataFilter:4:ADC_Filter|iir_lpf:FULLIIR_CHAIN|yq[35],                     ;
;                                                                                 ;                           ; ADS8688v2:inst3|FILTERS:\ADCDataFilter:4:ADC_Filter|iir_lpf:FULLIIR_CHAIN|yq[34],                     ;
;                                                                                 ;                           ; ADS8688v2:inst3|FILTERS:\ADCDataFilter:4:ADC_Filter|iir_lpf:FULLIIR_CHAIN|yq[33],                     ;
;                                                                                 ;                           ; ADS8688v2:inst3|FILTERS:\ADCDataFilter:4:ADC_Filter|iir_lpf:FULLIIR_CHAIN|yq[32],                     ;
;                                                                                 ;                           ; ADS8688v2:inst3|FILTERS:\ADCDataFilter:4:ADC_Filter|IIR_SIMPLE:SIMPLEIIR|regne:OUTPUT_REG|output[15], ;
;                                                                                 ;                           ; ADS8688v2:inst3|FILTERS:\ADCDataFilter:4:ADC_Filter|IIR_SIMPLE:SIMPLEIIR|regne:OUTPUT_REG|output[14], ;
;                                                                                 ;                           ; ADS8688v2:inst3|FILTERS:\ADCDataFilter:4:ADC_Filter|IIR_SIMPLE:SIMPLEIIR|regne:OUTPUT_REG|output[13], ;
;                                                                                 ;                           ; ADS8688v2:inst3|FILTERS:\ADCDataFilter:4:ADC_Filter|IIR_SIMPLE:SIMPLEIIR|regne:OUTPUT_REG|output[12], ;
;                                                                                 ;                           ; ADS8688v2:inst3|FILTERS:\ADCDataFilter:4:ADC_Filter|IIR_SIMPLE:SIMPLEIIR|regne:OUTPUT_REG|output[11], ;
;                                                                                 ;                           ; ADS8688v2:inst3|FILTERS:\ADCDataFilter:4:ADC_Filter|IIR_SIMPLE:SIMPLEIIR|regne:OUTPUT_REG|output[10], ;
;                                                                                 ;                           ; ADS8688v2:inst3|FILTERS:\ADCDataFilter:4:ADC_Filter|IIR_SIMPLE:SIMPLEIIR|regne:OUTPUT_REG|output[9],  ;
;                                                                                 ;                           ; ADS8688v2:inst3|FILTERS:\ADCDataFilter:4:ADC_Filter|IIR_SIMPLE:SIMPLEIIR|regne:OUTPUT_REG|output[8],  ;
;                                                                                 ;                           ; ADS8688v2:inst3|FILTERS:\ADCDataFilter:4:ADC_Filter|IIR_SIMPLE:SIMPLEIIR|regne:OUTPUT_REG|output[7],  ;
;                                                                                 ;                           ; ADS8688v2:inst3|FILTERS:\ADCDataFilter:4:ADC_Filter|IIR_SIMPLE:SIMPLEIIR|regne:OUTPUT_REG|output[6],  ;
;                                                                                 ;                           ; ADS8688v2:inst3|FILTERS:\ADCDataFilter:4:ADC_Filter|IIR_SIMPLE:SIMPLEIIR|regne:OUTPUT_REG|output[5],  ;
;                                                                                 ;                           ; ADS8688v2:inst3|FILTERS:\ADCDataFilter:4:ADC_Filter|IIR_SIMPLE:SIMPLEIIR|regne:OUTPUT_REG|output[4],  ;
;                                                                                 ;                           ; ADS8688v2:inst3|FILTERS:\ADCDataFilter:4:ADC_Filter|IIR_SIMPLE:SIMPLEIIR|regne:OUTPUT_REG|output[3],  ;
;                                                                                 ;                           ; ADS8688v2:inst3|FILTERS:\ADCDataFilter:4:ADC_Filter|IIR_SIMPLE:SIMPLEIIR|regne:OUTPUT_REG|output[2],  ;
;                                                                                 ;                           ; ADS8688v2:inst3|FILTERS:\ADCDataFilter:4:ADC_Filter|IIR_SIMPLE:SIMPLEIIR|regne:OUTPUT_REG|output[1],  ;
;                                                                                 ;                           ; ADS8688v2:inst3|FILTERS:\ADCDataFilter:4:ADC_Filter|IIR_SIMPLE:SIMPLEIIR|regne:OUTPUT_REG|output[0],  ;
;                                                                                 ;                           ; ADS8688v2:inst3|FILTERS:\ADCDataFilter:4:ADC_Filter|iir_lpf:FULLIIR|yq[53],                           ;
;                                                                                 ;                           ; ADS8688v2:inst3|FILTERS:\ADCDataFilter:4:ADC_Filter|iir_lpf:FULLIIR|yq[52],                           ;
;                                                                                 ;                           ; ADS8688v2:inst3|FILTERS:\ADCDataFilter:4:ADC_Filter|iir_lpf:FULLIIR|yq[51],                           ;
;                                                                                 ;                           ; ADS8688v2:inst3|FILTERS:\ADCDataFilter:4:ADC_Filter|iir_lpf:FULLIIR|yq[50],                           ;
;                                                                                 ;                           ; ADS8688v2:inst3|FILTERS:\ADCDataFilter:4:ADC_Filter|iir_lpf:FULLIIR|yq[49],                           ;
;                                                                                 ;                           ; ADS8688v2:inst3|FILTERS:\ADCDataFilter:4:ADC_Filter|iir_lpf:FULLIIR|yq[47],                           ;
;                                                                                 ;                           ; ADS8688v2:inst3|FILTERS:\ADCDataFilter:4:ADC_Filter|iir_lpf:FULLIIR|yq[46],                           ;
;                                                                                 ;                           ; ADS8688v2:inst3|FILTERS:\ADCDataFilter:4:ADC_Filter|iir_lpf:FULLIIR|yq[45],                           ;
;                                                                                 ;                           ; ADS8688v2:inst3|FILTERS:\ADCDataFilter:4:ADC_Filter|iir_lpf:FULLIIR|yq[44],                           ;
;                                                                                 ;                           ; ADS8688v2:inst3|FILTERS:\ADCDataFilter:4:ADC_Filter|iir_lpf:FULLIIR|yq[43],                           ;
;                                                                                 ;                           ; ADS8688v2:inst3|FILTERS:\ADCDataFilter:4:ADC_Filter|iir_lpf:FULLIIR|yq[42],                           ;
;                                                                                 ;                           ; ADS8688v2:inst3|FILTERS:\ADCDataFilter:4:ADC_Filter|iir_lpf:FULLIIR|yq[41],                           ;
;                                                                                 ;                           ; ADS8688v2:inst3|FILTERS:\ADCDataFilter:4:ADC_Filter|iir_lpf:FULLIIR|yq[40],                           ;
;                                                                                 ;                           ; ADS8688v2:inst3|FILTERS:\ADCDataFilter:4:ADC_Filter|iir_lpf:FULLIIR|yq[39],                           ;
;                                                                                 ;                           ; ADS8688v2:inst3|FILTERS:\ADCDataFilter:4:ADC_Filter|iir_lpf:FULLIIR|yq[38],                           ;
;                                                                                 ;                           ; ADS8688v2:inst3|FILTERS:\ADCDataFilter:4:ADC_Filter|iir_lpf:FULLIIR|yq[37],                           ;
;                                                                                 ;                           ; ADS8688v2:inst3|FILTERS:\ADCDataFilter:4:ADC_Filter|iir_lpf:FULLIIR|yq[36],                           ;
;                                                                                 ;                           ; ADS8688v2:inst3|FILTERS:\ADCDataFilter:4:ADC_Filter|iir_lpf:FULLIIR|yq[35],                           ;
;                                                                                 ;                           ; ADS8688v2:inst3|FILTERS:\ADCDataFilter:4:ADC_Filter|iir_lpf:FULLIIR|yq[34],                           ;
;                                                                                 ;                           ; ADS8688v2:inst3|FILTERS:\ADCDataFilter:4:ADC_Filter|iir_lpf:FULLIIR|yq[33],                           ;
;                                                                                 ;                           ; ADS8688v2:inst3|FILTERS:\ADCDataFilter:4:ADC_Filter|iir_lpf:FULLIIR|yq[32],                           ;
;                                                                                 ;                           ; ADS8688v2:inst3|FILTERS:\ADCDataFilter:3:ADC_Filter|iir_lpf:FULLIIR_CHAIN|yq[53],                     ;
;                                                                                 ;                           ; ADS8688v2:inst3|FILTERS:\ADCDataFilter:3:ADC_Filter|iir_lpf:FULLIIR_CHAIN|yq[52],                     ;
;                                                                                 ;                           ; ADS8688v2:inst3|FILTERS:\ADCDataFilter:3:ADC_Filter|iir_lpf:FULLIIR_CHAIN|yq[51],                     ;
;                                                                                 ;                           ; ADS8688v2:inst3|FILTERS:\ADCDataFilter:3:ADC_Filter|iir_lpf:FULLIIR_CHAIN|yq[50],                     ;
;                                                                                 ;                           ; ADS8688v2:inst3|FILTERS:\ADCDataFilter:3:ADC_Filter|iir_lpf:FULLIIR_CHAIN|yq[49],                     ;
;                                                                                 ;                           ; ADS8688v2:inst3|FILTERS:\ADCDataFilter:3:ADC_Filter|iir_lpf:FULLIIR_CHAIN|yq[47],                     ;
;                                                                                 ;                           ; ADS8688v2:inst3|FILTERS:\ADCDataFilter:3:ADC_Filter|iir_lpf:FULLIIR_CHAIN|yq[46],                     ;
;                                                                                 ;                           ; ADS8688v2:inst3|FILTERS:\ADCDataFilter:3:ADC_Filter|iir_lpf:FULLIIR_CHAIN|yq[45],                     ;
;                                                                                 ;                           ; ADS8688v2:inst3|FILTERS:\ADCDataFilter:3:ADC_Filter|iir_lpf:FULLIIR_CHAIN|yq[44],                     ;
;                                                                                 ;                           ; ADS8688v2:inst3|FILTERS:\ADCDataFilter:3:ADC_Filter|iir_lpf:FULLIIR_CHAIN|yq[43],                     ;
;                                                                                 ;                           ; ADS8688v2:inst3|FILTERS:\ADCDataFilter:3:ADC_Filter|iir_lpf:FULLIIR_CHAIN|yq[42],                     ;
;                                                                                 ;                           ; ADS8688v2:inst3|FILTERS:\ADCDataFilter:3:ADC_Filter|iir_lpf:FULLIIR_CHAIN|yq[41],                     ;
;                                                                                 ;                           ; ADS8688v2:inst3|FILTERS:\ADCDataFilter:3:ADC_Filter|iir_lpf:FULLIIR_CHAIN|yq[40],                     ;
;                                                                                 ;                           ; ADS8688v2:inst3|FILTERS:\ADCDataFilter:3:ADC_Filter|iir_lpf:FULLIIR_CHAIN|yq[39],                     ;
;                                                                                 ;                           ; ADS8688v2:inst3|FILTERS:\ADCDataFilter:3:ADC_Filter|iir_lpf:FULLIIR_CHAIN|yq[38],                     ;
;                                                                                 ;                           ; ADS8688v2:inst3|FILTERS:\ADCDataFilter:3:ADC_Filter|iir_lpf:FULLIIR_CHAIN|yq[37],                     ;
;                                                                                 ;                           ; ADS8688v2:inst3|FILTERS:\ADCDataFilter:3:ADC_Filter|iir_lpf:FULLIIR_CHAIN|yq[36],                     ;
;                                                                                 ;                           ; ADS8688v2:inst3|FILTERS:\ADCDataFilter:3:ADC_Filter|iir_lpf:FULLIIR_CHAIN|yq[35],                     ;
;                                                                                 ;                           ; ADS8688v2:inst3|FILTERS:\ADCDataFilter:3:ADC_Filter|iir_lpf:FULLIIR_CHAIN|yq[34],                     ;
;                                                                                 ;                           ; ADS8688v2:inst3|FILTERS:\ADCDataFilter:3:ADC_Filter|iir_lpf:FULLIIR_CHAIN|yq[33],                     ;
;                                                                                 ;                           ; ADS8688v2:inst3|FILTERS:\ADCDataFilter:3:ADC_Filter|iir_lpf:FULLIIR_CHAIN|yq[32],                     ;
;                                                                                 ;                           ; ADS8688v2:inst3|FILTERS:\ADCDataFilter:3:ADC_Filter|IIR_SIMPLE:SIMPLEIIR|regne:OUTPUT_REG|output[15], ;
;                                                                                 ;                           ; ADS8688v2:inst3|FILTERS:\ADCDataFilter:3:ADC_Filter|IIR_SIMPLE:SIMPLEIIR|regne:OUTPUT_REG|output[14], ;
;                                                                                 ;                           ; ADS8688v2:inst3|FILTERS:\ADCDataFilter:3:ADC_Filter|IIR_SIMPLE:SIMPLEIIR|regne:OUTPUT_REG|output[13], ;
;                                                                                 ;                           ; ADS8688v2:inst3|FILTERS:\ADCDataFilter:3:ADC_Filter|IIR_SIMPLE:SIMPLEIIR|regne:OUTPUT_REG|output[12], ;
;                                                                                 ;                           ; ADS8688v2:inst3|FILTERS:\ADCDataFilter:3:ADC_Filter|IIR_SIMPLE:SIMPLEIIR|regne:OUTPUT_REG|output[11], ;
;                                                                                 ;                           ; ADS8688v2:inst3|FILTERS:\ADCDataFilter:3:ADC_Filter|IIR_SIMPLE:SIMPLEIIR|regne:OUTPUT_REG|output[10], ;
;                                                                                 ;                           ; ADS8688v2:inst3|FILTERS:\ADCDataFilter:3:ADC_Filter|IIR_SIMPLE:SIMPLEIIR|regne:OUTPUT_REG|output[9],  ;
;                                                                                 ;                           ; ADS8688v2:inst3|FILTERS:\ADCDataFilter:3:ADC_Filter|IIR_SIMPLE:SIMPLEIIR|regne:OUTPUT_REG|output[8],  ;
;                                                                                 ;                           ; ADS8688v2:inst3|FILTERS:\ADCDataFilter:3:ADC_Filter|IIR_SIMPLE:SIMPLEIIR|regne:OUTPUT_REG|output[7],  ;
;                                                                                 ;                           ; ADS8688v2:inst3|FILTERS:\ADCDataFilter:3:ADC_Filter|IIR_SIMPLE:SIMPLEIIR|regne:OUTPUT_REG|output[6],  ;
;                                                                                 ;                           ; ADS8688v2:inst3|FILTERS:\ADCDataFilter:3:ADC_Filter|IIR_SIMPLE:SIMPLEIIR|regne:OUTPUT_REG|output[5],  ;
;                                                                                 ;                           ; ADS8688v2:inst3|FILTERS:\ADCDataFilter:3:ADC_Filter|IIR_SIMPLE:SIMPLEIIR|regne:OUTPUT_REG|output[4],  ;
;                                                                                 ;                           ; ADS8688v2:inst3|FILTERS:\ADCDataFilter:3:ADC_Filter|IIR_SIMPLE:SIMPLEIIR|regne:OUTPUT_REG|output[3],  ;
;                                                                                 ;                           ; ADS8688v2:inst3|FILTERS:\ADCDataFilter:3:ADC_Filter|IIR_SIMPLE:SIMPLEIIR|regne:OUTPUT_REG|output[2],  ;
;                                                                                 ;                           ; ADS8688v2:inst3|FILTERS:\ADCDataFilter:3:ADC_Filter|IIR_SIMPLE:SIMPLEIIR|regne:OUTPUT_REG|output[1],  ;
;                                                                                 ;                           ; ADS8688v2:inst3|FILTERS:\ADCDataFilter:3:ADC_Filter|IIR_SIMPLE:SIMPLEIIR|regne:OUTPUT_REG|output[0],  ;
;                                                                                 ;                           ; ADS8688v2:inst3|FILTERS:\ADCDataFilter:3:ADC_Filter|iir_lpf:FULLIIR|yq[53],                           ;
;                                                                                 ;                           ; ADS8688v2:inst3|FILTERS:\ADCDataFilter:3:ADC_Filter|iir_lpf:FULLIIR|yq[52],                           ;
;                                                                                 ;                           ; ADS8688v2:inst3|FILTERS:\ADCDataFilter:3:ADC_Filter|iir_lpf:FULLIIR|yq[51],                           ;
;                                                                                 ;                           ; ADS8688v2:inst3|FILTERS:\ADCDataFilter:3:ADC_Filter|iir_lpf:FULLIIR|yq[50],                           ;
;                                                                                 ;                           ; ADS8688v2:inst3|FILTERS:\ADCDataFilter:3:ADC_Filter|iir_lpf:FULLIIR|yq[49],                           ;
;                                                                                 ;                           ; ADS8688v2:inst3|FILTERS:\ADCDataFilter:3:ADC_Filter|iir_lpf:FULLIIR|yq[47],                           ;
;                                                                                 ;                           ; ADS8688v2:inst3|FILTERS:\ADCDataFilter:3:ADC_Filter|iir_lpf:FULLIIR|yq[46],                           ;
;                                                                                 ;                           ; ADS8688v2:inst3|FILTERS:\ADCDataFilter:3:ADC_Filter|iir_lpf:FULLIIR|yq[45],                           ;
;                                                                                 ;                           ; ADS8688v2:inst3|FILTERS:\ADCDataFilter:3:ADC_Filter|iir_lpf:FULLIIR|yq[44],                           ;
;                                                                                 ;                           ; ADS8688v2:inst3|FILTERS:\ADCDataFilter:3:ADC_Filter|iir_lpf:FULLIIR|yq[43],                           ;
;                                                                                 ;                           ; ADS8688v2:inst3|FILTERS:\ADCDataFilter:3:ADC_Filter|iir_lpf:FULLIIR|yq[42],                           ;
;                                                                                 ;                           ; ADS8688v2:inst3|FILTERS:\ADCDataFilter:3:ADC_Filter|iir_lpf:FULLIIR|yq[41],                           ;
;                                                                                 ;                           ; ADS8688v2:inst3|FILTERS:\ADCDataFilter:3:ADC_Filter|iir_lpf:FULLIIR|yq[40],                           ;
;                                                                                 ;                           ; ADS8688v2:inst3|FILTERS:\ADCDataFilter:3:ADC_Filter|iir_lpf:FULLIIR|yq[39],                           ;
;                                                                                 ;                           ; ADS8688v2:inst3|FILTERS:\ADCDataFilter:3:ADC_Filter|iir_lpf:FULLIIR|yq[38],                           ;
;                                                                                 ;                           ; ADS8688v2:inst3|FILTERS:\ADCDataFilter:3:ADC_Filter|iir_lpf:FULLIIR|yq[37],                           ;
;                                                                                 ;                           ; ADS8688v2:inst3|FILTERS:\ADCDataFilter:3:ADC_Filter|iir_lpf:FULLIIR|yq[36],                           ;
;                                                                                 ;                           ; ADS8688v2:inst3|FILTERS:\ADCDataFilter:3:ADC_Filter|iir_lpf:FULLIIR|yq[35],                           ;
;                                                                                 ;                           ; ADS8688v2:inst3|FILTERS:\ADCDataFilter:3:ADC_Filter|iir_lpf:FULLIIR|yq[34],                           ;
;                                                                                 ;                           ; ADS8688v2:inst3|FILTERS:\ADCDataFilter:3:ADC_Filter|iir_lpf:FULLIIR|yq[33],                           ;
;                                                                                 ;                           ; ADS8688v2:inst3|FILTERS:\ADCDataFilter:3:ADC_Filter|iir_lpf:FULLIIR|yq[32],                           ;
;                                                                                 ;                           ; ADS8688v2:inst3|FILTERS:\ADCDataFilter:2:ADC_Filter|iir_lpf:FULLIIR_CHAIN|yq[53],                     ;
;                                                                                 ;                           ; ADS8688v2:inst3|FILTERS:\ADCDataFilter:2:ADC_Filter|iir_lpf:FULLIIR_CHAIN|yq[52],                     ;
;                                                                                 ;                           ; ADS8688v2:inst3|FILTERS:\ADCDataFilter:2:ADC_Filter|iir_lpf:FULLIIR_CHAIN|yq[51],                     ;
;                                                                                 ;                           ; ADS8688v2:inst3|FILTERS:\ADCDataFilter:2:ADC_Filter|iir_lpf:FULLIIR_CHAIN|yq[50],                     ;
;                                                                                 ;                           ; ADS8688v2:inst3|FILTERS:\ADCDataFilter:2:ADC_Filter|iir_lpf:FULLIIR_CHAIN|yq[49],                     ;
;                                                                                 ;                           ; ADS8688v2:inst3|FILTERS:\ADCDataFilter:2:ADC_Filter|iir_lpf:FULLIIR_CHAIN|yq[47],                     ;
;                                                                                 ;                           ; ADS8688v2:inst3|FILTERS:\ADCDataFilter:2:ADC_Filter|iir_lpf:FULLIIR_CHAIN|yq[46],                     ;
;                                                                                 ;                           ; ADS8688v2:inst3|FILTERS:\ADCDataFilter:2:ADC_Filter|iir_lpf:FULLIIR_CHAIN|yq[45],                     ;
;                                                                                 ;                           ; ADS8688v2:inst3|FILTERS:\ADCDataFilter:2:ADC_Filter|iir_lpf:FULLIIR_CHAIN|yq[44],                     ;
;                                                                                 ;                           ; ADS8688v2:inst3|FILTERS:\ADCDataFilter:2:ADC_Filter|iir_lpf:FULLIIR_CHAIN|yq[43],                     ;
;                                                                                 ;                           ; ADS8688v2:inst3|FILTERS:\ADCDataFilter:2:ADC_Filter|iir_lpf:FULLIIR_CHAIN|yq[42],                     ;
;                                                                                 ;                           ; ADS8688v2:inst3|FILTERS:\ADCDataFilter:2:ADC_Filter|iir_lpf:FULLIIR_CHAIN|yq[41],                     ;
;                                                                                 ;                           ; ADS8688v2:inst3|FILTERS:\ADCDataFilter:2:ADC_Filter|iir_lpf:FULLIIR_CHAIN|yq[40],                     ;
;                                                                                 ;                           ; ADS8688v2:inst3|FILTERS:\ADCDataFilter:2:ADC_Filter|iir_lpf:FULLIIR_CHAIN|yq[39],                     ;
;                                                                                 ;                           ; ADS8688v2:inst3|FILTERS:\ADCDataFilter:2:ADC_Filter|iir_lpf:FULLIIR_CHAIN|yq[38],                     ;
;                                                                                 ;                           ; ADS8688v2:inst3|FILTERS:\ADCDataFilter:2:ADC_Filter|iir_lpf:FULLIIR_CHAIN|yq[37],                     ;
;                                                                                 ;                           ; ADS8688v2:inst3|FILTERS:\ADCDataFilter:2:ADC_Filter|iir_lpf:FULLIIR_CHAIN|yq[36],                     ;
;                                                                                 ;                           ; ADS8688v2:inst3|FILTERS:\ADCDataFilter:2:ADC_Filter|iir_lpf:FULLIIR_CHAIN|yq[35],                     ;
;                                                                                 ;                           ; ADS8688v2:inst3|FILTERS:\ADCDataFilter:2:ADC_Filter|iir_lpf:FULLIIR_CHAIN|yq[34],                     ;
;                                                                                 ;                           ; ADS8688v2:inst3|FILTERS:\ADCDataFilter:2:ADC_Filter|iir_lpf:FULLIIR_CHAIN|yq[33],                     ;
;                                                                                 ;                           ; ADS8688v2:inst3|FILTERS:\ADCDataFilter:2:ADC_Filter|iir_lpf:FULLIIR_CHAIN|yq[32],                     ;
;                                                                                 ;                           ; ADS8688v2:inst3|FILTERS:\ADCDataFilter:2:ADC_Filter|IIR_SIMPLE:SIMPLEIIR|regne:OUTPUT_REG|output[15], ;
;                                                                                 ;                           ; ADS8688v2:inst3|FILTERS:\ADCDataFilter:2:ADC_Filter|IIR_SIMPLE:SIMPLEIIR|regne:OUTPUT_REG|output[14], ;
;                                                                                 ;                           ; ADS8688v2:inst3|FILTERS:\ADCDataFilter:2:ADC_Filter|IIR_SIMPLE:SIMPLEIIR|regne:OUTPUT_REG|output[13], ;
;                                                                                 ;                           ; ADS8688v2:inst3|FILTERS:\ADCDataFilter:2:ADC_Filter|IIR_SIMPLE:SIMPLEIIR|regne:OUTPUT_REG|output[12], ;
;                                                                                 ;                           ; ADS8688v2:inst3|FILTERS:\ADCDataFilter:2:ADC_Filter|IIR_SIMPLE:SIMPLEIIR|regne:OUTPUT_REG|output[11], ;
;                                                                                 ;                           ; ADS8688v2:inst3|FILTERS:\ADCDataFilter:2:ADC_Filter|IIR_SIMPLE:SIMPLEIIR|regne:OUTPUT_REG|output[10], ;
;                                                                                 ;                           ; ADS8688v2:inst3|FILTERS:\ADCDataFilter:2:ADC_Filter|IIR_SIMPLE:SIMPLEIIR|regne:OUTPUT_REG|output[9],  ;
;                                                                                 ;                           ; ADS8688v2:inst3|FILTERS:\ADCDataFilter:2:ADC_Filter|IIR_SIMPLE:SIMPLEIIR|regne:OUTPUT_REG|output[8],  ;
;                                                                                 ;                           ; ADS8688v2:inst3|FILTERS:\ADCDataFilter:2:ADC_Filter|IIR_SIMPLE:SIMPLEIIR|regne:OUTPUT_REG|output[7],  ;
;                                                                                 ;                           ; ADS8688v2:inst3|FILTERS:\ADCDataFilter:2:ADC_Filter|IIR_SIMPLE:SIMPLEIIR|regne:OUTPUT_REG|output[6],  ;
;                                                                                 ;                           ; ADS8688v2:inst3|FILTERS:\ADCDataFilter:2:ADC_Filter|IIR_SIMPLE:SIMPLEIIR|regne:OUTPUT_REG|output[5],  ;
;                                                                                 ;                           ; ADS8688v2:inst3|FILTERS:\ADCDataFilter:2:ADC_Filter|IIR_SIMPLE:SIMPLEIIR|regne:OUTPUT_REG|output[4],  ;
;                                                                                 ;                           ; ADS8688v2:inst3|FILTERS:\ADCDataFilter:2:ADC_Filter|IIR_SIMPLE:SIMPLEIIR|regne:OUTPUT_REG|output[3],  ;
;                                                                                 ;                           ; ADS8688v2:inst3|FILTERS:\ADCDataFilter:2:ADC_Filter|IIR_SIMPLE:SIMPLEIIR|regne:OUTPUT_REG|output[2],  ;
;                                                                                 ;                           ; ADS8688v2:inst3|FILTERS:\ADCDataFilter:2:ADC_Filter|IIR_SIMPLE:SIMPLEIIR|regne:OUTPUT_REG|output[1],  ;
;                                                                                 ;                           ; ADS8688v2:inst3|FILTERS:\ADCDataFilter:2:ADC_Filter|IIR_SIMPLE:SIMPLEIIR|regne:OUTPUT_REG|output[0],  ;
;                                                                                 ;                           ; ADS8688v2:inst3|FILTERS:\ADCDataFilter:2:ADC_Filter|iir_lpf:FULLIIR|yq[53],                           ;
;                                                                                 ;                           ; ADS8688v2:inst3|FILTERS:\ADCDataFilter:2:ADC_Filter|iir_lpf:FULLIIR|yq[52],                           ;
;                                                                                 ;                           ; ADS8688v2:inst3|FILTERS:\ADCDataFilter:2:ADC_Filter|iir_lpf:FULLIIR|yq[51],                           ;
;                                                                                 ;                           ; ADS8688v2:inst3|FILTERS:\ADCDataFilter:2:ADC_Filter|iir_lpf:FULLIIR|yq[50],                           ;
;                                                                                 ;                           ; ADS8688v2:inst3|FILTERS:\ADCDataFilter:2:ADC_Filter|iir_lpf:FULLIIR|yq[49],                           ;
;                                                                                 ;                           ; ADS8688v2:inst3|FILTERS:\ADCDataFilter:2:ADC_Filter|iir_lpf:FULLIIR|yq[47],                           ;
;                                                                                 ;                           ; ADS8688v2:inst3|FILTERS:\ADCDataFilter:2:ADC_Filter|iir_lpf:FULLIIR|yq[46],                           ;
;                                                                                 ;                           ; ADS8688v2:inst3|FILTERS:\ADCDataFilter:2:ADC_Filter|iir_lpf:FULLIIR|yq[45],                           ;
;                                                                                 ;                           ; ADS8688v2:inst3|FILTERS:\ADCDataFilter:2:ADC_Filter|iir_lpf:FULLIIR|yq[44],                           ;
;                                                                                 ;                           ; ADS8688v2:inst3|FILTERS:\ADCDataFilter:2:ADC_Filter|iir_lpf:FULLIIR|yq[43],                           ;
;                                                                                 ;                           ; ADS8688v2:inst3|FILTERS:\ADCDataFilter:2:ADC_Filter|iir_lpf:FULLIIR|yq[42],                           ;
;                                                                                 ;                           ; ADS8688v2:inst3|FILTERS:\ADCDataFilter:2:ADC_Filter|iir_lpf:FULLIIR|yq[41],                           ;
;                                                                                 ;                           ; ADS8688v2:inst3|FILTERS:\ADCDataFilter:2:ADC_Filter|iir_lpf:FULLIIR|yq[40],                           ;
;                                                                                 ;                           ; ADS8688v2:inst3|FILTERS:\ADCDataFilter:2:ADC_Filter|iir_lpf:FULLIIR|yq[39],                           ;
;                                                                                 ;                           ; ADS8688v2:inst3|FILTERS:\ADCDataFilter:2:ADC_Filter|iir_lpf:FULLIIR|yq[38],                           ;
;                                                                                 ;                           ; ADS8688v2:inst3|FILTERS:\ADCDataFilter:2:ADC_Filter|iir_lpf:FULLIIR|yq[37],                           ;
;                                                                                 ;                           ; ADS8688v2:inst3|FILTERS:\ADCDataFilter:2:ADC_Filter|iir_lpf:FULLIIR|yq[36],                           ;
;                                                                                 ;                           ; ADS8688v2:inst3|FILTERS:\ADCDataFilter:2:ADC_Filter|iir_lpf:FULLIIR|yq[35],                           ;
;                                                                                 ;                           ; ADS8688v2:inst3|FILTERS:\ADCDataFilter:2:ADC_Filter|iir_lpf:FULLIIR|yq[34],                           ;
;                                                                                 ;                           ; ADS8688v2:inst3|FILTERS:\ADCDataFilter:2:ADC_Filter|iir_lpf:FULLIIR|yq[33],                           ;
;                                                                                 ;                           ; ADS8688v2:inst3|FILTERS:\ADCDataFilter:2:ADC_Filter|iir_lpf:FULLIIR|yq[32],                           ;
;                                                                                 ;                           ; ADS8688v2:inst3|FILTERS:\ADCDataFilter:1:ADC_Filter|iir_lpf:FULLIIR_CHAIN|yq[53],                     ;
;                                                                                 ;                           ; ADS8688v2:inst3|FILTERS:\ADCDataFilter:1:ADC_Filter|iir_lpf:FULLIIR_CHAIN|yq[52],                     ;
;                                                                                 ;                           ; ADS8688v2:inst3|FILTERS:\ADCDataFilter:1:ADC_Filter|iir_lpf:FULLIIR_CHAIN|yq[51],                     ;
;                                                                                 ;                           ; ADS8688v2:inst3|FILTERS:\ADCDataFilter:1:ADC_Filter|iir_lpf:FULLIIR_CHAIN|yq[50],                     ;
;                                                                                 ;                           ; ADS8688v2:inst3|FILTERS:\ADCDataFilter:1:ADC_Filter|iir_lpf:FULLIIR_CHAIN|yq[49],                     ;
;                                                                                 ;                           ; ADS8688v2:inst3|FILTERS:\ADCDataFilter:1:ADC_Filter|iir_lpf:FULLIIR_CHAIN|yq[47],                     ;
;                                                                                 ;                           ; ADS8688v2:inst3|FILTERS:\ADCDataFilter:1:ADC_Filter|iir_lpf:FULLIIR_CHAIN|yq[46],                     ;
;                                                                                 ;                           ; ADS8688v2:inst3|FILTERS:\ADCDataFilter:1:ADC_Filter|iir_lpf:FULLIIR_CHAIN|yq[45],                     ;
;                                                                                 ;                           ; ADS8688v2:inst3|FILTERS:\ADCDataFilter:1:ADC_Filter|iir_lpf:FULLIIR_CHAIN|yq[44],                     ;
;                                                                                 ;                           ; ADS8688v2:inst3|FILTERS:\ADCDataFilter:1:ADC_Filter|iir_lpf:FULLIIR_CHAIN|yq[43],                     ;
;                                                                                 ;                           ; ADS8688v2:inst3|FILTERS:\ADCDataFilter:1:ADC_Filter|iir_lpf:FULLIIR_CHAIN|yq[42],                     ;
;                                                                                 ;                           ; ADS8688v2:inst3|FILTERS:\ADCDataFilter:1:ADC_Filter|iir_lpf:FULLIIR_CHAIN|yq[41],                     ;
;                                                                                 ;                           ; ADS8688v2:inst3|FILTERS:\ADCDataFilter:1:ADC_Filter|iir_lpf:FULLIIR_CHAIN|yq[40],                     ;
;                                                                                 ;                           ; ADS8688v2:inst3|FILTERS:\ADCDataFilter:1:ADC_Filter|iir_lpf:FULLIIR_CHAIN|yq[39],                     ;
;                                                                                 ;                           ; ADS8688v2:inst3|FILTERS:\ADCDataFilter:1:ADC_Filter|iir_lpf:FULLIIR_CHAIN|yq[38],                     ;
;                                                                                 ;                           ; ADS8688v2:inst3|FILTERS:\ADCDataFilter:1:ADC_Filter|iir_lpf:FULLIIR_CHAIN|yq[37],                     ;
;                                                                                 ;                           ; ADS8688v2:inst3|FILTERS:\ADCDataFilter:1:ADC_Filter|iir_lpf:FULLIIR_CHAIN|yq[36],                     ;
;                                                                                 ;                           ; ADS8688v2:inst3|FILTERS:\ADCDataFilter:1:ADC_Filter|iir_lpf:FULLIIR_CHAIN|yq[35],                     ;
;                                                                                 ;                           ; ADS8688v2:inst3|FILTERS:\ADCDataFilter:1:ADC_Filter|iir_lpf:FULLIIR_CHAIN|yq[34],                     ;
;                                                                                 ;                           ; ADS8688v2:inst3|FILTERS:\ADCDataFilter:1:ADC_Filter|iir_lpf:FULLIIR_CHAIN|yq[33],                     ;
;                                                                                 ;                           ; ADS8688v2:inst3|FILTERS:\ADCDataFilter:1:ADC_Filter|iir_lpf:FULLIIR_CHAIN|yq[32],                     ;
;                                                                                 ;                           ; ADS8688v2:inst3|FILTERS:\ADCDataFilter:1:ADC_Filter|IIR_SIMPLE:SIMPLEIIR|regne:OUTPUT_REG|output[15], ;
;                                                                                 ;                           ; ADS8688v2:inst3|FILTERS:\ADCDataFilter:1:ADC_Filter|IIR_SIMPLE:SIMPLEIIR|regne:OUTPUT_REG|output[14], ;
;                                                                                 ;                           ; ADS8688v2:inst3|FILTERS:\ADCDataFilter:1:ADC_Filter|IIR_SIMPLE:SIMPLEIIR|regne:OUTPUT_REG|output[13], ;
;                                                                                 ;                           ; ADS8688v2:inst3|FILTERS:\ADCDataFilter:1:ADC_Filter|IIR_SIMPLE:SIMPLEIIR|regne:OUTPUT_REG|output[12], ;
;                                                                                 ;                           ; ADS8688v2:inst3|FILTERS:\ADCDataFilter:1:ADC_Filter|IIR_SIMPLE:SIMPLEIIR|regne:OUTPUT_REG|output[11], ;
;                                                                                 ;                           ; ADS8688v2:inst3|FILTERS:\ADCDataFilter:1:ADC_Filter|IIR_SIMPLE:SIMPLEIIR|regne:OUTPUT_REG|output[10], ;
;                                                                                 ;                           ; ADS8688v2:inst3|FILTERS:\ADCDataFilter:1:ADC_Filter|IIR_SIMPLE:SIMPLEIIR|regne:OUTPUT_REG|output[9],  ;
;                                                                                 ;                           ; ADS8688v2:inst3|FILTERS:\ADCDataFilter:1:ADC_Filter|IIR_SIMPLE:SIMPLEIIR|regne:OUTPUT_REG|output[8],  ;
;                                                                                 ;                           ; ADS8688v2:inst3|FILTERS:\ADCDataFilter:1:ADC_Filter|IIR_SIMPLE:SIMPLEIIR|regne:OUTPUT_REG|output[7],  ;
;                                                                                 ;                           ; ADS8688v2:inst3|FILTERS:\ADCDataFilter:1:ADC_Filter|IIR_SIMPLE:SIMPLEIIR|regne:OUTPUT_REG|output[6],  ;
;                                                                                 ;                           ; ADS8688v2:inst3|FILTERS:\ADCDataFilter:1:ADC_Filter|IIR_SIMPLE:SIMPLEIIR|regne:OUTPUT_REG|output[5],  ;
;                                                                                 ;                           ; ADS8688v2:inst3|FILTERS:\ADCDataFilter:1:ADC_Filter|IIR_SIMPLE:SIMPLEIIR|regne:OUTPUT_REG|output[4],  ;
;                                                                                 ;                           ; ADS8688v2:inst3|FILTERS:\ADCDataFilter:1:ADC_Filter|IIR_SIMPLE:SIMPLEIIR|regne:OUTPUT_REG|output[3],  ;
;                                                                                 ;                           ; ADS8688v2:inst3|FILTERS:\ADCDataFilter:1:ADC_Filter|IIR_SIMPLE:SIMPLEIIR|regne:OUTPUT_REG|output[2],  ;
;                                                                                 ;                           ; ADS8688v2:inst3|FILTERS:\ADCDataFilter:1:ADC_Filter|IIR_SIMPLE:SIMPLEIIR|regne:OUTPUT_REG|output[1],  ;
;                                                                                 ;                           ; ADS8688v2:inst3|FILTERS:\ADCDataFilter:1:ADC_Filter|IIR_SIMPLE:SIMPLEIIR|regne:OUTPUT_REG|output[0],  ;
;                                                                                 ;                           ; ADS8688v2:inst3|FILTERS:\ADCDataFilter:1:ADC_Filter|iir_lpf:FULLIIR|yq[53],                           ;
;                                                                                 ;                           ; ADS8688v2:inst3|FILTERS:\ADCDataFilter:1:ADC_Filter|iir_lpf:FULLIIR|yq[52],                           ;
;                                                                                 ;                           ; ADS8688v2:inst3|FILTERS:\ADCDataFilter:1:ADC_Filter|iir_lpf:FULLIIR|yq[51],                           ;
;                                                                                 ;                           ; ADS8688v2:inst3|FILTERS:\ADCDataFilter:1:ADC_Filter|iir_lpf:FULLIIR|yq[50],                           ;
;                                                                                 ;                           ; ADS8688v2:inst3|FILTERS:\ADCDataFilter:1:ADC_Filter|iir_lpf:FULLIIR|yq[49],                           ;
;                                                                                 ;                           ; ADS8688v2:inst3|FILTERS:\ADCDataFilter:1:ADC_Filter|iir_lpf:FULLIIR|yq[47],                           ;
;                                                                                 ;                           ; ADS8688v2:inst3|FILTERS:\ADCDataFilter:1:ADC_Filter|iir_lpf:FULLIIR|yq[46],                           ;
;                                                                                 ;                           ; ADS8688v2:inst3|FILTERS:\ADCDataFilter:1:ADC_Filter|iir_lpf:FULLIIR|yq[45],                           ;
;                                                                                 ;                           ; ADS8688v2:inst3|FILTERS:\ADCDataFilter:1:ADC_Filter|iir_lpf:FULLIIR|yq[44],                           ;
;                                                                                 ;                           ; ADS8688v2:inst3|FILTERS:\ADCDataFilter:1:ADC_Filter|iir_lpf:FULLIIR|yq[43],                           ;
;                                                                                 ;                           ; ADS8688v2:inst3|FILTERS:\ADCDataFilter:1:ADC_Filter|iir_lpf:FULLIIR|yq[42],                           ;
;                                                                                 ;                           ; ADS8688v2:inst3|FILTERS:\ADCDataFilter:1:ADC_Filter|iir_lpf:FULLIIR|yq[41],                           ;
;                                                                                 ;                           ; ADS8688v2:inst3|FILTERS:\ADCDataFilter:1:ADC_Filter|iir_lpf:FULLIIR|yq[40],                           ;
;                                                                                 ;                           ; ADS8688v2:inst3|FILTERS:\ADCDataFilter:1:ADC_Filter|iir_lpf:FULLIIR|yq[39],                           ;
;                                                                                 ;                           ; ADS8688v2:inst3|FILTERS:\ADCDataFilter:1:ADC_Filter|iir_lpf:FULLIIR|yq[38],                           ;
;                                                                                 ;                           ; ADS8688v2:inst3|FILTERS:\ADCDataFilter:1:ADC_Filter|iir_lpf:FULLIIR|yq[37],                           ;
;                                                                                 ;                           ; ADS8688v2:inst3|FILTERS:\ADCDataFilter:1:ADC_Filter|iir_lpf:FULLIIR|yq[36],                           ;
;                                                                                 ;                           ; ADS8688v2:inst3|FILTERS:\ADCDataFilter:1:ADC_Filter|iir_lpf:FULLIIR|yq[35],                           ;
;                                                                                 ;                           ; ADS8688v2:inst3|FILTERS:\ADCDataFilter:1:ADC_Filter|iir_lpf:FULLIIR|yq[34],                           ;
;                                                                                 ;                           ; ADS8688v2:inst3|FILTERS:\ADCDataFilter:1:ADC_Filter|iir_lpf:FULLIIR|yq[33],                           ;
;                                                                                 ;                           ; ADS8688v2:inst3|FILTERS:\ADCDataFilter:1:ADC_Filter|iir_lpf:FULLIIR|yq[32],                           ;
;                                                                                 ;                           ; ADS8688v2:inst3|FILTERS:\ADCDataFilter:0:ADC_Filter|iir_lpf:FULLIIR_CHAIN|yq[53],                     ;
;                                                                                 ;                           ; ADS8688v2:inst3|FILTERS:\ADCDataFilter:0:ADC_Filter|iir_lpf:FULLIIR_CHAIN|yq[52],                     ;
;                                                                                 ;                           ; ADS8688v2:inst3|FILTERS:\ADCDataFilter:0:ADC_Filter|iir_lpf:FULLIIR_CHAIN|yq[51],                     ;
;                                                                                 ;                           ; ADS8688v2:inst3|FILTERS:\ADCDataFilter:0:ADC_Filter|iir_lpf:FULLIIR_CHAIN|yq[50],                     ;
;                                                                                 ;                           ; ADS8688v2:inst3|FILTERS:\ADCDataFilter:0:ADC_Filter|iir_lpf:FULLIIR_CHAIN|yq[49],                     ;
;                                                                                 ;                           ; ADS8688v2:inst3|FILTERS:\ADCDataFilter:0:ADC_Filter|iir_lpf:FULLIIR_CHAIN|yq[47],                     ;
;                                                                                 ;                           ; ADS8688v2:inst3|FILTERS:\ADCDataFilter:0:ADC_Filter|iir_lpf:FULLIIR_CHAIN|yq[46],                     ;
;                                                                                 ;                           ; ADS8688v2:inst3|FILTERS:\ADCDataFilter:0:ADC_Filter|iir_lpf:FULLIIR_CHAIN|yq[45],                     ;
;                                                                                 ;                           ; ADS8688v2:inst3|FILTERS:\ADCDataFilter:0:ADC_Filter|iir_lpf:FULLIIR_CHAIN|yq[44],                     ;
;                                                                                 ;                           ; ADS8688v2:inst3|FILTERS:\ADCDataFilter:0:ADC_Filter|iir_lpf:FULLIIR_CHAIN|yq[43],                     ;
;                                                                                 ;                           ; ADS8688v2:inst3|FILTERS:\ADCDataFilter:0:ADC_Filter|iir_lpf:FULLIIR_CHAIN|yq[42],                     ;
;                                                                                 ;                           ; ADS8688v2:inst3|FILTERS:\ADCDataFilter:0:ADC_Filter|iir_lpf:FULLIIR_CHAIN|yq[41],                     ;
;                                                                                 ;                           ; ADS8688v2:inst3|FILTERS:\ADCDataFilter:0:ADC_Filter|iir_lpf:FULLIIR_CHAIN|yq[40],                     ;
;                                                                                 ;                           ; ADS8688v2:inst3|FILTERS:\ADCDataFilter:0:ADC_Filter|iir_lpf:FULLIIR_CHAIN|yq[39],                     ;
;                                                                                 ;                           ; ADS8688v2:inst3|FILTERS:\ADCDataFilter:0:ADC_Filter|iir_lpf:FULLIIR_CHAIN|yq[38],                     ;
;                                                                                 ;                           ; ADS8688v2:inst3|FILTERS:\ADCDataFilter:0:ADC_Filter|iir_lpf:FULLIIR_CHAIN|yq[37],                     ;
;                                                                                 ;                           ; ADS8688v2:inst3|FILTERS:\ADCDataFilter:0:ADC_Filter|iir_lpf:FULLIIR_CHAIN|yq[36],                     ;
;                                                                                 ;                           ; ADS8688v2:inst3|FILTERS:\ADCDataFilter:0:ADC_Filter|iir_lpf:FULLIIR_CHAIN|yq[35],                     ;
;                                                                                 ;                           ; ADS8688v2:inst3|FILTERS:\ADCDataFilter:0:ADC_Filter|iir_lpf:FULLIIR_CHAIN|yq[34],                     ;
;                                                                                 ;                           ; ADS8688v2:inst3|FILTERS:\ADCDataFilter:0:ADC_Filter|iir_lpf:FULLIIR_CHAIN|yq[33],                     ;
;                                                                                 ;                           ; ADS8688v2:inst3|FILTERS:\ADCDataFilter:0:ADC_Filter|iir_lpf:FULLIIR_CHAIN|yq[32],                     ;
;                                                                                 ;                           ; ADS8688v2:inst3|FILTERS:\ADCDataFilter:0:ADC_Filter|IIR_SIMPLE:SIMPLEIIR|regne:OUTPUT_REG|output[15], ;
;                                                                                 ;                           ; ADS8688v2:inst3|FILTERS:\ADCDataFilter:0:ADC_Filter|IIR_SIMPLE:SIMPLEIIR|regne:OUTPUT_REG|output[14], ;
;                                                                                 ;                           ; ADS8688v2:inst3|FILTERS:\ADCDataFilter:0:ADC_Filter|IIR_SIMPLE:SIMPLEIIR|regne:OUTPUT_REG|output[13], ;
;                                                                                 ;                           ; ADS8688v2:inst3|FILTERS:\ADCDataFilter:0:ADC_Filter|IIR_SIMPLE:SIMPLEIIR|regne:OUTPUT_REG|output[12], ;
;                                                                                 ;                           ; ADS8688v2:inst3|FILTERS:\ADCDataFilter:0:ADC_Filter|IIR_SIMPLE:SIMPLEIIR|regne:OUTPUT_REG|output[11], ;
;                                                                                 ;                           ; ADS8688v2:inst3|FILTERS:\ADCDataFilter:0:ADC_Filter|IIR_SIMPLE:SIMPLEIIR|regne:OUTPUT_REG|output[10], ;
;                                                                                 ;                           ; ADS8688v2:inst3|FILTERS:\ADCDataFilter:0:ADC_Filter|IIR_SIMPLE:SIMPLEIIR|regne:OUTPUT_REG|output[9],  ;
;                                                                                 ;                           ; ADS8688v2:inst3|FILTERS:\ADCDataFilter:0:ADC_Filter|IIR_SIMPLE:SIMPLEIIR|regne:OUTPUT_REG|output[8],  ;
;                                                                                 ;                           ; ADS8688v2:inst3|FILTERS:\ADCDataFilter:0:ADC_Filter|IIR_SIMPLE:SIMPLEIIR|regne:OUTPUT_REG|output[7],  ;
;                                                                                 ;                           ; ADS8688v2:inst3|FILTERS:\ADCDataFilter:0:ADC_Filter|IIR_SIMPLE:SIMPLEIIR|regne:OUTPUT_REG|output[6],  ;
;                                                                                 ;                           ; ADS8688v2:inst3|FILTERS:\ADCDataFilter:0:ADC_Filter|IIR_SIMPLE:SIMPLEIIR|regne:OUTPUT_REG|output[5],  ;
;                                                                                 ;                           ; ADS8688v2:inst3|FILTERS:\ADCDataFilter:0:ADC_Filter|IIR_SIMPLE:SIMPLEIIR|regne:OUTPUT_REG|output[4],  ;
;                                                                                 ;                           ; ADS8688v2:inst3|FILTERS:\ADCDataFilter:0:ADC_Filter|IIR_SIMPLE:SIMPLEIIR|regne:OUTPUT_REG|output[3],  ;
;                                                                                 ;                           ; ADS8688v2:inst3|FILTERS:\ADCDataFilter:0:ADC_Filter|IIR_SIMPLE:SIMPLEIIR|regne:OUTPUT_REG|output[2],  ;
;                                                                                 ;                           ; ADS8688v2:inst3|FILTERS:\ADCDataFilter:0:ADC_Filter|IIR_SIMPLE:SIMPLEIIR|regne:OUTPUT_REG|output[1],  ;
;                                                                                 ;                           ; ADS8688v2:inst3|FILTERS:\ADCDataFilter:0:ADC_Filter|IIR_SIMPLE:SIMPLEIIR|regne:OUTPUT_REG|output[0],  ;
;                                                                                 ;                           ; ADS8688v2:inst3|FILTERS:\ADCDataFilter:0:ADC_Filter|iir_lpf:FULLIIR|yq[53],                           ;
;                                                                                 ;                           ; ADS8688v2:inst3|FILTERS:\ADCDataFilter:0:ADC_Filter|iir_lpf:FULLIIR|yq[52],                           ;
;                                                                                 ;                           ; ADS8688v2:inst3|FILTERS:\ADCDataFilter:0:ADC_Filter|iir_lpf:FULLIIR|yq[51],                           ;
;                                                                                 ;                           ; ADS8688v2:inst3|FILTERS:\ADCDataFilter:0:ADC_Filter|iir_lpf:FULLIIR|yq[50],                           ;
;                                                                                 ;                           ; ADS8688v2:inst3|FILTERS:\ADCDataFilter:0:ADC_Filter|iir_lpf:FULLIIR|yq[49],                           ;
;                                                                                 ;                           ; ADS8688v2:inst3|FILTERS:\ADCDataFilter:0:ADC_Filter|iir_lpf:FULLIIR|yq[47],                           ;
;                                                                                 ;                           ; ADS8688v2:inst3|FILTERS:\ADCDataFilter:0:ADC_Filter|iir_lpf:FULLIIR|yq[46],                           ;
;                                                                                 ;                           ; ADS8688v2:inst3|FILTERS:\ADCDataFilter:0:ADC_Filter|iir_lpf:FULLIIR|yq[45],                           ;
;                                                                                 ;                           ; ADS8688v2:inst3|FILTERS:\ADCDataFilter:0:ADC_Filter|iir_lpf:FULLIIR|yq[44],                           ;
;                                                                                 ;                           ; ADS8688v2:inst3|FILTERS:\ADCDataFilter:0:ADC_Filter|iir_lpf:FULLIIR|yq[43],                           ;
;                                                                                 ;                           ; ADS8688v2:inst3|FILTERS:\ADCDataFilter:0:ADC_Filter|iir_lpf:FULLIIR|yq[42],                           ;
;                                                                                 ;                           ; ADS8688v2:inst3|FILTERS:\ADCDataFilter:0:ADC_Filter|iir_lpf:FULLIIR|yq[41],                           ;
;                                                                                 ;                           ; ADS8688v2:inst3|FILTERS:\ADCDataFilter:0:ADC_Filter|iir_lpf:FULLIIR|yq[40],                           ;
;                                                                                 ;                           ; ADS8688v2:inst3|FILTERS:\ADCDataFilter:0:ADC_Filter|iir_lpf:FULLIIR|yq[39],                           ;
;                                                                                 ;                           ; ADS8688v2:inst3|FILTERS:\ADCDataFilter:0:ADC_Filter|iir_lpf:FULLIIR|yq[38],                           ;
;                                                                                 ;                           ; ADS8688v2:inst3|FILTERS:\ADCDataFilter:0:ADC_Filter|iir_lpf:FULLIIR|yq[37],                           ;
;                                                                                 ;                           ; ADS8688v2:inst3|FILTERS:\ADCDataFilter:0:ADC_Filter|iir_lpf:FULLIIR|yq[36],                           ;
;                                                                                 ;                           ; ADS8688v2:inst3|FILTERS:\ADCDataFilter:0:ADC_Filter|iir_lpf:FULLIIR|yq[35],                           ;
;                                                                                 ;                           ; ADS8688v2:inst3|FILTERS:\ADCDataFilter:0:ADC_Filter|iir_lpf:FULLIIR|yq[34],                           ;
;                                                                                 ;                           ; ADS8688v2:inst3|FILTERS:\ADCDataFilter:0:ADC_Filter|iir_lpf:FULLIIR|yq[33],                           ;
;                                                                                 ;                           ; ADS8688v2:inst3|FILTERS:\ADCDataFilter:0:ADC_Filter|iir_lpf:FULLIIR|yq[32]                            ;
; ADS8688v2:inst3|FILTERS:\ADCDataFilter:7:ADC_Filter|iir_lpf:FULLIIR_CHAIN|v2[4] ; Lost Fanouts              ; ADS8688v2:inst3|FILTERS:\ADCDataFilter:7:ADC_Filter|iir_lpf:FULLIIR_CHAIN|strobe_pulse[1],            ;
;                                                                                 ;                           ; ADS8688v2:inst3|FILTERS:\ADCDataFilter:7:ADC_Filter|iir_lpf:FULLIIR_CHAIN|strobe_pulse[0],            ;
;                                                                                 ;                           ; ADS8688v2:inst3|FILTERS:\ADCDataFilter:7:ADC_Filter|iir_lpf:FULLIIR_CHAIN|a2y[49],                    ;
;                                                                                 ;                           ; ADS8688v2:inst3|FILTERS:\ADCDataFilter:7:ADC_Filter|iir_lpf:FULLIIR_CHAIN|a2y[50],                    ;
;                                                                                 ;                           ; ADS8688v2:inst3|FILTERS:\ADCDataFilter:7:ADC_Filter|iir_lpf:FULLIIR_CHAIN|a2y[51],                    ;
;                                                                                 ;                           ; ADS8688v2:inst3|FILTERS:\ADCDataFilter:7:ADC_Filter|iir_lpf:FULLIIR_CHAIN|a2y[52],                    ;
;                                                                                 ;                           ; ADS8688v2:inst3|FILTERS:\ADCDataFilter:7:ADC_Filter|iir_lpf:FULLIIR_CHAIN|a2y[53]                     ;
; ADS8688v2:inst3|FILTERS:\ADCDataFilter:7:ADC_Filter|iir_lpf:FULLIIR|v2[4]       ; Lost Fanouts              ; ADS8688v2:inst3|FILTERS:\ADCDataFilter:7:ADC_Filter|iir_lpf:FULLIIR|strobe_pulse[1],                  ;
;                                                                                 ;                           ; ADS8688v2:inst3|FILTERS:\ADCDataFilter:7:ADC_Filter|iir_lpf:FULLIIR|strobe_pulse[0],                  ;
;                                                                                 ;                           ; ADS8688v2:inst3|FILTERS:\ADCDataFilter:7:ADC_Filter|iir_lpf:FULLIIR|a2y[49],                          ;
;                                                                                 ;                           ; ADS8688v2:inst3|FILTERS:\ADCDataFilter:7:ADC_Filter|iir_lpf:FULLIIR|a2y[50],                          ;
;                                                                                 ;                           ; ADS8688v2:inst3|FILTERS:\ADCDataFilter:7:ADC_Filter|iir_lpf:FULLIIR|a2y[51],                          ;
;                                                                                 ;                           ; ADS8688v2:inst3|FILTERS:\ADCDataFilter:7:ADC_Filter|iir_lpf:FULLIIR|a2y[52],                          ;
;                                                                                 ;                           ; ADS8688v2:inst3|FILTERS:\ADCDataFilter:7:ADC_Filter|iir_lpf:FULLIIR|a2y[53]                           ;
; ADS8688v2:inst3|FILTERS:\ADCDataFilter:6:ADC_Filter|iir_lpf:FULLIIR_CHAIN|v2[4] ; Lost Fanouts              ; ADS8688v2:inst3|FILTERS:\ADCDataFilter:6:ADC_Filter|iir_lpf:FULLIIR_CHAIN|strobe_pulse[1],            ;
;                                                                                 ;                           ; ADS8688v2:inst3|FILTERS:\ADCDataFilter:6:ADC_Filter|iir_lpf:FULLIIR_CHAIN|strobe_pulse[0],            ;
;                                                                                 ;                           ; ADS8688v2:inst3|FILTERS:\ADCDataFilter:6:ADC_Filter|iir_lpf:FULLIIR_CHAIN|a2y[49],                    ;
;                                                                                 ;                           ; ADS8688v2:inst3|FILTERS:\ADCDataFilter:6:ADC_Filter|iir_lpf:FULLIIR_CHAIN|a2y[50],                    ;
;                                                                                 ;                           ; ADS8688v2:inst3|FILTERS:\ADCDataFilter:6:ADC_Filter|iir_lpf:FULLIIR_CHAIN|a2y[51],                    ;
;                                                                                 ;                           ; ADS8688v2:inst3|FILTERS:\ADCDataFilter:6:ADC_Filter|iir_lpf:FULLIIR_CHAIN|a2y[52],                    ;
;                                                                                 ;                           ; ADS8688v2:inst3|FILTERS:\ADCDataFilter:6:ADC_Filter|iir_lpf:FULLIIR_CHAIN|a2y[53]                     ;
; ADS8688v2:inst3|FILTERS:\ADCDataFilter:6:ADC_Filter|iir_lpf:FULLIIR|v2[4]       ; Lost Fanouts              ; ADS8688v2:inst3|FILTERS:\ADCDataFilter:6:ADC_Filter|iir_lpf:FULLIIR|strobe_pulse[1],                  ;
;                                                                                 ;                           ; ADS8688v2:inst3|FILTERS:\ADCDataFilter:6:ADC_Filter|iir_lpf:FULLIIR|strobe_pulse[0],                  ;
;                                                                                 ;                           ; ADS8688v2:inst3|FILTERS:\ADCDataFilter:6:ADC_Filter|iir_lpf:FULLIIR|a2y[49],                          ;
;                                                                                 ;                           ; ADS8688v2:inst3|FILTERS:\ADCDataFilter:6:ADC_Filter|iir_lpf:FULLIIR|a2y[50],                          ;
;                                                                                 ;                           ; ADS8688v2:inst3|FILTERS:\ADCDataFilter:6:ADC_Filter|iir_lpf:FULLIIR|a2y[51],                          ;
;                                                                                 ;                           ; ADS8688v2:inst3|FILTERS:\ADCDataFilter:6:ADC_Filter|iir_lpf:FULLIIR|a2y[52],                          ;
;                                                                                 ;                           ; ADS8688v2:inst3|FILTERS:\ADCDataFilter:6:ADC_Filter|iir_lpf:FULLIIR|a2y[53]                           ;
; ADS8688v2:inst3|FILTERS:\ADCDataFilter:5:ADC_Filter|iir_lpf:FULLIIR_CHAIN|v2[4] ; Lost Fanouts              ; ADS8688v2:inst3|FILTERS:\ADCDataFilter:5:ADC_Filter|iir_lpf:FULLIIR_CHAIN|strobe_pulse[1],            ;
;                                                                                 ;                           ; ADS8688v2:inst3|FILTERS:\ADCDataFilter:5:ADC_Filter|iir_lpf:FULLIIR_CHAIN|strobe_pulse[0],            ;
;                                                                                 ;                           ; ADS8688v2:inst3|FILTERS:\ADCDataFilter:5:ADC_Filter|iir_lpf:FULLIIR_CHAIN|a2y[49],                    ;
;                                                                                 ;                           ; ADS8688v2:inst3|FILTERS:\ADCDataFilter:5:ADC_Filter|iir_lpf:FULLIIR_CHAIN|a2y[50],                    ;
;                                                                                 ;                           ; ADS8688v2:inst3|FILTERS:\ADCDataFilter:5:ADC_Filter|iir_lpf:FULLIIR_CHAIN|a2y[51],                    ;
;                                                                                 ;                           ; ADS8688v2:inst3|FILTERS:\ADCDataFilter:5:ADC_Filter|iir_lpf:FULLIIR_CHAIN|a2y[52],                    ;
;                                                                                 ;                           ; ADS8688v2:inst3|FILTERS:\ADCDataFilter:5:ADC_Filter|iir_lpf:FULLIIR_CHAIN|a2y[53]                     ;
; ADS8688v2:inst3|FILTERS:\ADCDataFilter:5:ADC_Filter|iir_lpf:FULLIIR|v2[4]       ; Lost Fanouts              ; ADS8688v2:inst3|FILTERS:\ADCDataFilter:5:ADC_Filter|iir_lpf:FULLIIR|strobe_pulse[1],                  ;
;                                                                                 ;                           ; ADS8688v2:inst3|FILTERS:\ADCDataFilter:5:ADC_Filter|iir_lpf:FULLIIR|strobe_pulse[0],                  ;
;                                                                                 ;                           ; ADS8688v2:inst3|FILTERS:\ADCDataFilter:5:ADC_Filter|iir_lpf:FULLIIR|a2y[49],                          ;
;                                                                                 ;                           ; ADS8688v2:inst3|FILTERS:\ADCDataFilter:5:ADC_Filter|iir_lpf:FULLIIR|a2y[50],                          ;
;                                                                                 ;                           ; ADS8688v2:inst3|FILTERS:\ADCDataFilter:5:ADC_Filter|iir_lpf:FULLIIR|a2y[51],                          ;
;                                                                                 ;                           ; ADS8688v2:inst3|FILTERS:\ADCDataFilter:5:ADC_Filter|iir_lpf:FULLIIR|a2y[52],                          ;
;                                                                                 ;                           ; ADS8688v2:inst3|FILTERS:\ADCDataFilter:5:ADC_Filter|iir_lpf:FULLIIR|a2y[53]                           ;
; ADS8688v2:inst3|FILTERS:\ADCDataFilter:4:ADC_Filter|iir_lpf:FULLIIR_CHAIN|v2[4] ; Lost Fanouts              ; ADS8688v2:inst3|FILTERS:\ADCDataFilter:4:ADC_Filter|iir_lpf:FULLIIR_CHAIN|strobe_pulse[1],            ;
;                                                                                 ;                           ; ADS8688v2:inst3|FILTERS:\ADCDataFilter:4:ADC_Filter|iir_lpf:FULLIIR_CHAIN|strobe_pulse[0],            ;
;                                                                                 ;                           ; ADS8688v2:inst3|FILTERS:\ADCDataFilter:4:ADC_Filter|iir_lpf:FULLIIR_CHAIN|a2y[49],                    ;
;                                                                                 ;                           ; ADS8688v2:inst3|FILTERS:\ADCDataFilter:4:ADC_Filter|iir_lpf:FULLIIR_CHAIN|a2y[50],                    ;
;                                                                                 ;                           ; ADS8688v2:inst3|FILTERS:\ADCDataFilter:4:ADC_Filter|iir_lpf:FULLIIR_CHAIN|a2y[51],                    ;
;                                                                                 ;                           ; ADS8688v2:inst3|FILTERS:\ADCDataFilter:4:ADC_Filter|iir_lpf:FULLIIR_CHAIN|a2y[52],                    ;
;                                                                                 ;                           ; ADS8688v2:inst3|FILTERS:\ADCDataFilter:4:ADC_Filter|iir_lpf:FULLIIR_CHAIN|a2y[53]                     ;
; ADS8688v2:inst3|FILTERS:\ADCDataFilter:4:ADC_Filter|iir_lpf:FULLIIR|v2[4]       ; Lost Fanouts              ; ADS8688v2:inst3|FILTERS:\ADCDataFilter:4:ADC_Filter|iir_lpf:FULLIIR|strobe_pulse[1],                  ;
;                                                                                 ;                           ; ADS8688v2:inst3|FILTERS:\ADCDataFilter:4:ADC_Filter|iir_lpf:FULLIIR|strobe_pulse[0],                  ;
;                                                                                 ;                           ; ADS8688v2:inst3|FILTERS:\ADCDataFilter:4:ADC_Filter|iir_lpf:FULLIIR|a2y[49],                          ;
;                                                                                 ;                           ; ADS8688v2:inst3|FILTERS:\ADCDataFilter:4:ADC_Filter|iir_lpf:FULLIIR|a2y[50],                          ;
;                                                                                 ;                           ; ADS8688v2:inst3|FILTERS:\ADCDataFilter:4:ADC_Filter|iir_lpf:FULLIIR|a2y[51],                          ;
;                                                                                 ;                           ; ADS8688v2:inst3|FILTERS:\ADCDataFilter:4:ADC_Filter|iir_lpf:FULLIIR|a2y[52],                          ;
;                                                                                 ;                           ; ADS8688v2:inst3|FILTERS:\ADCDataFilter:4:ADC_Filter|iir_lpf:FULLIIR|a2y[53]                           ;
; ADS8688v2:inst3|FILTERS:\ADCDataFilter:3:ADC_Filter|iir_lpf:FULLIIR_CHAIN|v2[4] ; Lost Fanouts              ; ADS8688v2:inst3|FILTERS:\ADCDataFilter:3:ADC_Filter|iir_lpf:FULLIIR_CHAIN|strobe_pulse[1],            ;
;                                                                                 ;                           ; ADS8688v2:inst3|FILTERS:\ADCDataFilter:3:ADC_Filter|iir_lpf:FULLIIR_CHAIN|strobe_pulse[0],            ;
;                                                                                 ;                           ; ADS8688v2:inst3|FILTERS:\ADCDataFilter:3:ADC_Filter|iir_lpf:FULLIIR_CHAIN|a2y[49],                    ;
;                                                                                 ;                           ; ADS8688v2:inst3|FILTERS:\ADCDataFilter:3:ADC_Filter|iir_lpf:FULLIIR_CHAIN|a2y[50],                    ;
;                                                                                 ;                           ; ADS8688v2:inst3|FILTERS:\ADCDataFilter:3:ADC_Filter|iir_lpf:FULLIIR_CHAIN|a2y[51],                    ;
;                                                                                 ;                           ; ADS8688v2:inst3|FILTERS:\ADCDataFilter:3:ADC_Filter|iir_lpf:FULLIIR_CHAIN|a2y[52],                    ;
;                                                                                 ;                           ; ADS8688v2:inst3|FILTERS:\ADCDataFilter:3:ADC_Filter|iir_lpf:FULLIIR_CHAIN|a2y[53]                     ;
; ADS8688v2:inst3|FILTERS:\ADCDataFilter:3:ADC_Filter|iir_lpf:FULLIIR|v2[4]       ; Lost Fanouts              ; ADS8688v2:inst3|FILTERS:\ADCDataFilter:3:ADC_Filter|iir_lpf:FULLIIR|strobe_pulse[1],                  ;
;                                                                                 ;                           ; ADS8688v2:inst3|FILTERS:\ADCDataFilter:3:ADC_Filter|iir_lpf:FULLIIR|strobe_pulse[0],                  ;
;                                                                                 ;                           ; ADS8688v2:inst3|FILTERS:\ADCDataFilter:3:ADC_Filter|iir_lpf:FULLIIR|a2y[49],                          ;
;                                                                                 ;                           ; ADS8688v2:inst3|FILTERS:\ADCDataFilter:3:ADC_Filter|iir_lpf:FULLIIR|a2y[50],                          ;
;                                                                                 ;                           ; ADS8688v2:inst3|FILTERS:\ADCDataFilter:3:ADC_Filter|iir_lpf:FULLIIR|a2y[51],                          ;
;                                                                                 ;                           ; ADS8688v2:inst3|FILTERS:\ADCDataFilter:3:ADC_Filter|iir_lpf:FULLIIR|a2y[52],                          ;
;                                                                                 ;                           ; ADS8688v2:inst3|FILTERS:\ADCDataFilter:3:ADC_Filter|iir_lpf:FULLIIR|a2y[53]                           ;
; ADS8688v2:inst3|FILTERS:\ADCDataFilter:2:ADC_Filter|iir_lpf:FULLIIR_CHAIN|v2[4] ; Lost Fanouts              ; ADS8688v2:inst3|FILTERS:\ADCDataFilter:2:ADC_Filter|iir_lpf:FULLIIR_CHAIN|strobe_pulse[1],            ;
;                                                                                 ;                           ; ADS8688v2:inst3|FILTERS:\ADCDataFilter:2:ADC_Filter|iir_lpf:FULLIIR_CHAIN|strobe_pulse[0],            ;
;                                                                                 ;                           ; ADS8688v2:inst3|FILTERS:\ADCDataFilter:2:ADC_Filter|iir_lpf:FULLIIR_CHAIN|a2y[49],                    ;
;                                                                                 ;                           ; ADS8688v2:inst3|FILTERS:\ADCDataFilter:2:ADC_Filter|iir_lpf:FULLIIR_CHAIN|a2y[50],                    ;
;                                                                                 ;                           ; ADS8688v2:inst3|FILTERS:\ADCDataFilter:2:ADC_Filter|iir_lpf:FULLIIR_CHAIN|a2y[51],                    ;
;                                                                                 ;                           ; ADS8688v2:inst3|FILTERS:\ADCDataFilter:2:ADC_Filter|iir_lpf:FULLIIR_CHAIN|a2y[52],                    ;
;                                                                                 ;                           ; ADS8688v2:inst3|FILTERS:\ADCDataFilter:2:ADC_Filter|iir_lpf:FULLIIR_CHAIN|a2y[53]                     ;
; ADS8688v2:inst3|FILTERS:\ADCDataFilter:2:ADC_Filter|iir_lpf:FULLIIR|v2[4]       ; Lost Fanouts              ; ADS8688v2:inst3|FILTERS:\ADCDataFilter:2:ADC_Filter|iir_lpf:FULLIIR|strobe_pulse[1],                  ;
;                                                                                 ;                           ; ADS8688v2:inst3|FILTERS:\ADCDataFilter:2:ADC_Filter|iir_lpf:FULLIIR|strobe_pulse[0],                  ;
;                                                                                 ;                           ; ADS8688v2:inst3|FILTERS:\ADCDataFilter:2:ADC_Filter|iir_lpf:FULLIIR|a2y[49],                          ;
;                                                                                 ;                           ; ADS8688v2:inst3|FILTERS:\ADCDataFilter:2:ADC_Filter|iir_lpf:FULLIIR|a2y[50],                          ;
;                                                                                 ;                           ; ADS8688v2:inst3|FILTERS:\ADCDataFilter:2:ADC_Filter|iir_lpf:FULLIIR|a2y[51],                          ;
;                                                                                 ;                           ; ADS8688v2:inst3|FILTERS:\ADCDataFilter:2:ADC_Filter|iir_lpf:FULLIIR|a2y[52],                          ;
;                                                                                 ;                           ; ADS8688v2:inst3|FILTERS:\ADCDataFilter:2:ADC_Filter|iir_lpf:FULLIIR|a2y[53]                           ;
; ADS8688v2:inst3|FILTERS:\ADCDataFilter:1:ADC_Filter|iir_lpf:FULLIIR_CHAIN|v2[4] ; Lost Fanouts              ; ADS8688v2:inst3|FILTERS:\ADCDataFilter:1:ADC_Filter|iir_lpf:FULLIIR_CHAIN|strobe_pulse[1],            ;
;                                                                                 ;                           ; ADS8688v2:inst3|FILTERS:\ADCDataFilter:1:ADC_Filter|iir_lpf:FULLIIR_CHAIN|strobe_pulse[0],            ;
;                                                                                 ;                           ; ADS8688v2:inst3|FILTERS:\ADCDataFilter:1:ADC_Filter|iir_lpf:FULLIIR_CHAIN|a2y[49],                    ;
;                                                                                 ;                           ; ADS8688v2:inst3|FILTERS:\ADCDataFilter:1:ADC_Filter|iir_lpf:FULLIIR_CHAIN|a2y[50],                    ;
;                                                                                 ;                           ; ADS8688v2:inst3|FILTERS:\ADCDataFilter:1:ADC_Filter|iir_lpf:FULLIIR_CHAIN|a2y[51],                    ;
;                                                                                 ;                           ; ADS8688v2:inst3|FILTERS:\ADCDataFilter:1:ADC_Filter|iir_lpf:FULLIIR_CHAIN|a2y[52],                    ;
;                                                                                 ;                           ; ADS8688v2:inst3|FILTERS:\ADCDataFilter:1:ADC_Filter|iir_lpf:FULLIIR_CHAIN|a2y[53]                     ;
; ADS8688v2:inst3|FILTERS:\ADCDataFilter:1:ADC_Filter|iir_lpf:FULLIIR|v2[4]       ; Lost Fanouts              ; ADS8688v2:inst3|FILTERS:\ADCDataFilter:1:ADC_Filter|iir_lpf:FULLIIR|strobe_pulse[1],                  ;
;                                                                                 ;                           ; ADS8688v2:inst3|FILTERS:\ADCDataFilter:1:ADC_Filter|iir_lpf:FULLIIR|strobe_pulse[0],                  ;
;                                                                                 ;                           ; ADS8688v2:inst3|FILTERS:\ADCDataFilter:1:ADC_Filter|iir_lpf:FULLIIR|a2y[49],                          ;
;                                                                                 ;                           ; ADS8688v2:inst3|FILTERS:\ADCDataFilter:1:ADC_Filter|iir_lpf:FULLIIR|a2y[50],                          ;
;                                                                                 ;                           ; ADS8688v2:inst3|FILTERS:\ADCDataFilter:1:ADC_Filter|iir_lpf:FULLIIR|a2y[51],                          ;
;                                                                                 ;                           ; ADS8688v2:inst3|FILTERS:\ADCDataFilter:1:ADC_Filter|iir_lpf:FULLIIR|a2y[52],                          ;
;                                                                                 ;                           ; ADS8688v2:inst3|FILTERS:\ADCDataFilter:1:ADC_Filter|iir_lpf:FULLIIR|a2y[53]                           ;
; ADS8688v2:inst3|FILTERS:\ADCDataFilter:0:ADC_Filter|iir_lpf:FULLIIR_CHAIN|v2[4] ; Lost Fanouts              ; ADS8688v2:inst3|FILTERS:\ADCDataFilter:0:ADC_Filter|iir_lpf:FULLIIR_CHAIN|strobe_pulse[1],            ;
;                                                                                 ;                           ; ADS8688v2:inst3|FILTERS:\ADCDataFilter:0:ADC_Filter|iir_lpf:FULLIIR_CHAIN|strobe_pulse[0],            ;
;                                                                                 ;                           ; ADS8688v2:inst3|FILTERS:\ADCDataFilter:0:ADC_Filter|iir_lpf:FULLIIR_CHAIN|a2y[49],                    ;
;                                                                                 ;                           ; ADS8688v2:inst3|FILTERS:\ADCDataFilter:0:ADC_Filter|iir_lpf:FULLIIR_CHAIN|a2y[50],                    ;
;                                                                                 ;                           ; ADS8688v2:inst3|FILTERS:\ADCDataFilter:0:ADC_Filter|iir_lpf:FULLIIR_CHAIN|a2y[51],                    ;
;                                                                                 ;                           ; ADS8688v2:inst3|FILTERS:\ADCDataFilter:0:ADC_Filter|iir_lpf:FULLIIR_CHAIN|a2y[52],                    ;
;                                                                                 ;                           ; ADS8688v2:inst3|FILTERS:\ADCDataFilter:0:ADC_Filter|iir_lpf:FULLIIR_CHAIN|a2y[53]                     ;
; ADS8688v2:inst3|FILTERS:\ADCDataFilter:0:ADC_Filter|iir_lpf:FULLIIR|v2[4]       ; Lost Fanouts              ; ADS8688v2:inst3|FILTERS:\ADCDataFilter:0:ADC_Filter|iir_lpf:FULLIIR|strobe_pulse[1],                  ;
;                                                                                 ;                           ; ADS8688v2:inst3|FILTERS:\ADCDataFilter:0:ADC_Filter|iir_lpf:FULLIIR|strobe_pulse[0],                  ;
;                                                                                 ;                           ; ADS8688v2:inst3|FILTERS:\ADCDataFilter:0:ADC_Filter|iir_lpf:FULLIIR|a2y[49],                          ;
;                                                                                 ;                           ; ADS8688v2:inst3|FILTERS:\ADCDataFilter:0:ADC_Filter|iir_lpf:FULLIIR|a2y[50],                          ;
;                                                                                 ;                           ; ADS8688v2:inst3|FILTERS:\ADCDataFilter:0:ADC_Filter|iir_lpf:FULLIIR|a2y[51],                          ;
;                                                                                 ;                           ; ADS8688v2:inst3|FILTERS:\ADCDataFilter:0:ADC_Filter|iir_lpf:FULLIIR|a2y[52],                          ;
;                                                                                 ;                           ; ADS8688v2:inst3|FILTERS:\ADCDataFilter:0:ADC_Filter|iir_lpf:FULLIIR|a2y[53]                           ;
; DAC8568_CONTROL:inst4|SHIFT_REG:DAC_DATA_IN_REG|SHIFT_INPUT[0]                  ; Stuck at GND              ; DAC8568_CONTROL:inst4|SHIFT_REG:DAC_DATA_IN_REG|SHIFT_INPUT[1],                                       ;
;                                                                                 ; due to stuck port data_in ; DAC8568_CONTROL:inst4|SHIFT_REG:DAC_DATA_IN_REG|SHIFT_INPUT[2],                                       ;
;                                                                                 ;                           ; DAC8568_CONTROL:inst4|SHIFT_REG:DAC_DATA_IN_REG|SHIFT_INPUT[3]                                        ;
; mbp_top_level:inst|mbp:inst2|op_int_q[7]                                        ; Stuck at GND              ; mbp_top_level:inst|mbp:inst2|wdMAX_q[1]                                                               ;
;                                                                                 ; due to stuck port data_in ;                                                                                                       ;
+---------------------------------------------------------------------------------+---------------------------+-------------------------------------------------------------------------------------------------------+


+------------------------------------------------------+
; General Register Statistics                          ;
+----------------------------------------------+-------+
; Statistic                                    ; Value ;
+----------------------------------------------+-------+
; Total registers                              ; 4296  ;
; Number of registers using Synchronous Clear  ; 162   ;
; Number of registers using Synchronous Load   ; 145   ;
; Number of registers using Asynchronous Clear ; 1415  ;
; Number of registers using Asynchronous Load  ; 0     ;
; Number of registers using Clock Enable       ; 2950  ;
; Number of registers using Preset             ; 0     ;
+----------------------------------------------+-------+


+-------------------------------------------------------------------------------------------------------------------------------------------------------------------------------------------------------------------------------------------------------------------------------------------------------------------------------------------+
; Inverted Register Statistics                                                                                                                                                                                                                                                                                                              ;
+---------------------------------------------------------------------------------------------------------------------------------------------------------------------------------------------------------------------------------------------------------------------------------------------------------------------------------+---------+
; Inverted Register                                                                                                                                                                                                                                                                                                               ; Fan out ;
+---------------------------------------------------------------------------------------------------------------------------------------------------------------------------------------------------------------------------------------------------------------------------------------------------------------------------------+---------+
; mbp_top_level:inst|mbp:inst2|ram_addr_q[2]                                                                                                                                                                                                                                                                                      ; 1       ;
; mbp_top_level:inst|mbp:inst2|ram_addr_q[3]                                                                                                                                                                                                                                                                                      ; 1       ;
; mbp_regs:inst1|reg_q[0][14]                                                                                                                                                                                                                                                                                                     ; 1       ;
; mbp_regs:inst1|reg_q[0][6]                                                                                                                                                                                                                                                                                                      ; 1       ;
; mbp_regs:inst1|reg_q[0][13]                                                                                                                                                                                                                                                                                                     ; 1       ;
; mbp_regs:inst1|reg_q[0][5]                                                                                                                                                                                                                                                                                                      ; 1       ;
; mbp_regs:inst1|reg_q[0][12]                                                                                                                                                                                                                                                                                                     ; 1       ;
; mbp_regs:inst1|reg_q[0][4]                                                                                                                                                                                                                                                                                                      ; 1       ;
; mbp_regs:inst1|reg_q[0][15]                                                                                                                                                                                                                                                                                                     ; 1       ;
; mbp_regs:inst1|reg_q[0][7]                                                                                                                                                                                                                                                                                                      ; 1       ;
; mbp_regs:inst1|reg_q[6][2]                                                                                                                                                                                                                                                                                                      ; 1       ;
; mbp_regs:inst1|reg_q[6][1]                                                                                                                                                                                                                                                                                                      ; 1       ;
; mbp_regs:inst1|reg_q[1][1]                                                                                                                                                                                                                                                                                                      ; 1       ;
; mbp_regs:inst1|reg_q[6][0]                                                                                                                                                                                                                                                                                                      ; 1       ;
; mbp_regs:inst1|reg_q[0][0]                                                                                                                                                                                                                                                                                                      ; 1       ;
; mbp_regs:inst1|reg_q[0][8]                                                                                                                                                                                                                                                                                                      ; 1       ;
; mbp_top_level:inst|slim_txrx:inst1|r_RX_Data                                                                                                                                                                                                                                                                                    ; 12      ;
; mbp_top_level:inst|mbp:inst2|wdMAX_q[12]                                                                                                                                                                                                                                                                                        ; 6       ;
; mbp_top_level:inst|mbp:inst2|wdMAX_q[0]                                                                                                                                                                                                                                                                                         ; 7       ;
; mbp_top_level:inst|mbp:inst2|wdMAX_q[11]                                                                                                                                                                                                                                                                                        ; 8       ;
; mbp_top_level:inst|slim_txrx:inst1|r_RX_Data_R                                                                                                                                                                                                                                                                                  ; 1       ;
; mbp_top_level:inst|mbp:inst2|ram_addr_q[0]                                                                                                                                                                                                                                                                                      ; 2       ;
; sld_hub:auto_hub|alt_sld_fab_with_jtag_input:\instrumentation_fabric_with_node_gen:fabric_gen_new_way:with_jtag_input_gen:instrumentation_fabric|alt_sld_fab:instrumentation_fabric|alt_sld_fab_alt_sld_fab:alt_sld_fab|alt_sld_fab_alt_sld_fab_sldfabric:sldfabric|sld_jtag_hub:\jtag_hub_gen:real_sld_jtag_hub|jtag_ir_reg[2] ; 2       ;
; sld_hub:auto_hub|alt_sld_fab_with_jtag_input:\instrumentation_fabric_with_node_gen:fabric_gen_new_way:with_jtag_input_gen:instrumentation_fabric|alt_sld_fab:instrumentation_fabric|alt_sld_fab_alt_sld_fab:alt_sld_fab|alt_sld_fab_alt_sld_fab_sldfabric:sldfabric|sld_jtag_hub:\jtag_hub_gen:real_sld_jtag_hub|jtag_ir_reg[1] ; 3       ;
; sld_signaltap:auto_signaltap_0|sld_signaltap_impl:sld_signaltap_body|sld_signaltap_implb:sld_signaltap_body|sld_buffer_manager:sld_buffer_manager_inst|modified_post_count[1]                                                                                                                                                   ; 1       ;
; sld_signaltap:auto_signaltap_0|sld_signaltap_impl:sld_signaltap_body|sld_signaltap_implb:sld_signaltap_body|sld_buffer_manager:sld_buffer_manager_inst|modified_post_count[2]                                                                                                                                                   ; 1       ;
; sld_signaltap:auto_signaltap_0|sld_signaltap_impl:sld_signaltap_body|sld_signaltap_implb:sld_signaltap_body|sld_buffer_manager:sld_buffer_manager_inst|modified_post_count[3]                                                                                                                                                   ; 1       ;
; sld_signaltap:auto_signaltap_0|sld_signaltap_impl:sld_signaltap_body|sld_signaltap_implb:sld_signaltap_body|sld_buffer_manager:sld_buffer_manager_inst|modified_post_count[4]                                                                                                                                                   ; 1       ;
; sld_signaltap:auto_signaltap_0|sld_signaltap_impl:sld_signaltap_body|sld_signaltap_implb:sld_signaltap_body|sld_buffer_manager:sld_buffer_manager_inst|modified_post_count[5]                                                                                                                                                   ; 1       ;
; sld_signaltap:auto_signaltap_0|sld_signaltap_impl:sld_signaltap_body|sld_signaltap_implb:sld_signaltap_body|sld_buffer_manager:sld_buffer_manager_inst|modified_post_count[6]                                                                                                                                                   ; 1       ;
; sld_signaltap:auto_signaltap_0|sld_signaltap_impl:sld_signaltap_body|sld_signaltap_implb:sld_signaltap_body|sld_buffer_manager:sld_buffer_manager_inst|modified_post_count[7]                                                                                                                                                   ; 1       ;
; sld_signaltap:auto_signaltap_0|sld_signaltap_impl:sld_signaltap_body|sld_signaltap_implb:sld_signaltap_body|sld_buffer_manager:sld_buffer_manager_inst|modified_post_count[8]                                                                                                                                                   ; 1       ;
; sld_signaltap:auto_signaltap_0|sld_signaltap_impl:sld_signaltap_body|sld_signaltap_implb:sld_signaltap_body|sld_buffer_manager:sld_buffer_manager_inst|modified_post_count[9]                                                                                                                                                   ; 1       ;
; sld_signaltap:auto_signaltap_0|sld_signaltap_impl:sld_signaltap_body|sld_signaltap_implb:sld_signaltap_body|sld_buffer_manager:sld_buffer_manager_inst|modified_post_count[10]                                                                                                                                                  ; 1       ;
; sld_signaltap:auto_signaltap_0|sld_signaltap_impl:sld_signaltap_body|sld_signaltap_implb:sld_signaltap_body|sld_buffer_manager:sld_buffer_manager_inst|modified_post_count[11]                                                                                                                                                  ; 1       ;
; sld_signaltap:auto_signaltap_0|sld_signaltap_impl:sld_signaltap_body|sld_signaltap_implb:sld_signaltap_body|sld_buffer_manager:sld_buffer_manager_inst|modified_post_count[12]                                                                                                                                                  ; 1       ;
; sld_signaltap:auto_signaltap_0|sld_signaltap_impl:sld_signaltap_body|sld_signaltap_implb:sld_signaltap_body|sld_buffer_manager:sld_buffer_manager_inst|modified_post_count[13]                                                                                                                                                  ; 1       ;
; sld_signaltap:auto_signaltap_0|sld_signaltap_impl:sld_signaltap_body|sld_signaltap_implb:sld_signaltap_body|sld_buffer_manager:sld_buffer_manager_inst|modified_post_count[14]                                                                                                                                                  ; 1       ;
; sld_signaltap:auto_signaltap_0|sld_signaltap_impl:sld_signaltap_body|sld_signaltap_implb:sld_signaltap_body|sld_buffer_manager:sld_buffer_manager_inst|modified_post_count[0]                                                                                                                                                   ; 1       ;
; Total number of inverted registers = 39                                                                                                                                                                                                                                                                                         ;         ;
+---------------------------------------------------------------------------------------------------------------------------------------------------------------------------------------------------------------------------------------------------------------------------------------------------------------------------------+---------+


+----------------------------------------------------------------------------------------------------+
; Registers Packed Into Inferred Megafunctions                                                       ;
+----------------------------------------------+----------------------------------------------+------+
; Register Name                                ; Megafunction                                 ; Type ;
+----------------------------------------------+----------------------------------------------+------+
; mbp_top_level:inst|mbp:inst2|ram_out_d[0..7] ; mbp_top_level:inst|mbp:inst2|ram_block_rtl_0 ; RAM  ;
+----------------------------------------------+----------------------------------------------+------+


+-----------------------------------------------------------------------------------------------------------------------------------------------------------------------------------------------+
; Multiplexer Restructuring Statistics (Restructuring Performed)                                                                                                                                ;
+--------------------+-----------+---------------+----------------------+------------------------+------------+---------------------------------------------------------------------------------+
; Multiplexer Inputs ; Bus Width ; Baseline Area ; Area if Restructured ; Saving if Restructured ; Registered ; Example Multiplexer Output                                                      ;
+--------------------+-----------+---------------+----------------------+------------------------+------------+---------------------------------------------------------------------------------+
; 3:1                ; 9 bits    ; 18 LEs        ; 9 LEs                ; 9 LEs                  ; Yes        ; |MODBUS|ADS8688v2:inst3|q.channel_enable[6]                                     ;
; 3:1                ; 7 bits    ; 14 LEs        ; 7 LEs                ; 7 LEs                  ; Yes        ; |MODBUS|DAC8568_CONTROL:inst4|SHIFT_REG:DAC_DATA_IN_REG|SHIFT_INPUT[30]         ;
; 3:1                ; 2 bits    ; 4 LEs         ; 2 LEs                ; 2 LEs                  ; Yes        ; |MODBUS|DAC8568_CONTROL:inst4|SHIFT_REG:DAC_DATA_IN_REG|SHIFT_INPUT[24]         ;
; 3:1                ; 4 bits    ; 8 LEs         ; 4 LEs                ; 4 LEs                  ; Yes        ; |MODBUS|DAC8568_CONTROL:inst4|counter:SCLK_DIV_CNTR|count[3]                    ;
; 3:1                ; 5 bits    ; 10 LEs        ; 5 LEs                ; 5 LEs                  ; Yes        ; |MODBUS|DAC8568_CONTROL:inst4|counter:SCLK_CNTR|count[0]                        ;
; 3:1                ; 8 bits    ; 16 LEs        ; 8 LEs                ; 8 LEs                  ; Yes        ; |MODBUS|mbp_top_level:inst|mbp:inst2|op_cnt_q[4]                                ;
; 3:1                ; 78 bits   ; 156 LEs       ; 78 LEs               ; 78 LEs                 ; Yes        ; |MODBUS|ADS8688v2:inst3|FILTERS:\ADCDataFilter:6:ADC_Filter|cic_8:CIC|xsed1[13] ;
; 3:1                ; 78 bits   ; 156 LEs       ; 78 LEs               ; 78 LEs                 ; Yes        ; |MODBUS|ADS8688v2:inst3|FILTERS:\ADCDataFilter:7:ADC_Filter|cic_8:CIC|xsed3[4]  ;
; 3:1                ; 78 bits   ; 156 LEs       ; 78 LEs               ; 78 LEs                 ; Yes        ; |MODBUS|ADS8688v2:inst3|FILTERS:\ADCDataFilter:0:ADC_Filter|cic_8:CIC|xsed1[19] ;
; 3:1                ; 78 bits   ; 156 LEs       ; 78 LEs               ; 78 LEs                 ; Yes        ; |MODBUS|ADS8688v2:inst3|FILTERS:\ADCDataFilter:1:ADC_Filter|cic_8:CIC|xsed2[17] ;
; 3:1                ; 78 bits   ; 156 LEs       ; 78 LEs               ; 78 LEs                 ; Yes        ; |MODBUS|ADS8688v2:inst3|FILTERS:\ADCDataFilter:2:ADC_Filter|cic_8:CIC|xsed1[20] ;
; 3:1                ; 78 bits   ; 156 LEs       ; 78 LEs               ; 78 LEs                 ; Yes        ; |MODBUS|ADS8688v2:inst3|FILTERS:\ADCDataFilter:3:ADC_Filter|cic_8:CIC|xsed1[19] ;
; 3:1                ; 78 bits   ; 156 LEs       ; 78 LEs               ; 78 LEs                 ; Yes        ; |MODBUS|ADS8688v2:inst3|FILTERS:\ADCDataFilter:4:ADC_Filter|cic_8:CIC|xsed2[15] ;
; 3:1                ; 78 bits   ; 156 LEs       ; 78 LEs               ; 78 LEs                 ; Yes        ; |MODBUS|ADS8688v2:inst3|FILTERS:\ADCDataFilter:5:ADC_Filter|cic_8:CIC|xsed1[14] ;
; 3:1                ; 16 bits   ; 32 LEs        ; 16 LEs               ; 16 LEs                 ; Yes        ; |MODBUS|ADS8688v2:inst3|q.ADC_data[6][10]                                       ;
; 3:1                ; 16 bits   ; 32 LEs        ; 16 LEs               ; 16 LEs                 ; Yes        ; |MODBUS|ADS8688v2:inst3|q.ADC_data[7][13]                                       ;
; 3:1                ; 16 bits   ; 32 LEs        ; 16 LEs               ; 16 LEs                 ; Yes        ; |MODBUS|ADS8688v2:inst3|q.ADC_data[0][7]                                        ;
; 3:1                ; 16 bits   ; 32 LEs        ; 16 LEs               ; 16 LEs                 ; Yes        ; |MODBUS|ADS8688v2:inst3|q.ADC_data[1][12]                                       ;
; 3:1                ; 16 bits   ; 32 LEs        ; 16 LEs               ; 16 LEs                 ; Yes        ; |MODBUS|ADS8688v2:inst3|q.ADC_data[2][15]                                       ;
; 3:1                ; 16 bits   ; 32 LEs        ; 16 LEs               ; 16 LEs                 ; Yes        ; |MODBUS|ADS8688v2:inst3|q.ADC_data[3][6]                                        ;
; 3:1                ; 16 bits   ; 32 LEs        ; 16 LEs               ; 16 LEs                 ; Yes        ; |MODBUS|ADS8688v2:inst3|q.ADC_data[4][9]                                        ;
; 3:1                ; 16 bits   ; 32 LEs        ; 16 LEs               ; 16 LEs                 ; Yes        ; |MODBUS|ADS8688v2:inst3|q.ADC_data[5][3]                                        ;
; 3:1                ; 16 bits   ; 32 LEs        ; 16 LEs               ; 16 LEs                 ; Yes        ; |MODBUS|ADS8688v2:inst3|q.SPI_data[15]                                          ;
; 4:1                ; 3 bits    ; 6 LEs         ; 6 LEs                ; 0 LEs                  ; Yes        ; |MODBUS|mbp_top_level:inst|mbp:inst2|op_int_q[0]                                ;
; 4:1                ; 16 bits   ; 32 LEs        ; 32 LEs               ; 0 LEs                  ; Yes        ; |MODBUS|mbp_top_level:inst|mbp:inst2|op_hdr_q[5][7]                             ;
; 4:1                ; 6 bits    ; 12 LEs        ; 12 LEs               ; 0 LEs                  ; Yes        ; |MODBUS|mbp_top_level:inst|mbp:inst2|op_hdr_q[8][7]                             ;
; 5:1                ; 18 bits   ; 54 LEs        ; 18 LEs               ; 36 LEs                 ; Yes        ; |MODBUS|mbp_top_level:inst|mbp:inst2|wdTimer_q[6]                               ;
; 5:1                ; 7 bits    ; 21 LEs        ; 7 LEs                ; 14 LEs                 ; Yes        ; |MODBUS|mbp_top_level:inst|mbp:inst2|wm_cnt_q[4]                                ;
; 5:1                ; 16 bits   ; 48 LEs        ; 16 LEs               ; 32 LEs                 ; Yes        ; |MODBUS|mbp_top_level:inst|mbp:inst2|addr_cnt_q[2]                              ;
; 5:1                ; 5 bits    ; 15 LEs        ; 10 LEs               ; 5 LEs                  ; Yes        ; |MODBUS|ADS8688v2:inst3|q.input_din_reg[2]                                      ;
; 7:1                ; 2 bits    ; 8 LEs         ; 8 LEs                ; 0 LEs                  ; Yes        ; |MODBUS|DAC8568_CONTROL:inst4|SHIFT_REG:DAC_DATA_IN_REG|SHIFT_INPUT[21]         ;
; 11:1               ; 15 bits   ; 105 LEs       ; 90 LEs               ; 15 LEs                 ; Yes        ; |MODBUS|DAC8568_CONTROL:inst4|SHIFT_REG:DAC_DATA_IN_REG|SHIFT_INPUT[19]         ;
; 6:1                ; 8 bits    ; 32 LEs        ; 8 LEs                ; 24 LEs                 ; Yes        ; |MODBUS|mbp_top_level:inst|mbp:inst2|buf_cnt_q[6]                               ;
; 4:1                ; 7 bits    ; 14 LEs        ; 7 LEs                ; 7 LEs                  ; Yes        ; |MODBUS|mbp_top_level:inst|slim_txrx:inst1|r_Clk_Count[1]                       ;
; 6:1                ; 3 bits    ; 12 LEs        ; 3 LEs                ; 9 LEs                  ; Yes        ; |MODBUS|ADS8688v2:inst3|q.sclkDivider[2]                                        ;
; 8:1                ; 5 bits    ; 25 LEs        ; 5 LEs                ; 20 LEs                 ; Yes        ; |MODBUS|ADS8688v2:inst3|q.bit_count[1]                                          ;
; 8:1                ; 5 bits    ; 25 LEs        ; 10 LEs               ; 15 LEs                 ; Yes        ; |MODBUS|mbp_top_level:inst|mbp:inst2|ram_addr_q[4]                              ;
; 7:1                ; 7 bits    ; 28 LEs        ; 7 LEs                ; 21 LEs                 ; Yes        ; |MODBUS|mbp_top_level:inst|slim_txrx:inst1|r_Clk_Count_R[6]                     ;
; 14:1               ; 2 bits    ; 18 LEs        ; 12 LEs               ; 6 LEs                  ; Yes        ; |MODBUS|ADS8688v2:inst3|q.input_din_reg[9]                                      ;
; 151:1              ; 5 bits    ; 500 LEs       ; 65 LEs               ; 435 LEs                ; Yes        ; |MODBUS|mbp_top_level:inst|mbp:inst2|OP_2_UART_q[5]                             ;
; 8:1                ; 2 bits    ; 10 LEs        ; 4 LEs                ; 6 LEs                  ; Yes        ; |MODBUS|mbp_top_level:inst|mbp:inst2|ram_addr_q[3]                              ;
; 3:1                ; 2 bits    ; 4 LEs         ; 4 LEs                ; 0 LEs                  ; No         ; |MODBUS|mbp_top_level:inst|mbp:inst2|state_d                                    ;
; 3:1                ; 4 bits    ; 8 LEs         ; 8 LEs                ; 0 LEs                  ; No         ; |MODBUS|ADS8688v2:inst3|d.cntrl_count[2]                                        ;
; 3:1                ; 3 bits    ; 6 LEs         ; 6 LEs                ; 0 LEs                  ; No         ; |MODBUS|mbp_top_level:inst|slim_txrx:inst1|r_Bit_Index                          ;
; 3:1                ; 3 bits    ; 6 LEs         ; 6 LEs                ; 0 LEs                  ; No         ; |MODBUS|mbp_top_level:inst|slim_txrx:inst1|r_Bit_Index_R                        ;
; 4:1                ; 10 bits   ; 20 LEs        ; 20 LEs               ; 0 LEs                  ; No         ; |MODBUS|mbp_top_level:inst|mbp:inst2|state_d                                    ;
; 8:1                ; 2 bits    ; 10 LEs        ; 6 LEs                ; 4 LEs                  ; No         ; |MODBUS|ADS8688v2:inst3|q                                                       ;
+--------------------+-----------+---------------+----------------------+------------------------+------------+---------------------------------------------------------------------------------+


+-------------------------------------------------------+
; Source assignments for sld_signaltap:auto_signaltap_0 ;
+-----------------+-------+------+----------------------+
; Assignment      ; Value ; From ; To                   ;
+-----------------+-------+------+----------------------+
; MESSAGE_DISABLE ; 13410 ; -    ; -                    ;
+-----------------+-------+------+----------------------+


+---------------------------------------------------------------------------------------------------------------+
; Source assignments for mbp_top_level:inst|mbp:inst2|altsyncram:ram_block_rtl_0|altsyncram_4n71:auto_generated ;
+---------------------------------+--------------------+------+-------------------------------------------------+
; Assignment                      ; Value              ; From ; To                                              ;
+---------------------------------+--------------------+------+-------------------------------------------------+
; OPTIMIZE_POWER_DURING_SYNTHESIS ; NORMAL_COMPILATION ; -    ; -                                               ;
+---------------------------------+--------------------+------+-------------------------------------------------+


+-----------------------------------------------------------------------------------------------------------------+
; Parameter Settings for User Entity Instance: ADS8688v2:inst3|FILTERS:\ADCDataFilter:0:ADC_Filter|regne:DATA_BUF ;
+----------------+-------+----------------------------------------------------------------------------------------+
; Parameter Name ; Value ; Type                                                                                   ;
+----------------+-------+----------------------------------------------------------------------------------------+
; n              ; 16    ; Signed Integer                                                                         ;
+----------------+-------+----------------------------------------------------------------------------------------+
Note: In order to hide this table in the UI and the text report file, please set the "Show Parameter Settings in Synthesis Report" option in "Analysis and Synthesis Settings -> More Settings" to "Off".


+----------------------------------------------------------------------------------------------------------------------------------------+
; Parameter Settings for User Entity Instance: ADS8688v2:inst3|FILTERS:\ADCDataFilter:0:ADC_Filter|IIR_SIMPLE:SIMPLEIIR|regne:FILTER_REG ;
+----------------+-------+---------------------------------------------------------------------------------------------------------------+
; Parameter Name ; Value ; Type                                                                                                          ;
+----------------+-------+---------------------------------------------------------------------------------------------------------------+
; n              ; 34    ; Signed Integer                                                                                                ;
+----------------+-------+---------------------------------------------------------------------------------------------------------------+
Note: In order to hide this table in the UI and the text report file, please set the "Show Parameter Settings in Synthesis Report" option in "Analysis and Synthesis Settings -> More Settings" to "Off".


+----------------------------------------------------------------------------------------------------------------------------------------+
; Parameter Settings for User Entity Instance: ADS8688v2:inst3|FILTERS:\ADCDataFilter:0:ADC_Filter|IIR_SIMPLE:SIMPLEIIR|regne:OUTPUT_REG ;
+----------------+-------+---------------------------------------------------------------------------------------------------------------+
; Parameter Name ; Value ; Type                                                                                                          ;
+----------------+-------+---------------------------------------------------------------------------------------------------------------+
; n              ; 16    ; Signed Integer                                                                                                ;
+----------------+-------+---------------------------------------------------------------------------------------------------------------+
Note: In order to hide this table in the UI and the text report file, please set the "Show Parameter Settings in Synthesis Report" option in "Analysis and Synthesis Settings -> More Settings" to "Off".


+-----------------------------------------------------------------------------------------------------------------+
; Parameter Settings for User Entity Instance: ADS8688v2:inst3|FILTERS:\ADCDataFilter:1:ADC_Filter|regne:DATA_BUF ;
+----------------+-------+----------------------------------------------------------------------------------------+
; Parameter Name ; Value ; Type                                                                                   ;
+----------------+-------+----------------------------------------------------------------------------------------+
; n              ; 16    ; Signed Integer                                                                         ;
+----------------+-------+----------------------------------------------------------------------------------------+
Note: In order to hide this table in the UI and the text report file, please set the "Show Parameter Settings in Synthesis Report" option in "Analysis and Synthesis Settings -> More Settings" to "Off".


+----------------------------------------------------------------------------------------------------------------------------------------+
; Parameter Settings for User Entity Instance: ADS8688v2:inst3|FILTERS:\ADCDataFilter:1:ADC_Filter|IIR_SIMPLE:SIMPLEIIR|regne:FILTER_REG ;
+----------------+-------+---------------------------------------------------------------------------------------------------------------+
; Parameter Name ; Value ; Type                                                                                                          ;
+----------------+-------+---------------------------------------------------------------------------------------------------------------+
; n              ; 34    ; Signed Integer                                                                                                ;
+----------------+-------+---------------------------------------------------------------------------------------------------------------+
Note: In order to hide this table in the UI and the text report file, please set the "Show Parameter Settings in Synthesis Report" option in "Analysis and Synthesis Settings -> More Settings" to "Off".


+----------------------------------------------------------------------------------------------------------------------------------------+
; Parameter Settings for User Entity Instance: ADS8688v2:inst3|FILTERS:\ADCDataFilter:1:ADC_Filter|IIR_SIMPLE:SIMPLEIIR|regne:OUTPUT_REG ;
+----------------+-------+---------------------------------------------------------------------------------------------------------------+
; Parameter Name ; Value ; Type                                                                                                          ;
+----------------+-------+---------------------------------------------------------------------------------------------------------------+
; n              ; 16    ; Signed Integer                                                                                                ;
+----------------+-------+---------------------------------------------------------------------------------------------------------------+
Note: In order to hide this table in the UI and the text report file, please set the "Show Parameter Settings in Synthesis Report" option in "Analysis and Synthesis Settings -> More Settings" to "Off".


+-----------------------------------------------------------------------------------------------------------------+
; Parameter Settings for User Entity Instance: ADS8688v2:inst3|FILTERS:\ADCDataFilter:2:ADC_Filter|regne:DATA_BUF ;
+----------------+-------+----------------------------------------------------------------------------------------+
; Parameter Name ; Value ; Type                                                                                   ;
+----------------+-------+----------------------------------------------------------------------------------------+
; n              ; 16    ; Signed Integer                                                                         ;
+----------------+-------+----------------------------------------------------------------------------------------+
Note: In order to hide this table in the UI and the text report file, please set the "Show Parameter Settings in Synthesis Report" option in "Analysis and Synthesis Settings -> More Settings" to "Off".


+----------------------------------------------------------------------------------------------------------------------------------------+
; Parameter Settings for User Entity Instance: ADS8688v2:inst3|FILTERS:\ADCDataFilter:2:ADC_Filter|IIR_SIMPLE:SIMPLEIIR|regne:FILTER_REG ;
+----------------+-------+---------------------------------------------------------------------------------------------------------------+
; Parameter Name ; Value ; Type                                                                                                          ;
+----------------+-------+---------------------------------------------------------------------------------------------------------------+
; n              ; 34    ; Signed Integer                                                                                                ;
+----------------+-------+---------------------------------------------------------------------------------------------------------------+
Note: In order to hide this table in the UI and the text report file, please set the "Show Parameter Settings in Synthesis Report" option in "Analysis and Synthesis Settings -> More Settings" to "Off".


+----------------------------------------------------------------------------------------------------------------------------------------+
; Parameter Settings for User Entity Instance: ADS8688v2:inst3|FILTERS:\ADCDataFilter:2:ADC_Filter|IIR_SIMPLE:SIMPLEIIR|regne:OUTPUT_REG ;
+----------------+-------+---------------------------------------------------------------------------------------------------------------+
; Parameter Name ; Value ; Type                                                                                                          ;
+----------------+-------+---------------------------------------------------------------------------------------------------------------+
; n              ; 16    ; Signed Integer                                                                                                ;
+----------------+-------+---------------------------------------------------------------------------------------------------------------+
Note: In order to hide this table in the UI and the text report file, please set the "Show Parameter Settings in Synthesis Report" option in "Analysis and Synthesis Settings -> More Settings" to "Off".


+-----------------------------------------------------------------------------------------------------------------+
; Parameter Settings for User Entity Instance: ADS8688v2:inst3|FILTERS:\ADCDataFilter:3:ADC_Filter|regne:DATA_BUF ;
+----------------+-------+----------------------------------------------------------------------------------------+
; Parameter Name ; Value ; Type                                                                                   ;
+----------------+-------+----------------------------------------------------------------------------------------+
; n              ; 16    ; Signed Integer                                                                         ;
+----------------+-------+----------------------------------------------------------------------------------------+
Note: In order to hide this table in the UI and the text report file, please set the "Show Parameter Settings in Synthesis Report" option in "Analysis and Synthesis Settings -> More Settings" to "Off".


+----------------------------------------------------------------------------------------------------------------------------------------+
; Parameter Settings for User Entity Instance: ADS8688v2:inst3|FILTERS:\ADCDataFilter:3:ADC_Filter|IIR_SIMPLE:SIMPLEIIR|regne:FILTER_REG ;
+----------------+-------+---------------------------------------------------------------------------------------------------------------+
; Parameter Name ; Value ; Type                                                                                                          ;
+----------------+-------+---------------------------------------------------------------------------------------------------------------+
; n              ; 34    ; Signed Integer                                                                                                ;
+----------------+-------+---------------------------------------------------------------------------------------------------------------+
Note: In order to hide this table in the UI and the text report file, please set the "Show Parameter Settings in Synthesis Report" option in "Analysis and Synthesis Settings -> More Settings" to "Off".


+----------------------------------------------------------------------------------------------------------------------------------------+
; Parameter Settings for User Entity Instance: ADS8688v2:inst3|FILTERS:\ADCDataFilter:3:ADC_Filter|IIR_SIMPLE:SIMPLEIIR|regne:OUTPUT_REG ;
+----------------+-------+---------------------------------------------------------------------------------------------------------------+
; Parameter Name ; Value ; Type                                                                                                          ;
+----------------+-------+---------------------------------------------------------------------------------------------------------------+
; n              ; 16    ; Signed Integer                                                                                                ;
+----------------+-------+---------------------------------------------------------------------------------------------------------------+
Note: In order to hide this table in the UI and the text report file, please set the "Show Parameter Settings in Synthesis Report" option in "Analysis and Synthesis Settings -> More Settings" to "Off".


+-----------------------------------------------------------------------------------------------------------------+
; Parameter Settings for User Entity Instance: ADS8688v2:inst3|FILTERS:\ADCDataFilter:4:ADC_Filter|regne:DATA_BUF ;
+----------------+-------+----------------------------------------------------------------------------------------+
; Parameter Name ; Value ; Type                                                                                   ;
+----------------+-------+----------------------------------------------------------------------------------------+
; n              ; 16    ; Signed Integer                                                                         ;
+----------------+-------+----------------------------------------------------------------------------------------+
Note: In order to hide this table in the UI and the text report file, please set the "Show Parameter Settings in Synthesis Report" option in "Analysis and Synthesis Settings -> More Settings" to "Off".


+----------------------------------------------------------------------------------------------------------------------------------------+
; Parameter Settings for User Entity Instance: ADS8688v2:inst3|FILTERS:\ADCDataFilter:4:ADC_Filter|IIR_SIMPLE:SIMPLEIIR|regne:FILTER_REG ;
+----------------+-------+---------------------------------------------------------------------------------------------------------------+
; Parameter Name ; Value ; Type                                                                                                          ;
+----------------+-------+---------------------------------------------------------------------------------------------------------------+
; n              ; 34    ; Signed Integer                                                                                                ;
+----------------+-------+---------------------------------------------------------------------------------------------------------------+
Note: In order to hide this table in the UI and the text report file, please set the "Show Parameter Settings in Synthesis Report" option in "Analysis and Synthesis Settings -> More Settings" to "Off".


+----------------------------------------------------------------------------------------------------------------------------------------+
; Parameter Settings for User Entity Instance: ADS8688v2:inst3|FILTERS:\ADCDataFilter:4:ADC_Filter|IIR_SIMPLE:SIMPLEIIR|regne:OUTPUT_REG ;
+----------------+-------+---------------------------------------------------------------------------------------------------------------+
; Parameter Name ; Value ; Type                                                                                                          ;
+----------------+-------+---------------------------------------------------------------------------------------------------------------+
; n              ; 16    ; Signed Integer                                                                                                ;
+----------------+-------+---------------------------------------------------------------------------------------------------------------+
Note: In order to hide this table in the UI and the text report file, please set the "Show Parameter Settings in Synthesis Report" option in "Analysis and Synthesis Settings -> More Settings" to "Off".


+-----------------------------------------------------------------------------------------------------------------+
; Parameter Settings for User Entity Instance: ADS8688v2:inst3|FILTERS:\ADCDataFilter:5:ADC_Filter|regne:DATA_BUF ;
+----------------+-------+----------------------------------------------------------------------------------------+
; Parameter Name ; Value ; Type                                                                                   ;
+----------------+-------+----------------------------------------------------------------------------------------+
; n              ; 16    ; Signed Integer                                                                         ;
+----------------+-------+----------------------------------------------------------------------------------------+
Note: In order to hide this table in the UI and the text report file, please set the "Show Parameter Settings in Synthesis Report" option in "Analysis and Synthesis Settings -> More Settings" to "Off".


+----------------------------------------------------------------------------------------------------------------------------------------+
; Parameter Settings for User Entity Instance: ADS8688v2:inst3|FILTERS:\ADCDataFilter:5:ADC_Filter|IIR_SIMPLE:SIMPLEIIR|regne:FILTER_REG ;
+----------------+-------+---------------------------------------------------------------------------------------------------------------+
; Parameter Name ; Value ; Type                                                                                                          ;
+----------------+-------+---------------------------------------------------------------------------------------------------------------+
; n              ; 34    ; Signed Integer                                                                                                ;
+----------------+-------+---------------------------------------------------------------------------------------------------------------+
Note: In order to hide this table in the UI and the text report file, please set the "Show Parameter Settings in Synthesis Report" option in "Analysis and Synthesis Settings -> More Settings" to "Off".


+----------------------------------------------------------------------------------------------------------------------------------------+
; Parameter Settings for User Entity Instance: ADS8688v2:inst3|FILTERS:\ADCDataFilter:5:ADC_Filter|IIR_SIMPLE:SIMPLEIIR|regne:OUTPUT_REG ;
+----------------+-------+---------------------------------------------------------------------------------------------------------------+
; Parameter Name ; Value ; Type                                                                                                          ;
+----------------+-------+---------------------------------------------------------------------------------------------------------------+
; n              ; 16    ; Signed Integer                                                                                                ;
+----------------+-------+---------------------------------------------------------------------------------------------------------------+
Note: In order to hide this table in the UI and the text report file, please set the "Show Parameter Settings in Synthesis Report" option in "Analysis and Synthesis Settings -> More Settings" to "Off".


+-----------------------------------------------------------------------------------------------------------------+
; Parameter Settings for User Entity Instance: ADS8688v2:inst3|FILTERS:\ADCDataFilter:6:ADC_Filter|regne:DATA_BUF ;
+----------------+-------+----------------------------------------------------------------------------------------+
; Parameter Name ; Value ; Type                                                                                   ;
+----------------+-------+----------------------------------------------------------------------------------------+
; n              ; 16    ; Signed Integer                                                                         ;
+----------------+-------+----------------------------------------------------------------------------------------+
Note: In order to hide this table in the UI and the text report file, please set the "Show Parameter Settings in Synthesis Report" option in "Analysis and Synthesis Settings -> More Settings" to "Off".


+----------------------------------------------------------------------------------------------------------------------------------------+
; Parameter Settings for User Entity Instance: ADS8688v2:inst3|FILTERS:\ADCDataFilter:6:ADC_Filter|IIR_SIMPLE:SIMPLEIIR|regne:FILTER_REG ;
+----------------+-------+---------------------------------------------------------------------------------------------------------------+
; Parameter Name ; Value ; Type                                                                                                          ;
+----------------+-------+---------------------------------------------------------------------------------------------------------------+
; n              ; 34    ; Signed Integer                                                                                                ;
+----------------+-------+---------------------------------------------------------------------------------------------------------------+
Note: In order to hide this table in the UI and the text report file, please set the "Show Parameter Settings in Synthesis Report" option in "Analysis and Synthesis Settings -> More Settings" to "Off".


+----------------------------------------------------------------------------------------------------------------------------------------+
; Parameter Settings for User Entity Instance: ADS8688v2:inst3|FILTERS:\ADCDataFilter:6:ADC_Filter|IIR_SIMPLE:SIMPLEIIR|regne:OUTPUT_REG ;
+----------------+-------+---------------------------------------------------------------------------------------------------------------+
; Parameter Name ; Value ; Type                                                                                                          ;
+----------------+-------+---------------------------------------------------------------------------------------------------------------+
; n              ; 16    ; Signed Integer                                                                                                ;
+----------------+-------+---------------------------------------------------------------------------------------------------------------+
Note: In order to hide this table in the UI and the text report file, please set the "Show Parameter Settings in Synthesis Report" option in "Analysis and Synthesis Settings -> More Settings" to "Off".


+-----------------------------------------------------------------------------------------------------------------+
; Parameter Settings for User Entity Instance: ADS8688v2:inst3|FILTERS:\ADCDataFilter:7:ADC_Filter|regne:DATA_BUF ;
+----------------+-------+----------------------------------------------------------------------------------------+
; Parameter Name ; Value ; Type                                                                                   ;
+----------------+-------+----------------------------------------------------------------------------------------+
; n              ; 16    ; Signed Integer                                                                         ;
+----------------+-------+----------------------------------------------------------------------------------------+
Note: In order to hide this table in the UI and the text report file, please set the "Show Parameter Settings in Synthesis Report" option in "Analysis and Synthesis Settings -> More Settings" to "Off".


+----------------------------------------------------------------------------------------------------------------------------------------+
; Parameter Settings for User Entity Instance: ADS8688v2:inst3|FILTERS:\ADCDataFilter:7:ADC_Filter|IIR_SIMPLE:SIMPLEIIR|regne:FILTER_REG ;
+----------------+-------+---------------------------------------------------------------------------------------------------------------+
; Parameter Name ; Value ; Type                                                                                                          ;
+----------------+-------+---------------------------------------------------------------------------------------------------------------+
; n              ; 34    ; Signed Integer                                                                                                ;
+----------------+-------+---------------------------------------------------------------------------------------------------------------+
Note: In order to hide this table in the UI and the text report file, please set the "Show Parameter Settings in Synthesis Report" option in "Analysis and Synthesis Settings -> More Settings" to "Off".


+----------------------------------------------------------------------------------------------------------------------------------------+
; Parameter Settings for User Entity Instance: ADS8688v2:inst3|FILTERS:\ADCDataFilter:7:ADC_Filter|IIR_SIMPLE:SIMPLEIIR|regne:OUTPUT_REG ;
+----------------+-------+---------------------------------------------------------------------------------------------------------------+
; Parameter Name ; Value ; Type                                                                                                          ;
+----------------+-------+---------------------------------------------------------------------------------------------------------------+
; n              ; 16    ; Signed Integer                                                                                                ;
+----------------+-------+---------------------------------------------------------------------------------------------------------------+
Note: In order to hide this table in the UI and the text report file, please set the "Show Parameter Settings in Synthesis Report" option in "Analysis and Synthesis Settings -> More Settings" to "Off".


+-------------------------------------------------------------+
; Parameter Settings for User Entity Instance: mbp_regs:inst1 ;
+----------------+-------+------------------------------------+
; Parameter Name ; Value ; Type                               ;
+----------------+-------+------------------------------------+
; hrtregs        ; 7     ; Signed Integer                     ;
+----------------+-------+------------------------------------+
Note: In order to hide this table in the UI and the text report file, please set the "Show Parameter Settings in Synthesis Report" option in "Analysis and Synthesis Settings -> More Settings" to "Off".


+-----------------------------------------------------------------+
; Parameter Settings for User Entity Instance: mbp_top_level:inst ;
+----------------+----------+-------------------------------------+
; Parameter Name ; Value    ; Type                                ;
+----------------+----------+-------------------------------------+
; clk_freq       ; 80000000 ; Signed Integer                      ;
; baud_rate      ; 921600   ; Signed Integer                      ;
; deviceaddr     ; 0        ; Signed Integer                      ;
; hrtregs        ; 106      ; Signed Integer                      ;
+----------------+----------+-------------------------------------+
Note: In order to hide this table in the UI and the text report file, please set the "Show Parameter Settings in Synthesis Report" option in "Analysis and Synthesis Settings -> More Settings" to "Off".


+---------------------------------------------------------------------------------+
; Parameter Settings for User Entity Instance: mbp_top_level:inst|slim_txrx:inst1 ;
+----------------+----------+-----------------------------------------------------+
; Parameter Name ; Value    ; Type                                                ;
+----------------+----------+-----------------------------------------------------+
; clk_freq       ; 80000000 ; Signed Integer                                      ;
; baud_rate      ; 921600   ; Signed Integer                                      ;
+----------------+----------+-----------------------------------------------------+
Note: In order to hide this table in the UI and the text report file, please set the "Show Parameter Settings in Synthesis Report" option in "Analysis and Synthesis Settings -> More Settings" to "Off".


+---------------------------------------------------------------------------+
; Parameter Settings for User Entity Instance: mbp_top_level:inst|mbp:inst2 ;
+----------------+----------+-----------------------------------------------+
; Parameter Name ; Value    ; Type                                          ;
+----------------+----------+-----------------------------------------------+
; clk_freq       ; 80000000 ; Signed Integer                                ;
; baud_rate      ; 921600   ; Signed Integer                                ;
; deviceaddr     ; 0        ; Signed Integer                                ;
; hrtregs        ; 106      ; Signed Integer                                ;
+----------------+----------+-----------------------------------------------+
Note: In order to hide this table in the UI and the text report file, please set the "Show Parameter Settings in Synthesis Report" option in "Analysis and Synthesis Settings -> More Settings" to "Off".


+--------------------------------------------------------------------------------------------------------------+
; Parameter Settings for User Entity Instance: DAC8568_CONTROL:inst4|regne:\DAC_DATA_REG_GEN_I:0:DAC_DATA_REGI ;
+----------------+-------+-------------------------------------------------------------------------------------+
; Parameter Name ; Value ; Type                                                                                ;
+----------------+-------+-------------------------------------------------------------------------------------+
; n              ; 16    ; Signed Integer                                                                      ;
+----------------+-------+-------------------------------------------------------------------------------------+
Note: In order to hide this table in the UI and the text report file, please set the "Show Parameter Settings in Synthesis Report" option in "Analysis and Synthesis Settings -> More Settings" to "Off".


+--------------------------------------------------------------------------------------------------------------+
; Parameter Settings for User Entity Instance: DAC8568_CONTROL:inst4|regne:\DAC_DATA_REG_GEN_I:1:DAC_DATA_REGI ;
+----------------+-------+-------------------------------------------------------------------------------------+
; Parameter Name ; Value ; Type                                                                                ;
+----------------+-------+-------------------------------------------------------------------------------------+
; n              ; 16    ; Signed Integer                                                                      ;
+----------------+-------+-------------------------------------------------------------------------------------+
Note: In order to hide this table in the UI and the text report file, please set the "Show Parameter Settings in Synthesis Report" option in "Analysis and Synthesis Settings -> More Settings" to "Off".


+--------------------------------------------------------------------------------------------------------------+
; Parameter Settings for User Entity Instance: DAC8568_CONTROL:inst4|regne:\DAC_DATA_REG_GEN_I:2:DAC_DATA_REGI ;
+----------------+-------+-------------------------------------------------------------------------------------+
; Parameter Name ; Value ; Type                                                                                ;
+----------------+-------+-------------------------------------------------------------------------------------+
; n              ; 16    ; Signed Integer                                                                      ;
+----------------+-------+-------------------------------------------------------------------------------------+
Note: In order to hide this table in the UI and the text report file, please set the "Show Parameter Settings in Synthesis Report" option in "Analysis and Synthesis Settings -> More Settings" to "Off".


+--------------------------------------------------------------------------------------------------------------+
; Parameter Settings for User Entity Instance: DAC8568_CONTROL:inst4|regne:\DAC_DATA_REG_GEN_I:3:DAC_DATA_REGI ;
+----------------+-------+-------------------------------------------------------------------------------------+
; Parameter Name ; Value ; Type                                                                                ;
+----------------+-------+-------------------------------------------------------------------------------------+
; n              ; 16    ; Signed Integer                                                                      ;
+----------------+-------+-------------------------------------------------------------------------------------+
Note: In order to hide this table in the UI and the text report file, please set the "Show Parameter Settings in Synthesis Report" option in "Analysis and Synthesis Settings -> More Settings" to "Off".


+--------------------------------------------------------------------------------------------------------------+
; Parameter Settings for User Entity Instance: DAC8568_CONTROL:inst4|regne:\DAC_DATA_REG_GEN_I:4:DAC_DATA_REGI ;
+----------------+-------+-------------------------------------------------------------------------------------+
; Parameter Name ; Value ; Type                                                                                ;
+----------------+-------+-------------------------------------------------------------------------------------+
; n              ; 16    ; Signed Integer                                                                      ;
+----------------+-------+-------------------------------------------------------------------------------------+
Note: In order to hide this table in the UI and the text report file, please set the "Show Parameter Settings in Synthesis Report" option in "Analysis and Synthesis Settings -> More Settings" to "Off".


+--------------------------------------------------------------------------------------------------------------+
; Parameter Settings for User Entity Instance: DAC8568_CONTROL:inst4|regne:\DAC_DATA_REG_GEN_I:5:DAC_DATA_REGI ;
+----------------+-------+-------------------------------------------------------------------------------------+
; Parameter Name ; Value ; Type                                                                                ;
+----------------+-------+-------------------------------------------------------------------------------------+
; n              ; 16    ; Signed Integer                                                                      ;
+----------------+-------+-------------------------------------------------------------------------------------+
Note: In order to hide this table in the UI and the text report file, please set the "Show Parameter Settings in Synthesis Report" option in "Analysis and Synthesis Settings -> More Settings" to "Off".


+--------------------------------------------------------------------------------------------------------------+
; Parameter Settings for User Entity Instance: DAC8568_CONTROL:inst4|regne:\DAC_DATA_REG_GEN_I:6:DAC_DATA_REGI ;
+----------------+-------+-------------------------------------------------------------------------------------+
; Parameter Name ; Value ; Type                                                                                ;
+----------------+-------+-------------------------------------------------------------------------------------+
; n              ; 16    ; Signed Integer                                                                      ;
+----------------+-------+-------------------------------------------------------------------------------------+
Note: In order to hide this table in the UI and the text report file, please set the "Show Parameter Settings in Synthesis Report" option in "Analysis and Synthesis Settings -> More Settings" to "Off".


+--------------------------------------------------------------------------------------------------------------+
; Parameter Settings for User Entity Instance: DAC8568_CONTROL:inst4|regne:\DAC_DATA_REG_GEN_I:7:DAC_DATA_REGI ;
+----------------+-------+-------------------------------------------------------------------------------------+
; Parameter Name ; Value ; Type                                                                                ;
+----------------+-------+-------------------------------------------------------------------------------------+
; n              ; 16    ; Signed Integer                                                                      ;
+----------------+-------+-------------------------------------------------------------------------------------+
Note: In order to hide this table in the UI and the text report file, please set the "Show Parameter Settings in Synthesis Report" option in "Analysis and Synthesis Settings -> More Settings" to "Off".


+--------------------------------------------------------------------------------------+
; Parameter Settings for User Entity Instance: DAC8568_CONTROL:inst4|counter:SCLK_CNTR ;
+----------------+-------+-------------------------------------------------------------+
; Parameter Name ; Value ; Type                                                        ;
+----------------+-------+-------------------------------------------------------------+
; n              ; 5     ; Signed Integer                                              ;
+----------------+-------+-------------------------------------------------------------+
Note: In order to hide this table in the UI and the text report file, please set the "Show Parameter Settings in Synthesis Report" option in "Analysis and Synthesis Settings -> More Settings" to "Off".


+--------------------------------------------------------------------------------------+
; Parameter Settings for User Entity Instance: DAC8568_CONTROL:inst4|counter:SYNC_CNTR ;
+----------------+-------+-------------------------------------------------------------+
; Parameter Name ; Value ; Type                                                        ;
+----------------+-------+-------------------------------------------------------------+
; n              ; 4     ; Signed Integer                                              ;
+----------------+-------+-------------------------------------------------------------+
Note: In order to hide this table in the UI and the text report file, please set the "Show Parameter Settings in Synthesis Report" option in "Analysis and Synthesis Settings -> More Settings" to "Off".


+------------------------------------------------------------------------------------------+
; Parameter Settings for User Entity Instance: DAC8568_CONTROL:inst4|counter:SCLK_DIV_CNTR ;
+----------------+-------+-----------------------------------------------------------------+
; Parameter Name ; Value ; Type                                                            ;
+----------------+-------+-----------------------------------------------------------------+
; n              ; 4     ; Signed Integer                                                  ;
+----------------+-------+-----------------------------------------------------------------+
Note: In order to hide this table in the UI and the text report file, please set the "Show Parameter Settings in Synthesis Report" option in "Analysis and Synthesis Settings -> More Settings" to "Off".


+------------------------------------------------------------------------------------------+
; Parameter Settings for User Entity Instance: DAC8568_CONTROL:inst4|counter:DAC_ADDR_CNTR ;
+----------------+-------+-----------------------------------------------------------------+
; Parameter Name ; Value ; Type                                                            ;
+----------------+-------+-----------------------------------------------------------------+
; n              ; 3     ; Signed Integer                                                  ;
+----------------+-------+-----------------------------------------------------------------+
Note: In order to hide this table in the UI and the text report file, please set the "Show Parameter Settings in Synthesis Report" option in "Analysis and Synthesis Settings -> More Settings" to "Off".


+----------------------------------------------------------------------------------------------+
; Parameter Settings for User Entity Instance: DAC8568_CONTROL:inst4|SHIFT_REG:DAC_DATA_IN_REG ;
+----------------+-------+---------------------------------------------------------------------+
; Parameter Name ; Value ; Type                                                                ;
+----------------+-------+---------------------------------------------------------------------+
; n              ; 32    ; Signed Integer                                                      ;
+----------------+-------+---------------------------------------------------------------------+
Note: In order to hide this table in the UI and the text report file, please set the "Show Parameter Settings in Synthesis Report" option in "Analysis and Synthesis Settings -> More Settings" to "Off".


+-------------------------------------------------------------------------------------------------------------------------------------------------------------------------------------------------------------------------------------------------------------------------------------------------+
; Parameter Settings for Inferred Entity Instance: sld_signaltap:auto_signaltap_0                                                                                                                                                                                                                 ;
+-------------------------------------------------+------------------------------------------------------------------------------------------------------------------------------------------------------------------------------------------------------------------------------+----------------+
; Parameter Name                                  ; Value                                                                                                                                                                                                                        ; Type           ;
+-------------------------------------------------+------------------------------------------------------------------------------------------------------------------------------------------------------------------------------------------------------------------------------+----------------+
; lpm_type                                        ; sld_signaltap                                                                                                                                                                                                                ; String         ;
; sld_node_info                                   ; 805334528                                                                                                                                                                                                                    ; Untyped        ;
; SLD_SECTION_ID                                  ; hdl_signaltap_0                                                                                                                                                                                                              ; String         ;
; SLD_IP_VERSION                                  ; 6                                                                                                                                                                                                                            ; Signed Integer ;
; SLD_IP_MINOR_VERSION                            ; 0                                                                                                                                                                                                                            ; Signed Integer ;
; SLD_COMMON_IP_VERSION                           ; 0                                                                                                                                                                                                                            ; Signed Integer ;
; sld_data_bits                                   ; 64                                                                                                                                                                                                                           ; Untyped        ;
; sld_trigger_bits                                ; 64                                                                                                                                                                                                                           ; Untyped        ;
; SLD_NODE_CRC_BITS                               ; 32                                                                                                                                                                                                                           ; Signed Integer ;
; SLD_NODE_CRC_HIWORD                             ; 41394                                                                                                                                                                                                                        ; Signed Integer ;
; SLD_NODE_CRC_LOWORD                             ; 50132                                                                                                                                                                                                                        ; Signed Integer ;
; sld_incremental_routing                         ; 1                                                                                                                                                                                                                            ; Untyped        ;
; sld_sample_depth                                ; 16384                                                                                                                                                                                                                        ; Untyped        ;
; sld_segment_size                                ; 16384                                                                                                                                                                                                                        ; Untyped        ;
; sld_ram_block_type                              ; AUTO                                                                                                                                                                                                                         ; Untyped        ;
; sld_state_bits                                  ; 11                                                                                                                                                                                                                           ; Untyped        ;
; sld_buffer_full_stop                            ; 1                                                                                                                                                                                                                            ; Untyped        ;
; SLD_MEM_ADDRESS_BITS                            ; 7                                                                                                                                                                                                                            ; Signed Integer ;
; SLD_DATA_BIT_CNTR_BITS                          ; 4                                                                                                                                                                                                                            ; Signed Integer ;
; sld_trigger_level                               ; 1                                                                                                                                                                                                                            ; Untyped        ;
; sld_trigger_in_enabled                          ; 0                                                                                                                                                                                                                            ; Untyped        ;
; SLD_HPS_TRIGGER_IN_ENABLED                      ; 0                                                                                                                                                                                                                            ; Signed Integer ;
; SLD_HPS_TRIGGER_OUT_ENABLED                     ; 0                                                                                                                                                                                                                            ; Signed Integer ;
; SLD_HPS_EVENT_ENABLED                           ; 0                                                                                                                                                                                                                            ; Signed Integer ;
; SLD_HPS_EVENT_ID                                ; 0                                                                                                                                                                                                                            ; Signed Integer ;
; sld_advanced_trigger_entity                     ; basic,1,                                                                                                                                                                                                                     ; Untyped        ;
; sld_trigger_level_pipeline                      ; 1                                                                                                                                                                                                                            ; Untyped        ;
; sld_trigger_pipeline                            ; 0                                                                                                                                                                                                                            ; Untyped        ;
; sld_ram_pipeline                                ; 0                                                                                                                                                                                                                            ; Untyped        ;
; sld_counter_pipeline                            ; 0                                                                                                                                                                                                                            ; Untyped        ;
; sld_enable_advanced_trigger                     ; 0                                                                                                                                                                                                                            ; Untyped        ;
; SLD_ADVANCED_TRIGGER_1                          ; NONE                                                                                                                                                                                                                         ; String         ;
; SLD_ADVANCED_TRIGGER_2                          ; NONE                                                                                                                                                                                                                         ; String         ;
; SLD_ADVANCED_TRIGGER_3                          ; NONE                                                                                                                                                                                                                         ; String         ;
; SLD_ADVANCED_TRIGGER_4                          ; NONE                                                                                                                                                                                                                         ; String         ;
; SLD_ADVANCED_TRIGGER_5                          ; NONE                                                                                                                                                                                                                         ; String         ;
; SLD_ADVANCED_TRIGGER_6                          ; NONE                                                                                                                                                                                                                         ; String         ;
; SLD_ADVANCED_TRIGGER_7                          ; NONE                                                                                                                                                                                                                         ; String         ;
; SLD_ADVANCED_TRIGGER_8                          ; NONE                                                                                                                                                                                                                         ; String         ;
; SLD_ADVANCED_TRIGGER_9                          ; NONE                                                                                                                                                                                                                         ; String         ;
; SLD_ADVANCED_TRIGGER_10                         ; NONE                                                                                                                                                                                                                         ; String         ;
; sld_inversion_mask_length                       ; 220                                                                                                                                                                                                                          ; Untyped        ;
; sld_inversion_mask                              ; 0000000000000000000000000000000000000000000000000000000000000000000000000000000000000000000000000000000000000000000000000000000000000000000000000000000000000000000000000000000000000000000000000000000000000000000000000000 ; Untyped        ;
; sld_power_up_trigger                            ; 0                                                                                                                                                                                                                            ; Untyped        ;
; SLD_STATE_FLOW_MGR_ENTITY                       ; state_flow_mgr_entity.vhd                                                                                                                                                                                                    ; String         ;
; sld_state_flow_use_generated                    ; 0                                                                                                                                                                                                                            ; Untyped        ;
; sld_current_resource_width                      ; 1                                                                                                                                                                                                                            ; Untyped        ;
; sld_attribute_mem_mode                          ; OFF                                                                                                                                                                                                                          ; Untyped        ;
; sld_storage_qualifier_bits                      ; 64                                                                                                                                                                                                                           ; Untyped        ;
; SLD_STORAGE_QUALIFIER_GAP_RECORD                ; 0                                                                                                                                                                                                                            ; Signed Integer ;
; SLD_STORAGE_QUALIFIER_MODE                      ; OFF                                                                                                                                                                                                                          ; String         ;
; SLD_STORAGE_QUALIFIER_ENABLE_ADVANCED_CONDITION ; 0                                                                                                                                                                                                                            ; Signed Integer ;
; sld_storage_qualifier_inversion_mask_length     ; 0                                                                                                                                                                                                                            ; Untyped        ;
; SLD_STORAGE_QUALIFIER_ADVANCED_CONDITION_ENTITY ; basic                                                                                                                                                                                                                        ; String         ;
; SLD_STORAGE_QUALIFIER_PIPELINE                  ; 0                                                                                                                                                                                                                            ; Signed Integer ;
; SLD_CREATE_MONITOR_INTERFACE                    ; 0                                                                                                                                                                                                                            ; Signed Integer ;
; SLD_USE_JTAG_SIGNAL_ADAPTER                     ; 1                                                                                                                                                                                                                            ; Signed Integer ;
+-------------------------------------------------+------------------------------------------------------------------------------------------------------------------------------------------------------------------------------------------------------------------------------+----------------+
Note: In order to hide this table in the UI and the text report file, please set the "Show Parameter Settings in Synthesis Report" option in "Analysis and Synthesis Settings -> More Settings" to "Off".


+----------------------------------------------------------------------------------------------------------+
; Parameter Settings for Inferred Entity Instance: mbp_top_level:inst|mbp:inst2|altsyncram:ram_block_rtl_0 ;
+------------------------------------+----------------------+----------------------------------------------+
; Parameter Name                     ; Value                ; Type                                         ;
+------------------------------------+----------------------+----------------------------------------------+
; BYTE_SIZE_BLOCK                    ; 8                    ; Untyped                                      ;
; AUTO_CARRY_CHAINS                  ; ON                   ; AUTO_CARRY                                   ;
; IGNORE_CARRY_BUFFERS               ; OFF                  ; IGNORE_CARRY                                 ;
; AUTO_CASCADE_CHAINS                ; ON                   ; AUTO_CASCADE                                 ;
; IGNORE_CASCADE_BUFFERS             ; OFF                  ; IGNORE_CASCADE                               ;
; WIDTH_BYTEENA                      ; 1                    ; Untyped                                      ;
; OPERATION_MODE                     ; SINGLE_PORT          ; Untyped                                      ;
; WIDTH_A                            ; 8                    ; Untyped                                      ;
; WIDTHAD_A                          ; 8                    ; Untyped                                      ;
; NUMWORDS_A                         ; 256                  ; Untyped                                      ;
; OUTDATA_REG_A                      ; UNREGISTERED         ; Untyped                                      ;
; ADDRESS_ACLR_A                     ; NONE                 ; Untyped                                      ;
; OUTDATA_ACLR_A                     ; NONE                 ; Untyped                                      ;
; WRCONTROL_ACLR_A                   ; NONE                 ; Untyped                                      ;
; INDATA_ACLR_A                      ; NONE                 ; Untyped                                      ;
; BYTEENA_ACLR_A                     ; NONE                 ; Untyped                                      ;
; WIDTH_B                            ; 1                    ; Untyped                                      ;
; WIDTHAD_B                          ; 1                    ; Untyped                                      ;
; NUMWORDS_B                         ; 1                    ; Untyped                                      ;
; INDATA_REG_B                       ; CLOCK1               ; Untyped                                      ;
; WRCONTROL_WRADDRESS_REG_B          ; CLOCK1               ; Untyped                                      ;
; RDCONTROL_REG_B                    ; CLOCK1               ; Untyped                                      ;
; ADDRESS_REG_B                      ; CLOCK1               ; Untyped                                      ;
; OUTDATA_REG_B                      ; UNREGISTERED         ; Untyped                                      ;
; BYTEENA_REG_B                      ; CLOCK1               ; Untyped                                      ;
; INDATA_ACLR_B                      ; NONE                 ; Untyped                                      ;
; WRCONTROL_ACLR_B                   ; NONE                 ; Untyped                                      ;
; ADDRESS_ACLR_B                     ; NONE                 ; Untyped                                      ;
; OUTDATA_ACLR_B                     ; NONE                 ; Untyped                                      ;
; RDCONTROL_ACLR_B                   ; NONE                 ; Untyped                                      ;
; BYTEENA_ACLR_B                     ; NONE                 ; Untyped                                      ;
; WIDTH_BYTEENA_A                    ; 1                    ; Untyped                                      ;
; WIDTH_BYTEENA_B                    ; 1                    ; Untyped                                      ;
; RAM_BLOCK_TYPE                     ; AUTO                 ; Untyped                                      ;
; BYTE_SIZE                          ; 8                    ; Untyped                                      ;
; READ_DURING_WRITE_MODE_MIXED_PORTS ; DONT_CARE            ; Untyped                                      ;
; READ_DURING_WRITE_MODE_PORT_A      ; OLD_DATA             ; Untyped                                      ;
; READ_DURING_WRITE_MODE_PORT_B      ; NEW_DATA_NO_NBE_READ ; Untyped                                      ;
; INIT_FILE                          ; UNUSED               ; Untyped                                      ;
; INIT_FILE_LAYOUT                   ; PORT_A               ; Untyped                                      ;
; MAXIMUM_DEPTH                      ; 0                    ; Untyped                                      ;
; CLOCK_ENABLE_INPUT_A               ; NORMAL               ; Untyped                                      ;
; CLOCK_ENABLE_INPUT_B               ; NORMAL               ; Untyped                                      ;
; CLOCK_ENABLE_OUTPUT_A              ; NORMAL               ; Untyped                                      ;
; CLOCK_ENABLE_OUTPUT_B              ; NORMAL               ; Untyped                                      ;
; CLOCK_ENABLE_CORE_A                ; USE_INPUT_CLKEN      ; Untyped                                      ;
; CLOCK_ENABLE_CORE_B                ; USE_INPUT_CLKEN      ; Untyped                                      ;
; ENABLE_ECC                         ; FALSE                ; Untyped                                      ;
; ECC_PIPELINE_STAGE_ENABLED         ; FALSE                ; Untyped                                      ;
; WIDTH_ECCSTATUS                    ; 3                    ; Untyped                                      ;
; DEVICE_FAMILY                      ; MAX 10               ; Untyped                                      ;
; CBXI_PARAMETER                     ; altsyncram_4n71      ; Untyped                                      ;
+------------------------------------+----------------------+----------------------------------------------+
Note: In order to hide this table in the UI and the text report file, please set the "Show Parameter Settings in Synthesis Report" option in "Analysis and Synthesis Settings -> More Settings" to "Off".


+-----------------------------------------------------------------------------------------------------+
; altsyncram Parameter Settings by Entity Instance                                                    ;
+-------------------------------------------+---------------------------------------------------------+
; Name                                      ; Value                                                   ;
+-------------------------------------------+---------------------------------------------------------+
; Number of entity instances                ; 1                                                       ;
; Entity Instance                           ; mbp_top_level:inst|mbp:inst2|altsyncram:ram_block_rtl_0 ;
;     -- OPERATION_MODE                     ; SINGLE_PORT                                             ;
;     -- WIDTH_A                            ; 8                                                       ;
;     -- NUMWORDS_A                         ; 256                                                     ;
;     -- OUTDATA_REG_A                      ; UNREGISTERED                                            ;
;     -- WIDTH_B                            ; 1                                                       ;
;     -- NUMWORDS_B                         ; 1                                                       ;
;     -- ADDRESS_REG_B                      ; CLOCK1                                                  ;
;     -- OUTDATA_REG_B                      ; UNREGISTERED                                            ;
;     -- RAM_BLOCK_TYPE                     ; AUTO                                                    ;
;     -- READ_DURING_WRITE_MODE_MIXED_PORTS ; DONT_CARE                                               ;
+-------------------------------------------+---------------------------------------------------------+


+-----------------------------------------------------------------------------+
; Port Connectivity Checks: "DAC8568_CONTROL:inst4|SHIFT_REG:DAC_DATA_IN_REG" ;
+-------------+-------+----------+--------------------------------------------+
; Port        ; Type  ; Severity ; Details                                    ;
+-------------+-------+----------+--------------------------------------------+
; inp[31..28] ; Input ; Info     ; Stuck at GND                               ;
; inp[26..25] ; Input ; Info     ; Stuck at GND                               ;
; inp[3..0]   ; Input ; Info     ; Stuck at GND                               ;
; inp[23]     ; Input ; Info     ; Stuck at GND                               ;
+-------------+-------+----------+--------------------------------------------+


+-------------------------------------------------------------------------+
; Port Connectivity Checks: "DAC8568_CONTROL:inst4|counter:DAC_ADDR_CNTR" ;
+-------+-------+----------+----------------------------------------------+
; Port  ; Type  ; Severity ; Details                                      ;
+-------+-------+----------+----------------------------------------------+
; clear ; Input ; Info     ; Stuck at VCC                                 ;
+-------+-------+----------+----------------------------------------------+


+---------------------------------------------------------------------+
; Port Connectivity Checks: "DAC8568_CONTROL:inst4|counter:SYNC_CNTR" ;
+-------+-------+----------+------------------------------------------+
; Port  ; Type  ; Severity ; Details                                  ;
+-------+-------+----------+------------------------------------------+
; clear ; Input ; Info     ; Stuck at VCC                             ;
+-------+-------+----------+------------------------------------------+


+----------------------------------------------------------------------------+
; Port Connectivity Checks: "DAC8568_CONTROL:inst4|FLIP_FLOP:DAC_DATA_LATCH" ;
+-------+-------+----------+-------------------------------------------------+
; Port  ; Type  ; Severity ; Details                                         ;
+-------+-------+----------+-------------------------------------------------+
; clear ; Input ; Info     ; Stuck at VCC                                    ;
; inp   ; Input ; Info     ; Stuck at VCC                                    ;
+-------+-------+----------+-------------------------------------------------+


+---------------------------------------------------------------------------------------------+
; Port Connectivity Checks: "DAC8568_CONTROL:inst4|regne:\DAC_DATA_REG_GEN_I:7:DAC_DATA_REGI" ;
+-------+-------+----------+------------------------------------------------------------------+
; Port  ; Type  ; Severity ; Details                                                          ;
+-------+-------+----------+------------------------------------------------------------------+
; clear ; Input ; Info     ; Stuck at VCC                                                     ;
+-------+-------+----------+------------------------------------------------------------------+


+---------------------------------------------------------------------------------------------+
; Port Connectivity Checks: "DAC8568_CONTROL:inst4|regne:\DAC_DATA_REG_GEN_I:6:DAC_DATA_REGI" ;
+-------+-------+----------+------------------------------------------------------------------+
; Port  ; Type  ; Severity ; Details                                                          ;
+-------+-------+----------+------------------------------------------------------------------+
; clear ; Input ; Info     ; Stuck at VCC                                                     ;
+-------+-------+----------+------------------------------------------------------------------+


+---------------------------------------------------------------------------------------------+
; Port Connectivity Checks: "DAC8568_CONTROL:inst4|regne:\DAC_DATA_REG_GEN_I:5:DAC_DATA_REGI" ;
+-------+-------+----------+------------------------------------------------------------------+
; Port  ; Type  ; Severity ; Details                                                          ;
+-------+-------+----------+------------------------------------------------------------------+
; clear ; Input ; Info     ; Stuck at VCC                                                     ;
+-------+-------+----------+------------------------------------------------------------------+


+---------------------------------------------------------------------------------------------+
; Port Connectivity Checks: "DAC8568_CONTROL:inst4|regne:\DAC_DATA_REG_GEN_I:4:DAC_DATA_REGI" ;
+-------+-------+----------+------------------------------------------------------------------+
; Port  ; Type  ; Severity ; Details                                                          ;
+-------+-------+----------+------------------------------------------------------------------+
; clear ; Input ; Info     ; Stuck at VCC                                                     ;
+-------+-------+----------+------------------------------------------------------------------+


+---------------------------------------------------------------------------------------------+
; Port Connectivity Checks: "DAC8568_CONTROL:inst4|regne:\DAC_DATA_REG_GEN_I:3:DAC_DATA_REGI" ;
+-------+-------+----------+------------------------------------------------------------------+
; Port  ; Type  ; Severity ; Details                                                          ;
+-------+-------+----------+------------------------------------------------------------------+
; clear ; Input ; Info     ; Stuck at VCC                                                     ;
+-------+-------+----------+------------------------------------------------------------------+


+---------------------------------------------------------------------------------------------+
; Port Connectivity Checks: "DAC8568_CONTROL:inst4|regne:\DAC_DATA_REG_GEN_I:2:DAC_DATA_REGI" ;
+-------+-------+----------+------------------------------------------------------------------+
; Port  ; Type  ; Severity ; Details                                                          ;
+-------+-------+----------+------------------------------------------------------------------+
; clear ; Input ; Info     ; Stuck at VCC                                                     ;
+-------+-------+----------+------------------------------------------------------------------+


+---------------------------------------------------------------------------------------------+
; Port Connectivity Checks: "DAC8568_CONTROL:inst4|regne:\DAC_DATA_REG_GEN_I:1:DAC_DATA_REGI" ;
+-------+-------+----------+------------------------------------------------------------------+
; Port  ; Type  ; Severity ; Details                                                          ;
+-------+-------+----------+------------------------------------------------------------------+
; clear ; Input ; Info     ; Stuck at VCC                                                     ;
+-------+-------+----------+------------------------------------------------------------------+


+---------------------------------------------------------------------------------------------+
; Port Connectivity Checks: "DAC8568_CONTROL:inst4|regne:\DAC_DATA_REG_GEN_I:0:DAC_DATA_REGI" ;
+-------+-------+----------+------------------------------------------------------------------+
; Port  ; Type  ; Severity ; Details                                                          ;
+-------+-------+----------+------------------------------------------------------------------+
; clear ; Input ; Info     ; Stuck at VCC                                                     ;
+-------+-------+----------+------------------------------------------------------------------+


+-------------------------------------------------------------------------------------------------------------------+
; Port Connectivity Checks: "mbp_top_level:inst|slim_txrx:inst1"                                                    ;
+---------+--------+----------+-------------------------------------------------------------------------------------+
; Port    ; Type   ; Severity ; Details                                                                             ;
+---------+--------+----------+-------------------------------------------------------------------------------------+
; tx_done ; Output ; Info     ; Connected to dangling logic. Logic that only feeds a dangling port will be removed. ;
+---------+--------+----------+-------------------------------------------------------------------------------------+


+-----------------------------------------------------------------------------------------------------------------------+
; Port Connectivity Checks: "ADS8688v2:inst3|FILTERS:\ADCDataFilter:0:ADC_Filter|IIR_SIMPLE:SIMPLEIIR|regne:OUTPUT_REG" ;
+-------+-------+----------+--------------------------------------------------------------------------------------------+
; Port  ; Type  ; Severity ; Details                                                                                    ;
+-------+-------+----------+--------------------------------------------------------------------------------------------+
; clear ; Input ; Info     ; Stuck at VCC                                                                               ;
+-------+-------+----------+--------------------------------------------------------------------------------------------+


+-----------------------------------------------------------------------------------------------------------------------+
; Port Connectivity Checks: "ADS8688v2:inst3|FILTERS:\ADCDataFilter:0:ADC_Filter|IIR_SIMPLE:SIMPLEIIR|regne:FILTER_REG" ;
+-------+-------+----------+--------------------------------------------------------------------------------------------+
; Port  ; Type  ; Severity ; Details                                                                                    ;
+-------+-------+----------+--------------------------------------------------------------------------------------------+
; clear ; Input ; Info     ; Stuck at VCC                                                                               ;
+-------+-------+----------+--------------------------------------------------------------------------------------------+


+------------------------------------------------------------------------------------------------+
; Port Connectivity Checks: "ADS8688v2:inst3|FILTERS:\ADCDataFilter:0:ADC_Filter|regne:DATA_BUF" ;
+-------+-------+----------+---------------------------------------------------------------------+
; Port  ; Type  ; Severity ; Details                                                             ;
+-------+-------+----------+---------------------------------------------------------------------+
; clear ; Input ; Info     ; Stuck at VCC                                                        ;
; en    ; Input ; Info     ; Stuck at VCC                                                        ;
+-------+-------+----------+---------------------------------------------------------------------+


+-------------------------------------------------------------------------------------------------------------------------------------------------------------------------------------------------------------------------------------------------------------------------+
; Signal Tap Logic Analyzer Settings                                                                                                                                                                                                                                      ;
+----------------+------------------+---------------------+------------------+--------------+----------+------------------------+----------------------+--------------------+-----------------------------+-----------------+------------------+--------------------------+
; Instance Index ; Instance Name    ; Trigger Input Width ; Data Input Width ; Sample Depth ; Segments ; Storage Qualifier Type ; Trigger Flow Control ; Trigger Conditions ; Advanced Trigger Conditions ; Trigger In Used ; Trigger Out Used ; Power-Up Trigger Enabled ;
+----------------+------------------+---------------------+------------------+--------------+----------+------------------------+----------------------+--------------------+-----------------------------+-----------------+------------------+--------------------------+
; 0              ; auto_signaltap_0 ; 64                  ; 64               ; 16384        ; 1        ; continuous             ; sequential           ; 1                  ; 0                           ; no              ; no               ; no                       ;
+----------------+------------------+---------------------+------------------+--------------+----------+------------------------+----------------------+--------------------+-----------------------------+-----------------+------------------+--------------------------+


+-----------------------------------------------------+
; Post-Synthesis Netlist Statistics for Top Partition ;
+-----------------------+-----------------------------+
; Type                  ; Count                       ;
+-----------------------+-----------------------------+
; boundary_port         ; 21                          ;
; cycloneiii_ff         ; 3029                        ;
;     CLR               ; 423                         ;
;     CLR SCLR          ; 1                           ;
;     ENA               ; 1812                        ;
;     ENA CLR           ; 482                         ;
;     ENA CLR SCLR      ; 54                          ;
;     ENA CLR SLD       ; 7                           ;
;     ENA SCLR          ; 41                          ;
;     ENA SCLR SLD      ; 2                           ;
;     SCLR              ; 16                          ;
;     SLD               ; 1                           ;
;     plain             ; 190                         ;
; cycloneiii_lcell_comb ; 3342                        ;
;     arith             ; 1400                        ;
;         2 data inputs ; 206                         ;
;         3 data inputs ; 1194                        ;
;     normal            ; 1942                        ;
;         0 data inputs ; 2                           ;
;         1 data inputs ; 47                          ;
;         2 data inputs ; 924                         ;
;         3 data inputs ; 270                         ;
;         4 data inputs ; 699                         ;
; cycloneiii_ram_block  ; 8                           ;
;                       ;                             ;
; Max LUT depth         ; 8.40                        ;
; Average LUT depth     ; 4.99                        ;
+-----------------------+-----------------------------+


+-------------------------------+
; Elapsed Time Per Partition    ;
+----------------+--------------+
; Partition Name ; Elapsed Time ;
+----------------+--------------+
; Top            ; 00:00:03     ;
+----------------+--------------+


+-------------------------------------------------------------------------------------------------------------------------------------------------------------------------------------------------------------------------------+
; Connections to In-System Debugging Instance "auto_signaltap_0"                                                                                                                                                                ;
+------------------------------------------------------------------+--------------+-----------+--------------------------------+-------------------+------------------------------------------------------------------+---------+
; Name                                                             ; Type         ; Status    ; Partition Name                 ; Netlist Type Used ; Actual Connection                                                ; Details ;
+------------------------------------------------------------------+--------------+-----------+--------------------------------+-------------------+------------------------------------------------------------------+---------+
; ADS8688v2:inst3|FILTERS:\ADCDataFilter:0:ADC_Filter|DATA_OUT[0]  ; post-fitting ; connected ; Top                            ; post-synthesis    ; ADS8688v2:inst3|FILTERS:\ADCDataFilter:0:ADC_Filter|DATA_OUT[0]  ; N/A     ;
; ADS8688v2:inst3|FILTERS:\ADCDataFilter:0:ADC_Filter|DATA_OUT[0]  ; post-fitting ; connected ; Top                            ; post-synthesis    ; ADS8688v2:inst3|FILTERS:\ADCDataFilter:0:ADC_Filter|DATA_OUT[0]  ; N/A     ;
; ADS8688v2:inst3|FILTERS:\ADCDataFilter:0:ADC_Filter|DATA_OUT[10] ; post-fitting ; connected ; Top                            ; post-synthesis    ; ADS8688v2:inst3|FILTERS:\ADCDataFilter:0:ADC_Filter|DATA_OUT[10] ; N/A     ;
; ADS8688v2:inst3|FILTERS:\ADCDataFilter:0:ADC_Filter|DATA_OUT[10] ; post-fitting ; connected ; Top                            ; post-synthesis    ; ADS8688v2:inst3|FILTERS:\ADCDataFilter:0:ADC_Filter|DATA_OUT[10] ; N/A     ;
; ADS8688v2:inst3|FILTERS:\ADCDataFilter:0:ADC_Filter|DATA_OUT[11] ; post-fitting ; connected ; Top                            ; post-synthesis    ; ADS8688v2:inst3|FILTERS:\ADCDataFilter:0:ADC_Filter|DATA_OUT[11] ; N/A     ;
; ADS8688v2:inst3|FILTERS:\ADCDataFilter:0:ADC_Filter|DATA_OUT[11] ; post-fitting ; connected ; Top                            ; post-synthesis    ; ADS8688v2:inst3|FILTERS:\ADCDataFilter:0:ADC_Filter|DATA_OUT[11] ; N/A     ;
; ADS8688v2:inst3|FILTERS:\ADCDataFilter:0:ADC_Filter|DATA_OUT[12] ; post-fitting ; connected ; Top                            ; post-synthesis    ; ADS8688v2:inst3|FILTERS:\ADCDataFilter:0:ADC_Filter|DATA_OUT[12] ; N/A     ;
; ADS8688v2:inst3|FILTERS:\ADCDataFilter:0:ADC_Filter|DATA_OUT[12] ; post-fitting ; connected ; Top                            ; post-synthesis    ; ADS8688v2:inst3|FILTERS:\ADCDataFilter:0:ADC_Filter|DATA_OUT[12] ; N/A     ;
; ADS8688v2:inst3|FILTERS:\ADCDataFilter:0:ADC_Filter|DATA_OUT[13] ; post-fitting ; connected ; Top                            ; post-synthesis    ; ADS8688v2:inst3|FILTERS:\ADCDataFilter:0:ADC_Filter|DATA_OUT[13] ; N/A     ;
; ADS8688v2:inst3|FILTERS:\ADCDataFilter:0:ADC_Filter|DATA_OUT[13] ; post-fitting ; connected ; Top                            ; post-synthesis    ; ADS8688v2:inst3|FILTERS:\ADCDataFilter:0:ADC_Filter|DATA_OUT[13] ; N/A     ;
; ADS8688v2:inst3|FILTERS:\ADCDataFilter:0:ADC_Filter|DATA_OUT[14] ; post-fitting ; connected ; Top                            ; post-synthesis    ; ADS8688v2:inst3|FILTERS:\ADCDataFilter:0:ADC_Filter|DATA_OUT[14] ; N/A     ;
; ADS8688v2:inst3|FILTERS:\ADCDataFilter:0:ADC_Filter|DATA_OUT[14] ; post-fitting ; connected ; Top                            ; post-synthesis    ; ADS8688v2:inst3|FILTERS:\ADCDataFilter:0:ADC_Filter|DATA_OUT[14] ; N/A     ;
; ADS8688v2:inst3|FILTERS:\ADCDataFilter:0:ADC_Filter|DATA_OUT[15] ; post-fitting ; connected ; Top                            ; post-synthesis    ; ADS8688v2:inst3|FILTERS:\ADCDataFilter:0:ADC_Filter|DATA_OUT[15] ; N/A     ;
; ADS8688v2:inst3|FILTERS:\ADCDataFilter:0:ADC_Filter|DATA_OUT[15] ; post-fitting ; connected ; Top                            ; post-synthesis    ; ADS8688v2:inst3|FILTERS:\ADCDataFilter:0:ADC_Filter|DATA_OUT[15] ; N/A     ;
; ADS8688v2:inst3|FILTERS:\ADCDataFilter:0:ADC_Filter|DATA_OUT[1]  ; post-fitting ; connected ; Top                            ; post-synthesis    ; ADS8688v2:inst3|FILTERS:\ADCDataFilter:0:ADC_Filter|DATA_OUT[1]  ; N/A     ;
; ADS8688v2:inst3|FILTERS:\ADCDataFilter:0:ADC_Filter|DATA_OUT[1]  ; post-fitting ; connected ; Top                            ; post-synthesis    ; ADS8688v2:inst3|FILTERS:\ADCDataFilter:0:ADC_Filter|DATA_OUT[1]  ; N/A     ;
; ADS8688v2:inst3|FILTERS:\ADCDataFilter:0:ADC_Filter|DATA_OUT[2]  ; post-fitting ; connected ; Top                            ; post-synthesis    ; ADS8688v2:inst3|FILTERS:\ADCDataFilter:0:ADC_Filter|DATA_OUT[2]  ; N/A     ;
; ADS8688v2:inst3|FILTERS:\ADCDataFilter:0:ADC_Filter|DATA_OUT[2]  ; post-fitting ; connected ; Top                            ; post-synthesis    ; ADS8688v2:inst3|FILTERS:\ADCDataFilter:0:ADC_Filter|DATA_OUT[2]  ; N/A     ;
; ADS8688v2:inst3|FILTERS:\ADCDataFilter:0:ADC_Filter|DATA_OUT[3]  ; post-fitting ; connected ; Top                            ; post-synthesis    ; ADS8688v2:inst3|FILTERS:\ADCDataFilter:0:ADC_Filter|DATA_OUT[3]  ; N/A     ;
; ADS8688v2:inst3|FILTERS:\ADCDataFilter:0:ADC_Filter|DATA_OUT[3]  ; post-fitting ; connected ; Top                            ; post-synthesis    ; ADS8688v2:inst3|FILTERS:\ADCDataFilter:0:ADC_Filter|DATA_OUT[3]  ; N/A     ;
; ADS8688v2:inst3|FILTERS:\ADCDataFilter:0:ADC_Filter|DATA_OUT[4]  ; post-fitting ; connected ; Top                            ; post-synthesis    ; ADS8688v2:inst3|FILTERS:\ADCDataFilter:0:ADC_Filter|DATA_OUT[4]  ; N/A     ;
; ADS8688v2:inst3|FILTERS:\ADCDataFilter:0:ADC_Filter|DATA_OUT[4]  ; post-fitting ; connected ; Top                            ; post-synthesis    ; ADS8688v2:inst3|FILTERS:\ADCDataFilter:0:ADC_Filter|DATA_OUT[4]  ; N/A     ;
; ADS8688v2:inst3|FILTERS:\ADCDataFilter:0:ADC_Filter|DATA_OUT[5]  ; post-fitting ; connected ; Top                            ; post-synthesis    ; ADS8688v2:inst3|FILTERS:\ADCDataFilter:0:ADC_Filter|DATA_OUT[5]  ; N/A     ;
; ADS8688v2:inst3|FILTERS:\ADCDataFilter:0:ADC_Filter|DATA_OUT[5]  ; post-fitting ; connected ; Top                            ; post-synthesis    ; ADS8688v2:inst3|FILTERS:\ADCDataFilter:0:ADC_Filter|DATA_OUT[5]  ; N/A     ;
; ADS8688v2:inst3|FILTERS:\ADCDataFilter:0:ADC_Filter|DATA_OUT[6]  ; post-fitting ; connected ; Top                            ; post-synthesis    ; ADS8688v2:inst3|FILTERS:\ADCDataFilter:0:ADC_Filter|DATA_OUT[6]  ; N/A     ;
; ADS8688v2:inst3|FILTERS:\ADCDataFilter:0:ADC_Filter|DATA_OUT[6]  ; post-fitting ; connected ; Top                            ; post-synthesis    ; ADS8688v2:inst3|FILTERS:\ADCDataFilter:0:ADC_Filter|DATA_OUT[6]  ; N/A     ;
; ADS8688v2:inst3|FILTERS:\ADCDataFilter:0:ADC_Filter|DATA_OUT[7]  ; post-fitting ; connected ; Top                            ; post-synthesis    ; ADS8688v2:inst3|FILTERS:\ADCDataFilter:0:ADC_Filter|DATA_OUT[7]  ; N/A     ;
; ADS8688v2:inst3|FILTERS:\ADCDataFilter:0:ADC_Filter|DATA_OUT[7]  ; post-fitting ; connected ; Top                            ; post-synthesis    ; ADS8688v2:inst3|FILTERS:\ADCDataFilter:0:ADC_Filter|DATA_OUT[7]  ; N/A     ;
; ADS8688v2:inst3|FILTERS:\ADCDataFilter:0:ADC_Filter|DATA_OUT[8]  ; post-fitting ; connected ; Top                            ; post-synthesis    ; ADS8688v2:inst3|FILTERS:\ADCDataFilter:0:ADC_Filter|DATA_OUT[8]  ; N/A     ;
; ADS8688v2:inst3|FILTERS:\ADCDataFilter:0:ADC_Filter|DATA_OUT[8]  ; post-fitting ; connected ; Top                            ; post-synthesis    ; ADS8688v2:inst3|FILTERS:\ADCDataFilter:0:ADC_Filter|DATA_OUT[8]  ; N/A     ;
; ADS8688v2:inst3|FILTERS:\ADCDataFilter:0:ADC_Filter|DATA_OUT[9]  ; post-fitting ; connected ; Top                            ; post-synthesis    ; ADS8688v2:inst3|FILTERS:\ADCDataFilter:0:ADC_Filter|DATA_OUT[9]  ; N/A     ;
; ADS8688v2:inst3|FILTERS:\ADCDataFilter:0:ADC_Filter|DATA_OUT[9]  ; post-fitting ; connected ; Top                            ; post-synthesis    ; ADS8688v2:inst3|FILTERS:\ADCDataFilter:0:ADC_Filter|DATA_OUT[9]  ; N/A     ;
; ADS8688v2:inst3|FILTERS:\ADCDataFilter:1:ADC_Filter|DATA_OUT[0]  ; post-fitting ; connected ; Top                            ; post-synthesis    ; ADS8688v2:inst3|FILTERS:\ADCDataFilter:1:ADC_Filter|DATA_OUT[0]  ; N/A     ;
; ADS8688v2:inst3|FILTERS:\ADCDataFilter:1:ADC_Filter|DATA_OUT[0]  ; post-fitting ; connected ; Top                            ; post-synthesis    ; ADS8688v2:inst3|FILTERS:\ADCDataFilter:1:ADC_Filter|DATA_OUT[0]  ; N/A     ;
; ADS8688v2:inst3|FILTERS:\ADCDataFilter:1:ADC_Filter|DATA_OUT[10] ; post-fitting ; connected ; Top                            ; post-synthesis    ; ADS8688v2:inst3|FILTERS:\ADCDataFilter:1:ADC_Filter|DATA_OUT[10] ; N/A     ;
; ADS8688v2:inst3|FILTERS:\ADCDataFilter:1:ADC_Filter|DATA_OUT[10] ; post-fitting ; connected ; Top                            ; post-synthesis    ; ADS8688v2:inst3|FILTERS:\ADCDataFilter:1:ADC_Filter|DATA_OUT[10] ; N/A     ;
; ADS8688v2:inst3|FILTERS:\ADCDataFilter:1:ADC_Filter|DATA_OUT[11] ; post-fitting ; connected ; Top                            ; post-synthesis    ; ADS8688v2:inst3|FILTERS:\ADCDataFilter:1:ADC_Filter|DATA_OUT[11] ; N/A     ;
; ADS8688v2:inst3|FILTERS:\ADCDataFilter:1:ADC_Filter|DATA_OUT[11] ; post-fitting ; connected ; Top                            ; post-synthesis    ; ADS8688v2:inst3|FILTERS:\ADCDataFilter:1:ADC_Filter|DATA_OUT[11] ; N/A     ;
; ADS8688v2:inst3|FILTERS:\ADCDataFilter:1:ADC_Filter|DATA_OUT[12] ; post-fitting ; connected ; Top                            ; post-synthesis    ; ADS8688v2:inst3|FILTERS:\ADCDataFilter:1:ADC_Filter|DATA_OUT[12] ; N/A     ;
; ADS8688v2:inst3|FILTERS:\ADCDataFilter:1:ADC_Filter|DATA_OUT[12] ; post-fitting ; connected ; Top                            ; post-synthesis    ; ADS8688v2:inst3|FILTERS:\ADCDataFilter:1:ADC_Filter|DATA_OUT[12] ; N/A     ;
; ADS8688v2:inst3|FILTERS:\ADCDataFilter:1:ADC_Filter|DATA_OUT[13] ; post-fitting ; connected ; Top                            ; post-synthesis    ; ADS8688v2:inst3|FILTERS:\ADCDataFilter:1:ADC_Filter|DATA_OUT[13] ; N/A     ;
; ADS8688v2:inst3|FILTERS:\ADCDataFilter:1:ADC_Filter|DATA_OUT[13] ; post-fitting ; connected ; Top                            ; post-synthesis    ; ADS8688v2:inst3|FILTERS:\ADCDataFilter:1:ADC_Filter|DATA_OUT[13] ; N/A     ;
; ADS8688v2:inst3|FILTERS:\ADCDataFilter:1:ADC_Filter|DATA_OUT[14] ; post-fitting ; connected ; Top                            ; post-synthesis    ; ADS8688v2:inst3|FILTERS:\ADCDataFilter:1:ADC_Filter|DATA_OUT[14] ; N/A     ;
; ADS8688v2:inst3|FILTERS:\ADCDataFilter:1:ADC_Filter|DATA_OUT[14] ; post-fitting ; connected ; Top                            ; post-synthesis    ; ADS8688v2:inst3|FILTERS:\ADCDataFilter:1:ADC_Filter|DATA_OUT[14] ; N/A     ;
; ADS8688v2:inst3|FILTERS:\ADCDataFilter:1:ADC_Filter|DATA_OUT[15] ; post-fitting ; connected ; Top                            ; post-synthesis    ; ADS8688v2:inst3|FILTERS:\ADCDataFilter:1:ADC_Filter|DATA_OUT[15] ; N/A     ;
; ADS8688v2:inst3|FILTERS:\ADCDataFilter:1:ADC_Filter|DATA_OUT[15] ; post-fitting ; connected ; Top                            ; post-synthesis    ; ADS8688v2:inst3|FILTERS:\ADCDataFilter:1:ADC_Filter|DATA_OUT[15] ; N/A     ;
; ADS8688v2:inst3|FILTERS:\ADCDataFilter:1:ADC_Filter|DATA_OUT[1]  ; post-fitting ; connected ; Top                            ; post-synthesis    ; ADS8688v2:inst3|FILTERS:\ADCDataFilter:1:ADC_Filter|DATA_OUT[1]  ; N/A     ;
; ADS8688v2:inst3|FILTERS:\ADCDataFilter:1:ADC_Filter|DATA_OUT[1]  ; post-fitting ; connected ; Top                            ; post-synthesis    ; ADS8688v2:inst3|FILTERS:\ADCDataFilter:1:ADC_Filter|DATA_OUT[1]  ; N/A     ;
; ADS8688v2:inst3|FILTERS:\ADCDataFilter:1:ADC_Filter|DATA_OUT[2]  ; post-fitting ; connected ; Top                            ; post-synthesis    ; ADS8688v2:inst3|FILTERS:\ADCDataFilter:1:ADC_Filter|DATA_OUT[2]  ; N/A     ;
; ADS8688v2:inst3|FILTERS:\ADCDataFilter:1:ADC_Filter|DATA_OUT[2]  ; post-fitting ; connected ; Top                            ; post-synthesis    ; ADS8688v2:inst3|FILTERS:\ADCDataFilter:1:ADC_Filter|DATA_OUT[2]  ; N/A     ;
; ADS8688v2:inst3|FILTERS:\ADCDataFilter:1:ADC_Filter|DATA_OUT[3]  ; post-fitting ; connected ; Top                            ; post-synthesis    ; ADS8688v2:inst3|FILTERS:\ADCDataFilter:1:ADC_Filter|DATA_OUT[3]  ; N/A     ;
; ADS8688v2:inst3|FILTERS:\ADCDataFilter:1:ADC_Filter|DATA_OUT[3]  ; post-fitting ; connected ; Top                            ; post-synthesis    ; ADS8688v2:inst3|FILTERS:\ADCDataFilter:1:ADC_Filter|DATA_OUT[3]  ; N/A     ;
; ADS8688v2:inst3|FILTERS:\ADCDataFilter:1:ADC_Filter|DATA_OUT[4]  ; post-fitting ; connected ; Top                            ; post-synthesis    ; ADS8688v2:inst3|FILTERS:\ADCDataFilter:1:ADC_Filter|DATA_OUT[4]  ; N/A     ;
; ADS8688v2:inst3|FILTERS:\ADCDataFilter:1:ADC_Filter|DATA_OUT[4]  ; post-fitting ; connected ; Top                            ; post-synthesis    ; ADS8688v2:inst3|FILTERS:\ADCDataFilter:1:ADC_Filter|DATA_OUT[4]  ; N/A     ;
; ADS8688v2:inst3|FILTERS:\ADCDataFilter:1:ADC_Filter|DATA_OUT[5]  ; post-fitting ; connected ; Top                            ; post-synthesis    ; ADS8688v2:inst3|FILTERS:\ADCDataFilter:1:ADC_Filter|DATA_OUT[5]  ; N/A     ;
; ADS8688v2:inst3|FILTERS:\ADCDataFilter:1:ADC_Filter|DATA_OUT[5]  ; post-fitting ; connected ; Top                            ; post-synthesis    ; ADS8688v2:inst3|FILTERS:\ADCDataFilter:1:ADC_Filter|DATA_OUT[5]  ; N/A     ;
; ADS8688v2:inst3|FILTERS:\ADCDataFilter:1:ADC_Filter|DATA_OUT[6]  ; post-fitting ; connected ; Top                            ; post-synthesis    ; ADS8688v2:inst3|FILTERS:\ADCDataFilter:1:ADC_Filter|DATA_OUT[6]  ; N/A     ;
; ADS8688v2:inst3|FILTERS:\ADCDataFilter:1:ADC_Filter|DATA_OUT[6]  ; post-fitting ; connected ; Top                            ; post-synthesis    ; ADS8688v2:inst3|FILTERS:\ADCDataFilter:1:ADC_Filter|DATA_OUT[6]  ; N/A     ;
; ADS8688v2:inst3|FILTERS:\ADCDataFilter:1:ADC_Filter|DATA_OUT[7]  ; post-fitting ; connected ; Top                            ; post-synthesis    ; ADS8688v2:inst3|FILTERS:\ADCDataFilter:1:ADC_Filter|DATA_OUT[7]  ; N/A     ;
; ADS8688v2:inst3|FILTERS:\ADCDataFilter:1:ADC_Filter|DATA_OUT[7]  ; post-fitting ; connected ; Top                            ; post-synthesis    ; ADS8688v2:inst3|FILTERS:\ADCDataFilter:1:ADC_Filter|DATA_OUT[7]  ; N/A     ;
; ADS8688v2:inst3|FILTERS:\ADCDataFilter:1:ADC_Filter|DATA_OUT[8]  ; post-fitting ; connected ; Top                            ; post-synthesis    ; ADS8688v2:inst3|FILTERS:\ADCDataFilter:1:ADC_Filter|DATA_OUT[8]  ; N/A     ;
; ADS8688v2:inst3|FILTERS:\ADCDataFilter:1:ADC_Filter|DATA_OUT[8]  ; post-fitting ; connected ; Top                            ; post-synthesis    ; ADS8688v2:inst3|FILTERS:\ADCDataFilter:1:ADC_Filter|DATA_OUT[8]  ; N/A     ;
; ADS8688v2:inst3|FILTERS:\ADCDataFilter:1:ADC_Filter|DATA_OUT[9]  ; post-fitting ; connected ; Top                            ; post-synthesis    ; ADS8688v2:inst3|FILTERS:\ADCDataFilter:1:ADC_Filter|DATA_OUT[9]  ; N/A     ;
; ADS8688v2:inst3|FILTERS:\ADCDataFilter:1:ADC_Filter|DATA_OUT[9]  ; post-fitting ; connected ; Top                            ; post-synthesis    ; ADS8688v2:inst3|FILTERS:\ADCDataFilter:1:ADC_Filter|DATA_OUT[9]  ; N/A     ;
; ADS8688v2:inst3|FILTERS:\ADCDataFilter:2:ADC_Filter|DATA_OUT[0]  ; post-fitting ; connected ; Top                            ; post-synthesis    ; ADS8688v2:inst3|FILTERS:\ADCDataFilter:2:ADC_Filter|DATA_OUT[0]  ; N/A     ;
; ADS8688v2:inst3|FILTERS:\ADCDataFilter:2:ADC_Filter|DATA_OUT[0]  ; post-fitting ; connected ; Top                            ; post-synthesis    ; ADS8688v2:inst3|FILTERS:\ADCDataFilter:2:ADC_Filter|DATA_OUT[0]  ; N/A     ;
; ADS8688v2:inst3|FILTERS:\ADCDataFilter:2:ADC_Filter|DATA_OUT[10] ; post-fitting ; connected ; Top                            ; post-synthesis    ; ADS8688v2:inst3|FILTERS:\ADCDataFilter:2:ADC_Filter|DATA_OUT[10] ; N/A     ;
; ADS8688v2:inst3|FILTERS:\ADCDataFilter:2:ADC_Filter|DATA_OUT[10] ; post-fitting ; connected ; Top                            ; post-synthesis    ; ADS8688v2:inst3|FILTERS:\ADCDataFilter:2:ADC_Filter|DATA_OUT[10] ; N/A     ;
; ADS8688v2:inst3|FILTERS:\ADCDataFilter:2:ADC_Filter|DATA_OUT[11] ; post-fitting ; connected ; Top                            ; post-synthesis    ; ADS8688v2:inst3|FILTERS:\ADCDataFilter:2:ADC_Filter|DATA_OUT[11] ; N/A     ;
; ADS8688v2:inst3|FILTERS:\ADCDataFilter:2:ADC_Filter|DATA_OUT[11] ; post-fitting ; connected ; Top                            ; post-synthesis    ; ADS8688v2:inst3|FILTERS:\ADCDataFilter:2:ADC_Filter|DATA_OUT[11] ; N/A     ;
; ADS8688v2:inst3|FILTERS:\ADCDataFilter:2:ADC_Filter|DATA_OUT[12] ; post-fitting ; connected ; Top                            ; post-synthesis    ; ADS8688v2:inst3|FILTERS:\ADCDataFilter:2:ADC_Filter|DATA_OUT[12] ; N/A     ;
; ADS8688v2:inst3|FILTERS:\ADCDataFilter:2:ADC_Filter|DATA_OUT[12] ; post-fitting ; connected ; Top                            ; post-synthesis    ; ADS8688v2:inst3|FILTERS:\ADCDataFilter:2:ADC_Filter|DATA_OUT[12] ; N/A     ;
; ADS8688v2:inst3|FILTERS:\ADCDataFilter:2:ADC_Filter|DATA_OUT[13] ; post-fitting ; connected ; Top                            ; post-synthesis    ; ADS8688v2:inst3|FILTERS:\ADCDataFilter:2:ADC_Filter|DATA_OUT[13] ; N/A     ;
; ADS8688v2:inst3|FILTERS:\ADCDataFilter:2:ADC_Filter|DATA_OUT[13] ; post-fitting ; connected ; Top                            ; post-synthesis    ; ADS8688v2:inst3|FILTERS:\ADCDataFilter:2:ADC_Filter|DATA_OUT[13] ; N/A     ;
; ADS8688v2:inst3|FILTERS:\ADCDataFilter:2:ADC_Filter|DATA_OUT[14] ; post-fitting ; connected ; Top                            ; post-synthesis    ; ADS8688v2:inst3|FILTERS:\ADCDataFilter:2:ADC_Filter|DATA_OUT[14] ; N/A     ;
; ADS8688v2:inst3|FILTERS:\ADCDataFilter:2:ADC_Filter|DATA_OUT[14] ; post-fitting ; connected ; Top                            ; post-synthesis    ; ADS8688v2:inst3|FILTERS:\ADCDataFilter:2:ADC_Filter|DATA_OUT[14] ; N/A     ;
; ADS8688v2:inst3|FILTERS:\ADCDataFilter:2:ADC_Filter|DATA_OUT[15] ; post-fitting ; connected ; Top                            ; post-synthesis    ; ADS8688v2:inst3|FILTERS:\ADCDataFilter:2:ADC_Filter|DATA_OUT[15] ; N/A     ;
; ADS8688v2:inst3|FILTERS:\ADCDataFilter:2:ADC_Filter|DATA_OUT[15] ; post-fitting ; connected ; Top                            ; post-synthesis    ; ADS8688v2:inst3|FILTERS:\ADCDataFilter:2:ADC_Filter|DATA_OUT[15] ; N/A     ;
; ADS8688v2:inst3|FILTERS:\ADCDataFilter:2:ADC_Filter|DATA_OUT[1]  ; post-fitting ; connected ; Top                            ; post-synthesis    ; ADS8688v2:inst3|FILTERS:\ADCDataFilter:2:ADC_Filter|DATA_OUT[1]  ; N/A     ;
; ADS8688v2:inst3|FILTERS:\ADCDataFilter:2:ADC_Filter|DATA_OUT[1]  ; post-fitting ; connected ; Top                            ; post-synthesis    ; ADS8688v2:inst3|FILTERS:\ADCDataFilter:2:ADC_Filter|DATA_OUT[1]  ; N/A     ;
; ADS8688v2:inst3|FILTERS:\ADCDataFilter:2:ADC_Filter|DATA_OUT[2]  ; post-fitting ; connected ; Top                            ; post-synthesis    ; ADS8688v2:inst3|FILTERS:\ADCDataFilter:2:ADC_Filter|DATA_OUT[2]  ; N/A     ;
; ADS8688v2:inst3|FILTERS:\ADCDataFilter:2:ADC_Filter|DATA_OUT[2]  ; post-fitting ; connected ; Top                            ; post-synthesis    ; ADS8688v2:inst3|FILTERS:\ADCDataFilter:2:ADC_Filter|DATA_OUT[2]  ; N/A     ;
; ADS8688v2:inst3|FILTERS:\ADCDataFilter:2:ADC_Filter|DATA_OUT[3]  ; post-fitting ; connected ; Top                            ; post-synthesis    ; ADS8688v2:inst3|FILTERS:\ADCDataFilter:2:ADC_Filter|DATA_OUT[3]  ; N/A     ;
; ADS8688v2:inst3|FILTERS:\ADCDataFilter:2:ADC_Filter|DATA_OUT[3]  ; post-fitting ; connected ; Top                            ; post-synthesis    ; ADS8688v2:inst3|FILTERS:\ADCDataFilter:2:ADC_Filter|DATA_OUT[3]  ; N/A     ;
; ADS8688v2:inst3|FILTERS:\ADCDataFilter:2:ADC_Filter|DATA_OUT[4]  ; post-fitting ; connected ; Top                            ; post-synthesis    ; ADS8688v2:inst3|FILTERS:\ADCDataFilter:2:ADC_Filter|DATA_OUT[4]  ; N/A     ;
; ADS8688v2:inst3|FILTERS:\ADCDataFilter:2:ADC_Filter|DATA_OUT[4]  ; post-fitting ; connected ; Top                            ; post-synthesis    ; ADS8688v2:inst3|FILTERS:\ADCDataFilter:2:ADC_Filter|DATA_OUT[4]  ; N/A     ;
; ADS8688v2:inst3|FILTERS:\ADCDataFilter:2:ADC_Filter|DATA_OUT[5]  ; post-fitting ; connected ; Top                            ; post-synthesis    ; ADS8688v2:inst3|FILTERS:\ADCDataFilter:2:ADC_Filter|DATA_OUT[5]  ; N/A     ;
; ADS8688v2:inst3|FILTERS:\ADCDataFilter:2:ADC_Filter|DATA_OUT[5]  ; post-fitting ; connected ; Top                            ; post-synthesis    ; ADS8688v2:inst3|FILTERS:\ADCDataFilter:2:ADC_Filter|DATA_OUT[5]  ; N/A     ;
; ADS8688v2:inst3|FILTERS:\ADCDataFilter:2:ADC_Filter|DATA_OUT[6]  ; post-fitting ; connected ; Top                            ; post-synthesis    ; ADS8688v2:inst3|FILTERS:\ADCDataFilter:2:ADC_Filter|DATA_OUT[6]  ; N/A     ;
; ADS8688v2:inst3|FILTERS:\ADCDataFilter:2:ADC_Filter|DATA_OUT[6]  ; post-fitting ; connected ; Top                            ; post-synthesis    ; ADS8688v2:inst3|FILTERS:\ADCDataFilter:2:ADC_Filter|DATA_OUT[6]  ; N/A     ;
; ADS8688v2:inst3|FILTERS:\ADCDataFilter:2:ADC_Filter|DATA_OUT[7]  ; post-fitting ; connected ; Top                            ; post-synthesis    ; ADS8688v2:inst3|FILTERS:\ADCDataFilter:2:ADC_Filter|DATA_OUT[7]  ; N/A     ;
; ADS8688v2:inst3|FILTERS:\ADCDataFilter:2:ADC_Filter|DATA_OUT[7]  ; post-fitting ; connected ; Top                            ; post-synthesis    ; ADS8688v2:inst3|FILTERS:\ADCDataFilter:2:ADC_Filter|DATA_OUT[7]  ; N/A     ;
; ADS8688v2:inst3|FILTERS:\ADCDataFilter:2:ADC_Filter|DATA_OUT[8]  ; post-fitting ; connected ; Top                            ; post-synthesis    ; ADS8688v2:inst3|FILTERS:\ADCDataFilter:2:ADC_Filter|DATA_OUT[8]  ; N/A     ;
; ADS8688v2:inst3|FILTERS:\ADCDataFilter:2:ADC_Filter|DATA_OUT[8]  ; post-fitting ; connected ; Top                            ; post-synthesis    ; ADS8688v2:inst3|FILTERS:\ADCDataFilter:2:ADC_Filter|DATA_OUT[8]  ; N/A     ;
; ADS8688v2:inst3|FILTERS:\ADCDataFilter:2:ADC_Filter|DATA_OUT[9]  ; post-fitting ; connected ; Top                            ; post-synthesis    ; ADS8688v2:inst3|FILTERS:\ADCDataFilter:2:ADC_Filter|DATA_OUT[9]  ; N/A     ;
; ADS8688v2:inst3|FILTERS:\ADCDataFilter:2:ADC_Filter|DATA_OUT[9]  ; post-fitting ; connected ; Top                            ; post-synthesis    ; ADS8688v2:inst3|FILTERS:\ADCDataFilter:2:ADC_Filter|DATA_OUT[9]  ; N/A     ;
; ADS8688v2:inst3|FILTERS:\ADCDataFilter:3:ADC_Filter|DATA_OUT[0]  ; post-fitting ; connected ; Top                            ; post-synthesis    ; ADS8688v2:inst3|FILTERS:\ADCDataFilter:3:ADC_Filter|DATA_OUT[0]  ; N/A     ;
; ADS8688v2:inst3|FILTERS:\ADCDataFilter:3:ADC_Filter|DATA_OUT[0]  ; post-fitting ; connected ; Top                            ; post-synthesis    ; ADS8688v2:inst3|FILTERS:\ADCDataFilter:3:ADC_Filter|DATA_OUT[0]  ; N/A     ;
; ADS8688v2:inst3|FILTERS:\ADCDataFilter:3:ADC_Filter|DATA_OUT[10] ; post-fitting ; connected ; Top                            ; post-synthesis    ; ADS8688v2:inst3|FILTERS:\ADCDataFilter:3:ADC_Filter|DATA_OUT[10] ; N/A     ;
; ADS8688v2:inst3|FILTERS:\ADCDataFilter:3:ADC_Filter|DATA_OUT[10] ; post-fitting ; connected ; Top                            ; post-synthesis    ; ADS8688v2:inst3|FILTERS:\ADCDataFilter:3:ADC_Filter|DATA_OUT[10] ; N/A     ;
; ADS8688v2:inst3|FILTERS:\ADCDataFilter:3:ADC_Filter|DATA_OUT[11] ; post-fitting ; connected ; Top                            ; post-synthesis    ; ADS8688v2:inst3|FILTERS:\ADCDataFilter:3:ADC_Filter|DATA_OUT[11] ; N/A     ;
; ADS8688v2:inst3|FILTERS:\ADCDataFilter:3:ADC_Filter|DATA_OUT[11] ; post-fitting ; connected ; Top                            ; post-synthesis    ; ADS8688v2:inst3|FILTERS:\ADCDataFilter:3:ADC_Filter|DATA_OUT[11] ; N/A     ;
; ADS8688v2:inst3|FILTERS:\ADCDataFilter:3:ADC_Filter|DATA_OUT[12] ; post-fitting ; connected ; Top                            ; post-synthesis    ; ADS8688v2:inst3|FILTERS:\ADCDataFilter:3:ADC_Filter|DATA_OUT[12] ; N/A     ;
; ADS8688v2:inst3|FILTERS:\ADCDataFilter:3:ADC_Filter|DATA_OUT[12] ; post-fitting ; connected ; Top                            ; post-synthesis    ; ADS8688v2:inst3|FILTERS:\ADCDataFilter:3:ADC_Filter|DATA_OUT[12] ; N/A     ;
; ADS8688v2:inst3|FILTERS:\ADCDataFilter:3:ADC_Filter|DATA_OUT[13] ; post-fitting ; connected ; Top                            ; post-synthesis    ; ADS8688v2:inst3|FILTERS:\ADCDataFilter:3:ADC_Filter|DATA_OUT[13] ; N/A     ;
; ADS8688v2:inst3|FILTERS:\ADCDataFilter:3:ADC_Filter|DATA_OUT[13] ; post-fitting ; connected ; Top                            ; post-synthesis    ; ADS8688v2:inst3|FILTERS:\ADCDataFilter:3:ADC_Filter|DATA_OUT[13] ; N/A     ;
; ADS8688v2:inst3|FILTERS:\ADCDataFilter:3:ADC_Filter|DATA_OUT[14] ; post-fitting ; connected ; Top                            ; post-synthesis    ; ADS8688v2:inst3|FILTERS:\ADCDataFilter:3:ADC_Filter|DATA_OUT[14] ; N/A     ;
; ADS8688v2:inst3|FILTERS:\ADCDataFilter:3:ADC_Filter|DATA_OUT[14] ; post-fitting ; connected ; Top                            ; post-synthesis    ; ADS8688v2:inst3|FILTERS:\ADCDataFilter:3:ADC_Filter|DATA_OUT[14] ; N/A     ;
; ADS8688v2:inst3|FILTERS:\ADCDataFilter:3:ADC_Filter|DATA_OUT[15] ; post-fitting ; connected ; Top                            ; post-synthesis    ; ADS8688v2:inst3|FILTERS:\ADCDataFilter:3:ADC_Filter|DATA_OUT[15] ; N/A     ;
; ADS8688v2:inst3|FILTERS:\ADCDataFilter:3:ADC_Filter|DATA_OUT[15] ; post-fitting ; connected ; Top                            ; post-synthesis    ; ADS8688v2:inst3|FILTERS:\ADCDataFilter:3:ADC_Filter|DATA_OUT[15] ; N/A     ;
; ADS8688v2:inst3|FILTERS:\ADCDataFilter:3:ADC_Filter|DATA_OUT[1]  ; post-fitting ; connected ; Top                            ; post-synthesis    ; ADS8688v2:inst3|FILTERS:\ADCDataFilter:3:ADC_Filter|DATA_OUT[1]  ; N/A     ;
; ADS8688v2:inst3|FILTERS:\ADCDataFilter:3:ADC_Filter|DATA_OUT[1]  ; post-fitting ; connected ; Top                            ; post-synthesis    ; ADS8688v2:inst3|FILTERS:\ADCDataFilter:3:ADC_Filter|DATA_OUT[1]  ; N/A     ;
; ADS8688v2:inst3|FILTERS:\ADCDataFilter:3:ADC_Filter|DATA_OUT[2]  ; post-fitting ; connected ; Top                            ; post-synthesis    ; ADS8688v2:inst3|FILTERS:\ADCDataFilter:3:ADC_Filter|DATA_OUT[2]  ; N/A     ;
; ADS8688v2:inst3|FILTERS:\ADCDataFilter:3:ADC_Filter|DATA_OUT[2]  ; post-fitting ; connected ; Top                            ; post-synthesis    ; ADS8688v2:inst3|FILTERS:\ADCDataFilter:3:ADC_Filter|DATA_OUT[2]  ; N/A     ;
; ADS8688v2:inst3|FILTERS:\ADCDataFilter:3:ADC_Filter|DATA_OUT[3]  ; post-fitting ; connected ; Top                            ; post-synthesis    ; ADS8688v2:inst3|FILTERS:\ADCDataFilter:3:ADC_Filter|DATA_OUT[3]  ; N/A     ;
; ADS8688v2:inst3|FILTERS:\ADCDataFilter:3:ADC_Filter|DATA_OUT[3]  ; post-fitting ; connected ; Top                            ; post-synthesis    ; ADS8688v2:inst3|FILTERS:\ADCDataFilter:3:ADC_Filter|DATA_OUT[3]  ; N/A     ;
; ADS8688v2:inst3|FILTERS:\ADCDataFilter:3:ADC_Filter|DATA_OUT[4]  ; post-fitting ; connected ; Top                            ; post-synthesis    ; ADS8688v2:inst3|FILTERS:\ADCDataFilter:3:ADC_Filter|DATA_OUT[4]  ; N/A     ;
; ADS8688v2:inst3|FILTERS:\ADCDataFilter:3:ADC_Filter|DATA_OUT[4]  ; post-fitting ; connected ; Top                            ; post-synthesis    ; ADS8688v2:inst3|FILTERS:\ADCDataFilter:3:ADC_Filter|DATA_OUT[4]  ; N/A     ;
; ADS8688v2:inst3|FILTERS:\ADCDataFilter:3:ADC_Filter|DATA_OUT[5]  ; post-fitting ; connected ; Top                            ; post-synthesis    ; ADS8688v2:inst3|FILTERS:\ADCDataFilter:3:ADC_Filter|DATA_OUT[5]  ; N/A     ;
; ADS8688v2:inst3|FILTERS:\ADCDataFilter:3:ADC_Filter|DATA_OUT[5]  ; post-fitting ; connected ; Top                            ; post-synthesis    ; ADS8688v2:inst3|FILTERS:\ADCDataFilter:3:ADC_Filter|DATA_OUT[5]  ; N/A     ;
; ADS8688v2:inst3|FILTERS:\ADCDataFilter:3:ADC_Filter|DATA_OUT[6]  ; post-fitting ; connected ; Top                            ; post-synthesis    ; ADS8688v2:inst3|FILTERS:\ADCDataFilter:3:ADC_Filter|DATA_OUT[6]  ; N/A     ;
; ADS8688v2:inst3|FILTERS:\ADCDataFilter:3:ADC_Filter|DATA_OUT[6]  ; post-fitting ; connected ; Top                            ; post-synthesis    ; ADS8688v2:inst3|FILTERS:\ADCDataFilter:3:ADC_Filter|DATA_OUT[6]  ; N/A     ;
; ADS8688v2:inst3|FILTERS:\ADCDataFilter:3:ADC_Filter|DATA_OUT[7]  ; post-fitting ; connected ; Top                            ; post-synthesis    ; ADS8688v2:inst3|FILTERS:\ADCDataFilter:3:ADC_Filter|DATA_OUT[7]  ; N/A     ;
; ADS8688v2:inst3|FILTERS:\ADCDataFilter:3:ADC_Filter|DATA_OUT[7]  ; post-fitting ; connected ; Top                            ; post-synthesis    ; ADS8688v2:inst3|FILTERS:\ADCDataFilter:3:ADC_Filter|DATA_OUT[7]  ; N/A     ;
; ADS8688v2:inst3|FILTERS:\ADCDataFilter:3:ADC_Filter|DATA_OUT[8]  ; post-fitting ; connected ; Top                            ; post-synthesis    ; ADS8688v2:inst3|FILTERS:\ADCDataFilter:3:ADC_Filter|DATA_OUT[8]  ; N/A     ;
; ADS8688v2:inst3|FILTERS:\ADCDataFilter:3:ADC_Filter|DATA_OUT[8]  ; post-fitting ; connected ; Top                            ; post-synthesis    ; ADS8688v2:inst3|FILTERS:\ADCDataFilter:3:ADC_Filter|DATA_OUT[8]  ; N/A     ;
; ADS8688v2:inst3|FILTERS:\ADCDataFilter:3:ADC_Filter|DATA_OUT[9]  ; post-fitting ; connected ; Top                            ; post-synthesis    ; ADS8688v2:inst3|FILTERS:\ADCDataFilter:3:ADC_Filter|DATA_OUT[9]  ; N/A     ;
; ADS8688v2:inst3|FILTERS:\ADCDataFilter:3:ADC_Filter|DATA_OUT[9]  ; post-fitting ; connected ; Top                            ; post-synthesis    ; ADS8688v2:inst3|FILTERS:\ADCDataFilter:3:ADC_Filter|DATA_OUT[9]  ; N/A     ;
; SYSCLOCK                                                         ; post-fitting ; connected ; Top                            ; post-synthesis    ; SYSCLOCK                                                         ; N/A     ;
; auto_signaltap_0|gnd                                             ; post-fitting ; connected ; sld_signaltap:auto_signaltap_0 ; post-synthesis    ; sld_signaltap:auto_signaltap_0|~GND                              ; N/A     ;
; auto_signaltap_0|gnd                                             ; post-fitting ; connected ; sld_signaltap:auto_signaltap_0 ; post-synthesis    ; sld_signaltap:auto_signaltap_0|~GND                              ; N/A     ;
; auto_signaltap_0|gnd                                             ; post-fitting ; connected ; sld_signaltap:auto_signaltap_0 ; post-synthesis    ; sld_signaltap:auto_signaltap_0|~GND                              ; N/A     ;
; auto_signaltap_0|gnd                                             ; post-fitting ; connected ; sld_signaltap:auto_signaltap_0 ; post-synthesis    ; sld_signaltap:auto_signaltap_0|~GND                              ; N/A     ;
; auto_signaltap_0|gnd                                             ; post-fitting ; connected ; sld_signaltap:auto_signaltap_0 ; post-synthesis    ; sld_signaltap:auto_signaltap_0|~GND                              ; N/A     ;
; auto_signaltap_0|gnd                                             ; post-fitting ; connected ; sld_signaltap:auto_signaltap_0 ; post-synthesis    ; sld_signaltap:auto_signaltap_0|~GND                              ; N/A     ;
; auto_signaltap_0|gnd                                             ; post-fitting ; connected ; sld_signaltap:auto_signaltap_0 ; post-synthesis    ; sld_signaltap:auto_signaltap_0|~GND                              ; N/A     ;
; auto_signaltap_0|gnd                                             ; post-fitting ; connected ; sld_signaltap:auto_signaltap_0 ; post-synthesis    ; sld_signaltap:auto_signaltap_0|~GND                              ; N/A     ;
; auto_signaltap_0|gnd                                             ; post-fitting ; connected ; sld_signaltap:auto_signaltap_0 ; post-synthesis    ; sld_signaltap:auto_signaltap_0|~GND                              ; N/A     ;
; auto_signaltap_0|gnd                                             ; post-fitting ; connected ; sld_signaltap:auto_signaltap_0 ; post-synthesis    ; sld_signaltap:auto_signaltap_0|~GND                              ; N/A     ;
; auto_signaltap_0|gnd                                             ; post-fitting ; connected ; sld_signaltap:auto_signaltap_0 ; post-synthesis    ; sld_signaltap:auto_signaltap_0|~GND                              ; N/A     ;
; auto_signaltap_0|gnd                                             ; post-fitting ; connected ; sld_signaltap:auto_signaltap_0 ; post-synthesis    ; sld_signaltap:auto_signaltap_0|~GND                              ; N/A     ;
; auto_signaltap_0|gnd                                             ; post-fitting ; connected ; sld_signaltap:auto_signaltap_0 ; post-synthesis    ; sld_signaltap:auto_signaltap_0|~GND                              ; N/A     ;
; auto_signaltap_0|gnd                                             ; post-fitting ; connected ; sld_signaltap:auto_signaltap_0 ; post-synthesis    ; sld_signaltap:auto_signaltap_0|~GND                              ; N/A     ;
; auto_signaltap_0|vcc                                             ; post-fitting ; connected ; sld_signaltap:auto_signaltap_0 ; post-synthesis    ; sld_signaltap:auto_signaltap_0|~VCC                              ; N/A     ;
; auto_signaltap_0|vcc                                             ; post-fitting ; connected ; sld_signaltap:auto_signaltap_0 ; post-synthesis    ; sld_signaltap:auto_signaltap_0|~VCC                              ; N/A     ;
; auto_signaltap_0|vcc                                             ; post-fitting ; connected ; sld_signaltap:auto_signaltap_0 ; post-synthesis    ; sld_signaltap:auto_signaltap_0|~VCC                              ; N/A     ;
; auto_signaltap_0|vcc                                             ; post-fitting ; connected ; sld_signaltap:auto_signaltap_0 ; post-synthesis    ; sld_signaltap:auto_signaltap_0|~VCC                              ; N/A     ;
; auto_signaltap_0|vcc                                             ; post-fitting ; connected ; sld_signaltap:auto_signaltap_0 ; post-synthesis    ; sld_signaltap:auto_signaltap_0|~VCC                              ; N/A     ;
; auto_signaltap_0|vcc                                             ; post-fitting ; connected ; sld_signaltap:auto_signaltap_0 ; post-synthesis    ; sld_signaltap:auto_signaltap_0|~VCC                              ; N/A     ;
; auto_signaltap_0|vcc                                             ; post-fitting ; connected ; sld_signaltap:auto_signaltap_0 ; post-synthesis    ; sld_signaltap:auto_signaltap_0|~VCC                              ; N/A     ;
; auto_signaltap_0|vcc                                             ; post-fitting ; connected ; sld_signaltap:auto_signaltap_0 ; post-synthesis    ; sld_signaltap:auto_signaltap_0|~VCC                              ; N/A     ;
; auto_signaltap_0|vcc                                             ; post-fitting ; connected ; sld_signaltap:auto_signaltap_0 ; post-synthesis    ; sld_signaltap:auto_signaltap_0|~VCC                              ; N/A     ;
; auto_signaltap_0|vcc                                             ; post-fitting ; connected ; sld_signaltap:auto_signaltap_0 ; post-synthesis    ; sld_signaltap:auto_signaltap_0|~VCC                              ; N/A     ;
; auto_signaltap_0|vcc                                             ; post-fitting ; connected ; sld_signaltap:auto_signaltap_0 ; post-synthesis    ; sld_signaltap:auto_signaltap_0|~VCC                              ; N/A     ;
; auto_signaltap_0|vcc                                             ; post-fitting ; connected ; sld_signaltap:auto_signaltap_0 ; post-synthesis    ; sld_signaltap:auto_signaltap_0|~VCC                              ; N/A     ;
; auto_signaltap_0|vcc                                             ; post-fitting ; connected ; sld_signaltap:auto_signaltap_0 ; post-synthesis    ; sld_signaltap:auto_signaltap_0|~VCC                              ; N/A     ;
; auto_signaltap_0|vcc                                             ; post-fitting ; connected ; sld_signaltap:auto_signaltap_0 ; post-synthesis    ; sld_signaltap:auto_signaltap_0|~VCC                              ; N/A     ;
; auto_signaltap_0|vcc                                             ; post-fitting ; connected ; sld_signaltap:auto_signaltap_0 ; post-synthesis    ; sld_signaltap:auto_signaltap_0|~VCC                              ; N/A     ;
; auto_signaltap_0|vcc                                             ; post-fitting ; connected ; sld_signaltap:auto_signaltap_0 ; post-synthesis    ; sld_signaltap:auto_signaltap_0|~VCC                              ; N/A     ;
; auto_signaltap_0|vcc                                             ; post-fitting ; connected ; sld_signaltap:auto_signaltap_0 ; post-synthesis    ; sld_signaltap:auto_signaltap_0|~VCC                              ; N/A     ;
; auto_signaltap_0|vcc                                             ; post-fitting ; connected ; sld_signaltap:auto_signaltap_0 ; post-synthesis    ; sld_signaltap:auto_signaltap_0|~VCC                              ; N/A     ;
+------------------------------------------------------------------+--------------+-----------+--------------------------------+-------------------+------------------------------------------------------------------+---------+


+-------------------------------+
; Analysis & Synthesis Messages ;
+-------------------------------+
Info: *******************************************************************
Info: Running Quartus Prime Analysis & Synthesis
    Info: Version 18.1.0 Build 625 09/12/2018 SJ Lite Edition
    Info: Processing started: Fri Sep 25 12:22:09 2026
Info: Command: quartus_map --read_settings_files=on --write_settings_files=off MODBUS -c MODBUS
Warning (18236): Number of processors has not been specified which may cause overloading on shared machines.  Set the global assignment NUM_PARALLEL_PROCESSORS in your QSF to an appropriate value for best performance.
Info (20030): Parallel compilation is enabled and will use 14 of the 14 processors detected
Info (12021): Found 2 design units, including 1 entities, in source file ads8688.vhd
    Info (12022): Found design unit 1: ADS8688-BEHAVIOR File: C:/Users/geesamen/Documents/GitProjects/EES_REPO_CTRL/LLRF3_HTR/ADS8688.vhd Line: 20
    Info (12023): Found entity 1: ADS8688 File: C:/Users/geesamen/Documents/GitProjects/EES_REPO_CTRL/LLRF3_HTR/ADS8688.vhd Line: 5
Info (12021): Found 1 design units, including 1 entities, in source file cic_8.v
    Info (12023): Found entity 1: cic_8 File: C:/Users/geesamen/Documents/GitProjects/EES_REPO_CTRL/LLRF3_HTR/cic_8.v Line: 7
Info (12021): Found 1 design units, including 1 entities, in source file iir_lpf.v
    Info (12023): Found entity 1: iir_lpf File: C:/Users/geesamen/Documents/GitProjects/EES_REPO_CTRL/LLRF3_HTR/iir_lpf.v Line: 21
Info (12021): Found 2 design units, including 1 entities, in source file iirk_simple.vhd
    Info (12022): Found design unit 1: IIR_SIMPLE-BEHAVIOR File: C:/Users/geesamen/Documents/GitProjects/EES_REPO_CTRL/LLRF3_HTR/IIRK_SIMPLE.vhd Line: 17
    Info (12023): Found entity 1: IIR_SIMPLE File: C:/Users/geesamen/Documents/GitProjects/EES_REPO_CTRL/LLRF3_HTR/IIRK_SIMPLE.vhd Line: 6
Info (12021): Found 23 design units, including 11 entities, in source file components.vhd
    Info (12022): Found design unit 1: components File: C:/Users/geesamen/Documents/GitProjects/EES_REPO_CTRL/LLRF3_HTR/components.vhd Line: 4
    Info (12022): Found design unit 2: regne-regne File: C:/Users/geesamen/Documents/GitProjects/EES_REPO_CTRL/LLRF3_HTR/components.vhd Line: 161
    Info (12022): Found design unit 3: counter-counter File: C:/Users/geesamen/Documents/GitProjects/EES_REPO_CTRL/LLRF3_HTR/components.vhd Line: 197
    Info (12022): Found design unit 4: FLIP_FLOP-FLIP_FLOP File: C:/Users/geesamen/Documents/GitProjects/EES_REPO_CTRL/LLRF3_HTR/components.vhd Line: 231
    Info (12022): Found design unit 5: SHIFT_LEFT_REG-BEHAVIOR File: C:/Users/geesamen/Documents/GitProjects/EES_REPO_CTRL/LLRF3_HTR/components.vhd Line: 263
    Info (12022): Found design unit 6: SHIFT_REG-BEHAVIOR File: C:/Users/geesamen/Documents/GitProjects/EES_REPO_CTRL/LLRF3_HTR/components.vhd Line: 305
    Info (12022): Found design unit 7: shift_reg_fcc-behavior File: C:/Users/geesamen/Documents/GitProjects/EES_REPO_CTRL/LLRF3_HTR/components.vhd Line: 347
    Info (12022): Found design unit 8: SHIFT_LEFT_BIT-BEHAVIOR File: C:/Users/geesamen/Documents/GitProjects/EES_REPO_CTRL/LLRF3_HTR/components.vhd Line: 390
    Info (12022): Found design unit 9: SHIFT_LEFT_REG_FCC-BEHAVIOR File: C:/Users/geesamen/Documents/GitProjects/EES_REPO_CTRL/LLRF3_HTR/components.vhd Line: 432
    Info (12022): Found design unit 10: SHIFT_SQUARE_ROOT-BEHAVIOR File: C:/Users/geesamen/Documents/GitProjects/EES_REPO_CTRL/LLRF3_HTR/components.vhd Line: 480
    Info (12022): Found design unit 11: SQUARE_ROOT-BEHAVIOR File: C:/Users/geesamen/Documents/GitProjects/EES_REPO_CTRL/LLRF3_HTR/components.vhd Line: 529
    Info (12022): Found design unit 12: SHIFT_LEFT_REG_ADS8353-BEHAVIOR File: C:/Users/geesamen/Documents/GitProjects/EES_REPO_CTRL/LLRF3_HTR/components.vhd Line: 756
    Info (12023): Found entity 1: regne File: C:/Users/geesamen/Documents/GitProjects/EES_REPO_CTRL/LLRF3_HTR/components.vhd Line: 150
    Info (12023): Found entity 2: counter File: C:/Users/geesamen/Documents/GitProjects/EES_REPO_CTRL/LLRF3_HTR/components.vhd Line: 187
    Info (12023): Found entity 3: FLIP_FLOP File: C:/Users/geesamen/Documents/GitProjects/EES_REPO_CTRL/LLRF3_HTR/components.vhd Line: 221
    Info (12023): Found entity 4: SHIFT_LEFT_REG File: C:/Users/geesamen/Documents/GitProjects/EES_REPO_CTRL/LLRF3_HTR/components.vhd Line: 253
    Info (12023): Found entity 5: SHIFT_REG File: C:/Users/geesamen/Documents/GitProjects/EES_REPO_CTRL/LLRF3_HTR/components.vhd Line: 294
    Info (12023): Found entity 6: shift_reg_fcc File: C:/Users/geesamen/Documents/GitProjects/EES_REPO_CTRL/LLRF3_HTR/components.vhd Line: 336
    Info (12023): Found entity 7: SHIFT_LEFT_BIT File: C:/Users/geesamen/Documents/GitProjects/EES_REPO_CTRL/LLRF3_HTR/components.vhd Line: 378
    Info (12023): Found entity 8: SHIFT_LEFT_REG_FCC File: C:/Users/geesamen/Documents/GitProjects/EES_REPO_CTRL/LLRF3_HTR/components.vhd Line: 420
    Info (12023): Found entity 9: SHIFT_SQUARE_ROOT File: C:/Users/geesamen/Documents/GitProjects/EES_REPO_CTRL/LLRF3_HTR/components.vhd Line: 465
    Info (12023): Found entity 10: SQUARE_ROOT File: C:/Users/geesamen/Documents/GitProjects/EES_REPO_CTRL/LLRF3_HTR/components.vhd Line: 517
    Info (12023): Found entity 11: SHIFT_LEFT_REG_ADS8353 File: C:/Users/geesamen/Documents/GitProjects/EES_REPO_CTRL/LLRF3_HTR/components.vhd Line: 745
Info (12021): Found 2 design units, including 1 entities, in source file mbp_regs_new.vhd
    Info (12022): Found design unit 1: mbp_regs_new-mixed File: C:/Users/geesamen/Documents/GitProjects/EES_REPO_CTRL/LLRF3_HTR/mbp_regs_new.vhd Line: 29
    Info (12023): Found entity 1: mbp_regs_new File: C:/Users/geesamen/Documents/GitProjects/EES_REPO_CTRL/LLRF3_HTR/mbp_regs_new.vhd Line: 9
Info (12021): Found 2 design units, including 1 entities, in source file dac8568_control.vhd
    Info (12022): Found design unit 1: DAC8568_CONTROL-BEHAVIOR File: C:/Users/geesamen/Documents/GitProjects/EES_REPO_CTRL/LLRF3_HTR/DAC8568_CONTROL.vhd Line: 21
    Info (12023): Found entity 1: DAC8568_CONTROL File: C:/Users/geesamen/Documents/GitProjects/EES_REPO_CTRL/LLRF3_HTR/DAC8568_CONTROL.vhd Line: 6
Info (12021): Found 1 design units, including 1 entities, in source file heartbeat.tdf
    Info (12023): Found entity 1: Heartbeat File: C:/Users/geesamen/Documents/GitProjects/EES_REPO_CTRL/LLRF3_HTR/Heartbeat.tdf Line: 1
Info (12021): Found 2 design units, including 1 entities, in source file slim_txrx.vhd
    Info (12022): Found design unit 1: slim_txrx-mixed File: C:/Users/geesamen/Documents/GitProjects/EES_REPO_CTRL/LLRF3_HTR/slim_txrx.vhd Line: 29
    Info (12023): Found entity 1: slim_txrx File: C:/Users/geesamen/Documents/GitProjects/EES_REPO_CTRL/LLRF3_HTR/slim_txrx.vhd Line: 6
Info (12021): Found 2 design units, including 1 entities, in source file mbp_top_level.vhd
    Info (12022): Found design unit 1: mbp_top_level-mixed File: C:/Users/geesamen/Documents/GitProjects/EES_REPO_CTRL/LLRF3_HTR/mbp_top_level.vhd Line: 31
    Info (12023): Found entity 1: mbp_top_level File: C:/Users/geesamen/Documents/GitProjects/EES_REPO_CTRL/LLRF3_HTR/mbp_top_level.vhd Line: 10
Info (12021): Found 2 design units, including 1 entities, in source file mbp_regs.vhd
    Info (12022): Found design unit 1: mbp_regs-mixed File: C:/Users/geesamen/Documents/GitProjects/EES_REPO_CTRL/LLRF3_HTR/mbp_regs.vhd Line: 41
    Info (12023): Found entity 1: mbp_regs File: C:/Users/geesamen/Documents/GitProjects/EES_REPO_CTRL/LLRF3_HTR/mbp_regs.vhd Line: 9
Info (12021): Found 3 design units, including 1 entities, in source file mbp.vhd
    Info (12022): Found design unit 1: mbp_lib File: C:/Users/geesamen/Documents/GitProjects/EES_REPO_CTRL/LLRF3_HTR/mbp.vhd Line: 8
    Info (12022): Found design unit 2: mbp-mixed File: C:/Users/geesamen/Documents/GitProjects/EES_REPO_CTRL/LLRF3_HTR/mbp.vhd Line: 45
    Info (12023): Found entity 1: mbp File: C:/Users/geesamen/Documents/GitProjects/EES_REPO_CTRL/LLRF3_HTR/mbp.vhd Line: 20
Info (12021): Found 1 design units, including 1 entities, in source file modbus.bdf
    Info (12023): Found entity 1: MODBUS
Info (12021): Found 2 design units, including 1 entities, in source file filters.vhd
    Info (12022): Found design unit 1: FILTERS-BEHAVIOR File: C:/Users/geesamen/Documents/GitProjects/EES_REPO_CTRL/LLRF3_HTR/Filters.vhd Line: 15
    Info (12023): Found entity 1: FILTERS File: C:/Users/geesamen/Documents/GitProjects/EES_REPO_CTRL/LLRF3_HTR/Filters.vhd Line: 5
Info (12021): Found 2 design units, including 1 entities, in source file heat_control.vhd
    Info (12022): Found design unit 1: HEAT_CONTROL-behavior File: C:/Users/geesamen/Documents/GitProjects/EES_REPO_CTRL/LLRF3_HTR/Heat_Control.vhd Line: 20
    Info (12023): Found entity 1: HEAT_CONTROL File: C:/Users/geesamen/Documents/GitProjects/EES_REPO_CTRL/LLRF3_HTR/Heat_Control.vhd Line: 6
Info (12021): Found 1 design units, including 1 entities, in source file heartbeat_fp.tdf
    Info (12023): Found entity 1: Heartbeat_FP File: C:/Users/geesamen/Documents/GitProjects/EES_REPO_CTRL/LLRF3_HTR/Heartbeat_FP.tdf Line: 1
Info (12021): Found 2 design units, including 1 entities, in source file ads8688v2.vhd
    Info (12022): Found design unit 1: ADS8688v2-behavior File: C:/Users/geesamen/Documents/GitProjects/EES_REPO_CTRL/LLRF3_HTR/ADS8688v2.vhd Line: 20
    Info (12023): Found entity 1: ADS8688v2 File: C:/Users/geesamen/Documents/GitProjects/EES_REPO_CTRL/LLRF3_HTR/ADS8688v2.vhd Line: 6
Info (12127): Elaborating entity "MODBUS" for the top level hierarchy
Warning (275043): Pin "HTRI_ADC_SDI" is missing source
Warning (275043): Pin "HTRI_ADC_CSI" is missing source
Warning (275043): Pin "HTRI_ADC_SCLK" is missing source
Warning (275009): Pin "HTRI_ADC_SDO" not connected
Info (12128): Elaborating entity "Heartbeat" for hierarchy "Heartbeat:inst7"
Info (12128): Elaborating entity "ADS8688v2" for hierarchy "ADS8688v2:inst3"
Warning (10492): VHDL Process Statement warning at ADS8688v2.vhd(160): signal "InputShiftReg" is read inside the Process Statement but isn't in the Process Statement's sensitivity list File: C:/Users/geesamen/Documents/GitProjects/EES_REPO_CTRL/LLRF3_HTR/ADS8688v2.vhd Line: 160
Info (12128): Elaborating entity "FILTERS" for hierarchy "ADS8688v2:inst3|FILTERS:\ADCDataFilter:0:ADC_Filter" File: C:/Users/geesamen/Documents/GitProjects/EES_REPO_CTRL/LLRF3_HTR/ADS8688v2.vhd Line: 77
Info (12128): Elaborating entity "regne" for hierarchy "ADS8688v2:inst3|FILTERS:\ADCDataFilter:0:ADC_Filter|regne:DATA_BUF" File: C:/Users/geesamen/Documents/GitProjects/EES_REPO_CTRL/LLRF3_HTR/Filters.vhd Line: 60
Info (12128): Elaborating entity "cic_8" for hierarchy "ADS8688v2:inst3|FILTERS:\ADCDataFilter:0:ADC_Filter|cic_8:CIC" File: C:/Users/geesamen/Documents/GitProjects/EES_REPO_CTRL/LLRF3_HTR/Filters.vhd Line: 70
Warning (10230): Verilog HDL assignment warning at cic_8.v(23): truncated value with size 32 to match size of target (2) File: C:/Users/geesamen/Documents/GitProjects/EES_REPO_CTRL/LLRF3_HTR/cic_8.v Line: 23
Warning (10230): Verilog HDL assignment warning at cic_8.v(46): truncated value with size 32 to match size of target (3) File: C:/Users/geesamen/Documents/GitProjects/EES_REPO_CTRL/LLRF3_HTR/cic_8.v Line: 46
Info (12128): Elaborating entity "iir_lpf" for hierarchy "ADS8688v2:inst3|FILTERS:\ADCDataFilter:0:ADC_Filter|iir_lpf:FULLIIR" File: C:/Users/geesamen/Documents/GitProjects/EES_REPO_CTRL/LLRF3_HTR/Filters.vhd Line: 79
Info (12128): Elaborating entity "IIR_SIMPLE" for hierarchy "ADS8688v2:inst3|FILTERS:\ADCDataFilter:0:ADC_Filter|IIR_SIMPLE:SIMPLEIIR" File: C:/Users/geesamen/Documents/GitProjects/EES_REPO_CTRL/LLRF3_HTR/Filters.vhd Line: 87
Info (12128): Elaborating entity "regne" for hierarchy "ADS8688v2:inst3|FILTERS:\ADCDataFilter:0:ADC_Filter|IIR_SIMPLE:SIMPLEIIR|regne:FILTER_REG" File: C:/Users/geesamen/Documents/GitProjects/EES_REPO_CTRL/LLRF3_HTR/IIRK_SIMPLE.vhd Line: 43
Info (12128): Elaborating entity "mbp_regs" for hierarchy "mbp_regs:inst1"
Warning (10541): VHDL Signal Declaration warning at mbp_regs.vhd(55): used implicit default value for signal "DACCNTLd" because signal was never assigned a value or an explicit default value. Use of implicit default value may introduce unintended design optimizations. File: C:/Users/geesamen/Documents/GitProjects/EES_REPO_CTRL/LLRF3_HTR/mbp_regs.vhd Line: 55
Warning (10036): Verilog HDL or VHDL warning at mbp_regs.vhd(56): object "DACCNTLq" assigned a value but never read File: C:/Users/geesamen/Documents/GitProjects/EES_REPO_CTRL/LLRF3_HTR/mbp_regs.vhd Line: 56
Warning (10492): VHDL Process Statement warning at mbp_regs.vhd(85): signal "reg_q" is read inside the Process Statement but isn't in the Process Statement's sensitivity list File: C:/Users/geesamen/Documents/GitProjects/EES_REPO_CTRL/LLRF3_HTR/mbp_regs.vhd Line: 85
Info (12128): Elaborating entity "mbp_top_level" for hierarchy "mbp_top_level:inst"
Warning (10036): Verilog HDL or VHDL warning at mbp_top_level.vhd(78): object "s4" assigned a value but never read File: C:/Users/geesamen/Documents/GitProjects/EES_REPO_CTRL/LLRF3_HTR/mbp_top_level.vhd Line: 78
Info (12128): Elaborating entity "slim_txrx" for hierarchy "mbp_top_level:inst|slim_txrx:inst1" File: C:/Users/geesamen/Documents/GitProjects/EES_REPO_CTRL/LLRF3_HTR/mbp_top_level.vhd Line: 81
Info (12128): Elaborating entity "mbp" for hierarchy "mbp_top_level:inst|mbp:inst2" File: C:/Users/geesamen/Documents/GitProjects/EES_REPO_CTRL/LLRF3_HTR/mbp_top_level.vhd Line: 99
Warning (10492): VHDL Process Statement warning at mbp.vhd(212): signal "ram_addr_q" is read inside the Process Statement but isn't in the Process Statement's sensitivity list File: C:/Users/geesamen/Documents/GitProjects/EES_REPO_CTRL/LLRF3_HTR/mbp.vhd Line: 212
Warning (10492): VHDL Process Statement warning at mbp.vhd(213): signal "ram_we_q" is read inside the Process Statement but isn't in the Process Statement's sensitivity list File: C:/Users/geesamen/Documents/GitProjects/EES_REPO_CTRL/LLRF3_HTR/mbp.vhd Line: 213
Warning (10492): VHDL Process Statement warning at mbp.vhd(214): signal "ram_in_q" is read inside the Process Statement but isn't in the Process Statement's sensitivity list File: C:/Users/geesamen/Documents/GitProjects/EES_REPO_CTRL/LLRF3_HTR/mbp.vhd Line: 214
Info (12128): Elaborating entity "DAC8568_CONTROL" for hierarchy "DAC8568_CONTROL:inst4"
Info (12128): Elaborating entity "FLIP_FLOP" for hierarchy "DAC8568_CONTROL:inst4|FLIP_FLOP:DAC_DATA_LATCH" File: C:/Users/geesamen/Documents/GitProjects/EES_REPO_CTRL/LLRF3_HTR/DAC8568_CONTROL.vhd Line: 97
Info (12128): Elaborating entity "counter" for hierarchy "DAC8568_CONTROL:inst4|counter:SCLK_CNTR" File: C:/Users/geesamen/Documents/GitProjects/EES_REPO_CTRL/LLRF3_HTR/DAC8568_CONTROL.vhd Line: 106
Info (12128): Elaborating entity "counter" for hierarchy "DAC8568_CONTROL:inst4|counter:SYNC_CNTR" File: C:/Users/geesamen/Documents/GitProjects/EES_REPO_CTRL/LLRF3_HTR/DAC8568_CONTROL.vhd Line: 115
Info (12128): Elaborating entity "counter" for hierarchy "DAC8568_CONTROL:inst4|counter:DAC_ADDR_CNTR" File: C:/Users/geesamen/Documents/GitProjects/EES_REPO_CTRL/LLRF3_HTR/DAC8568_CONTROL.vhd Line: 134
Info (12128): Elaborating entity "SHIFT_REG" for hierarchy "DAC8568_CONTROL:inst4|SHIFT_REG:DAC_DATA_IN_REG" File: C:/Users/geesamen/Documents/GitProjects/EES_REPO_CTRL/LLRF3_HTR/DAC8568_CONTROL.vhd Line: 157
Info (12128): Elaborating entity "Heartbeat_FP" for hierarchy "Heartbeat_FP:inst2"
Info (12021): Found 1 design units, including 1 entities, in source file db/altsyncram_jp14.tdf
    Info (12023): Found entity 1: altsyncram_jp14 File: C:/Users/geesamen/Documents/GitProjects/EES_REPO_CTRL/LLRF3_HTR/db/altsyncram_jp14.tdf Line: 31
Info (12021): Found 1 design units, including 1 entities, in source file db/decode_97a.tdf
    Info (12023): Found entity 1: decode_97a File: C:/Users/geesamen/Documents/GitProjects/EES_REPO_CTRL/LLRF3_HTR/db/decode_97a.tdf Line: 22
Info (12021): Found 1 design units, including 1 entities, in source file db/mux_d3b.tdf
    Info (12023): Found entity 1: mux_d3b File: C:/Users/geesamen/Documents/GitProjects/EES_REPO_CTRL/LLRF3_HTR/db/mux_d3b.tdf Line: 22
Info (12021): Found 1 design units, including 1 entities, in source file db/mux_n7c.tdf
    Info (12023): Found entity 1: mux_n7c File: C:/Users/geesamen/Documents/GitProjects/EES_REPO_CTRL/LLRF3_HTR/db/mux_n7c.tdf Line: 22
Info (12021): Found 1 design units, including 1 entities, in source file db/decode_3af.tdf
    Info (12023): Found entity 1: decode_3af File: C:/Users/geesamen/Documents/GitProjects/EES_REPO_CTRL/LLRF3_HTR/db/decode_3af.tdf Line: 22
Info (12021): Found 1 design units, including 1 entities, in source file db/cntr_erh.tdf
    Info (12023): Found entity 1: cntr_erh File: C:/Users/geesamen/Documents/GitProjects/EES_REPO_CTRL/LLRF3_HTR/db/cntr_erh.tdf Line: 25
Info (12021): Found 1 design units, including 1 entities, in source file db/cntr_1mi.tdf
    Info (12023): Found entity 1: cntr_1mi File: C:/Users/geesamen/Documents/GitProjects/EES_REPO_CTRL/LLRF3_HTR/db/cntr_1mi.tdf Line: 25
Info (12021): Found 1 design units, including 1 entities, in source file db/cntr_arh.tdf
    Info (12023): Found entity 1: cntr_arh File: C:/Users/geesamen/Documents/GitProjects/EES_REPO_CTRL/LLRF3_HTR/db/cntr_arh.tdf Line: 27
Info (12021): Found 1 design units, including 1 entities, in source file db/cmpr_hrb.tdf
    Info (12023): Found entity 1: cmpr_hrb File: C:/Users/geesamen/Documents/GitProjects/EES_REPO_CTRL/LLRF3_HTR/db/cmpr_hrb.tdf Line: 22
Info (12021): Found 1 design units, including 1 entities, in source file db/cntr_odi.tdf
    Info (12023): Found entity 1: cntr_odi File: C:/Users/geesamen/Documents/GitProjects/EES_REPO_CTRL/LLRF3_HTR/db/cntr_odi.tdf Line: 27
Info (12021): Found 1 design units, including 1 entities, in source file db/cmpr_drb.tdf
    Info (12023): Found entity 1: cmpr_drb File: C:/Users/geesamen/Documents/GitProjects/EES_REPO_CTRL/LLRF3_HTR/db/cmpr_drb.tdf Line: 22
Info (12033): Analysis and Synthesis generated Signal Tap or debug node instance "auto_signaltap_0"
Info (11170): Starting IP generation for the debug fabric: alt_sld_fab.
Info (11172): 2026.09.25.12:22:22 Progress: Loading sld2f9f5348/alt_sld_fab_wrapper_hw.tcl
Info (11172): Alt_sld_fab.alt_sld_fab: SLD fabric agents which did not specify prefer_host were connected to JTAG
Info (11172): Alt_sld_fab: Generating alt_sld_fab "alt_sld_fab" for QUARTUS_SYNTH
Info (11172): Alt_sld_fab: "alt_sld_fab" instantiated alt_sld_fab "alt_sld_fab"
Info (11172): Presplit: "alt_sld_fab" instantiated altera_super_splitter "presplit"
Info (11172): Splitter: "alt_sld_fab" instantiated altera_sld_splitter "splitter"
Info (11172): Sldfabric: "alt_sld_fab" instantiated altera_sld_jtag_hub "sldfabric"
Info (11172): Ident: "alt_sld_fab" instantiated altera_connection_identification_hub "ident"
Info (11172): Alt_sld_fab: Done "alt_sld_fab" with 6 modules, 6 files
Info (11171): Finished IP generation for the debug fabric: alt_sld_fab.
Info (12021): Found 1 design units, including 1 entities, in source file db/ip/sld2f9f5348/alt_sld_fab.v
    Info (12023): Found entity 1: alt_sld_fab File: C:/Users/geesamen/Documents/GitProjects/EES_REPO_CTRL/LLRF3_HTR/db/ip/sld2f9f5348/alt_sld_fab.v Line: 9
Info (12021): Found 1 design units, including 1 entities, in source file db/ip/sld2f9f5348/submodules/alt_sld_fab_alt_sld_fab.v
    Info (12023): Found entity 1: alt_sld_fab_alt_sld_fab File: C:/Users/geesamen/Documents/GitProjects/EES_REPO_CTRL/LLRF3_HTR/db/ip/sld2f9f5348/submodules/alt_sld_fab_alt_sld_fab.v Line: 9
Info (12021): Found 1 design units, including 1 entities, in source file db/ip/sld2f9f5348/submodules/alt_sld_fab_alt_sld_fab_ident.sv
    Info (12023): Found entity 1: alt_sld_fab_alt_sld_fab_ident File: C:/Users/geesamen/Documents/GitProjects/EES_REPO_CTRL/LLRF3_HTR/db/ip/sld2f9f5348/submodules/alt_sld_fab_alt_sld_fab_ident.sv Line: 33
Info (12021): Found 1 design units, including 1 entities, in source file db/ip/sld2f9f5348/submodules/alt_sld_fab_alt_sld_fab_presplit.sv
    Info (12023): Found entity 1: alt_sld_fab_alt_sld_fab_presplit File: C:/Users/geesamen/Documents/GitProjects/EES_REPO_CTRL/LLRF3_HTR/db/ip/sld2f9f5348/submodules/alt_sld_fab_alt_sld_fab_presplit.sv Line: 3
Info (12021): Found 2 design units, including 1 entities, in source file db/ip/sld2f9f5348/submodules/alt_sld_fab_alt_sld_fab_sldfabric.vhd
    Info (12022): Found design unit 1: alt_sld_fab_alt_sld_fab_sldfabric-rtl File: C:/Users/geesamen/Documents/GitProjects/EES_REPO_CTRL/LLRF3_HTR/db/ip/sld2f9f5348/submodules/alt_sld_fab_alt_sld_fab_sldfabric.vhd Line: 102
    Info (12023): Found entity 1: alt_sld_fab_alt_sld_fab_sldfabric File: C:/Users/geesamen/Documents/GitProjects/EES_REPO_CTRL/LLRF3_HTR/db/ip/sld2f9f5348/submodules/alt_sld_fab_alt_sld_fab_sldfabric.vhd Line: 11
Info (12021): Found 1 design units, including 1 entities, in source file db/ip/sld2f9f5348/submodules/alt_sld_fab_alt_sld_fab_splitter.sv
    Info (12023): Found entity 1: alt_sld_fab_alt_sld_fab_splitter File: C:/Users/geesamen/Documents/GitProjects/EES_REPO_CTRL/LLRF3_HTR/db/ip/sld2f9f5348/submodules/alt_sld_fab_alt_sld_fab_splitter.sv Line: 3
Info (19000): Inferred 1 megafunctions from design logic
    Info (276029): Inferred altsyncram megafunction from the following design logic: "mbp_top_level:inst|mbp:inst2|ram_block_rtl_0" 
        Info (286033): Parameter OPERATION_MODE set to SINGLE_PORT
        Info (286033): Parameter WIDTH_A set to 8
        Info (286033): Parameter WIDTHAD_A set to 8
        Info (286033): Parameter NUMWORDS_A set to 256
        Info (286033): Parameter OUTDATA_REG_A set to UNREGISTERED
        Info (286033): Parameter ADDRESS_ACLR_A set to NONE
        Info (286033): Parameter OUTDATA_ACLR_A set to NONE
        Info (286033): Parameter READ_DURING_WRITE_MODE_PORT_A set to OLD_DATA
        Info (286033): Parameter INDATA_ACLR_A set to NONE
        Info (286033): Parameter WRCONTROL_ACLR_A set to NONE
Info (12130): Elaborated megafunction instantiation "mbp_top_level:inst|mbp:inst2|altsyncram:ram_block_rtl_0"
Info (12133): Instantiated megafunction "mbp_top_level:inst|mbp:inst2|altsyncram:ram_block_rtl_0" with the following parameter:
    Info (12134): Parameter "OPERATION_MODE" = "SINGLE_PORT"
    Info (12134): Parameter "WIDTH_A" = "8"
    Info (12134): Parameter "WIDTHAD_A" = "8"
    Info (12134): Parameter "NUMWORDS_A" = "256"
    Info (12134): Parameter "OUTDATA_REG_A" = "UNREGISTERED"
    Info (12134): Parameter "ADDRESS_ACLR_A" = "NONE"
    Info (12134): Parameter "OUTDATA_ACLR_A" = "NONE"
    Info (12134): Parameter "READ_DURING_WRITE_MODE_PORT_A" = "OLD_DATA"
    Info (12134): Parameter "INDATA_ACLR_A" = "NONE"
    Info (12134): Parameter "WRCONTROL_ACLR_A" = "NONE"
Info (12021): Found 1 design units, including 1 entities, in source file db/altsyncram_4n71.tdf
    Info (12023): Found entity 1: altsyncram_4n71 File: C:/Users/geesamen/Documents/GitProjects/EES_REPO_CTRL/LLRF3_HTR/db/altsyncram_4n71.tdf Line: 27
Info (13000): Registers with preset signals will power-up high File: C:/Users/geesamen/Documents/GitProjects/EES_REPO_CTRL/LLRF3_HTR/mbp.vhd Line: 137
Info (13003): DEV_CLRn pin will set, and not reset, register with preset signal due to NOT Gate Push-Back
Warning (13024): Output pins are stuck at VCC or GND
    Warning (13410): Pin "HTRI_ADC_SDI" is stuck at GND
    Warning (13410): Pin "HTRI_ADC_CSI" is stuck at GND
    Warning (13410): Pin "HTRI_ADC_SCLK" is stuck at GND
    Warning (13410): Pin "LED[4]" is stuck at GND
    Warning (13410): Pin "LED[1]" is stuck at GND
    Warning (13410): Pin "LED[0]" is stuck at GND
Info (286031): Timing-Driven Synthesis is running on partition "Top"
Critical Warning (18061): Ignored Power-Up Level option on the following registers
    Critical Warning (18010): Register mbp_top_level:inst|mbp:inst2|wdMAX_q[11] will power up to High File: C:/Users/geesamen/Documents/GitProjects/EES_REPO_CTRL/LLRF3_HTR/mbp.vhd Line: 137
    Critical Warning (18010): Register mbp_top_level:inst|mbp:inst2|wdMAX_q[12] will power up to High File: C:/Users/geesamen/Documents/GitProjects/EES_REPO_CTRL/LLRF3_HTR/mbp.vhd Line: 137
    Critical Warning (18010): Register mbp_top_level:inst|mbp:inst2|wdMAX_q[0] will power up to High File: C:/Users/geesamen/Documents/GitProjects/EES_REPO_CTRL/LLRF3_HTR/mbp.vhd Line: 137
Info (17049): 7344 registers lost all their fanouts during netlist optimizations.
Info (35024): Successfully connected in-system debug instance "auto_signaltap_0" to all 161 required data inputs, trigger inputs, acquisition clocks, and dynamic pins
Info (16010): Generating hard_block partition "hard_block:auto_generated_inst"
    Info (16011): Adding 0 node(s), including 0 DDIO, 0 PLL, 0 transceiver and 0 LCELL
Warning (21074): Design contains 1 input pin(s) that do not drive logic
    Warning (15610): No output dependent on input pin "HTRI_ADC_SDO"
Info (21057): Implemented 6645 device resources after synthesis - the final resource count might be different
    Info (21058): Implemented 8 input pins
    Info (21059): Implemented 17 output pins
    Info (21061): Implemented 6483 logic cells
    Info (21064): Implemented 136 RAM segments
Info: Quartus Prime Analysis & Synthesis was successful. 0 errors, 28 warnings
    Info: Peak virtual memory: 4939 megabytes
    Info: Processing ended: Fri Sep 25 12:22:32 2026
    Info: Elapsed time: 00:00:23
    Info: Total CPU time (on all processors): 00:00:36


