Timing Analyzer report for MODBUS
Fri Sep 25 12:23:00 2026
Quartus Prime Version 18.1.0 Build 625 09/12/2018 SJ Lite Edition


---------------------
; Table of Contents ;
---------------------
  1. Legal Notice
  2. Timing Analyzer Summary
  3. Parallel Compilation
  4. SDC File List
  5. Clocks
  6. Slow 1200mV 100C Model Fmax Summary
  7. Slow 1200mV 100C Model Setup Summary
  8. Slow 1200mV 100C Model Hold Summary
  9. Slow 1200mV 100C Model Recovery Summary
 10. Slow 1200mV 100C Model Removal Summary
 11. Slow 1200mV 100C Model Minimum Pulse Width Summary
 12. Slow 1200mV 100C Model Metastability Summary
 13. Slow 1200mV -40C Model Fmax Summary
 14. Slow 1200mV -40C Model Setup Summary
 15. Slow 1200mV -40C Model Hold Summary
 16. Slow 1200mV -40C Model Recovery Summary
 17. Slow 1200mV -40C Model Removal Summary
 18. Slow 1200mV -40C Model Minimum Pulse Width Summary
 19. Slow 1200mV -40C Model Metastability Summary
 20. Fast 1200mV -40C Model Setup Summary
 21. Fast 1200mV -40C Model Hold Summary
 22. Fast 1200mV -40C Model Recovery Summary
 23. Fast 1200mV -40C Model Removal Summary
 24. Fast 1200mV -40C Model Minimum Pulse Width Summary
 25. Fast 1200mV -40C Model Metastability Summary
 26. Multicorner Timing Analysis Summary
 27. Board Trace Model Assignments
 28. Input Transition Times
 29. Signal Integrity Metrics (Slow 1200mv n40c Model)
 30. Signal Integrity Metrics (Slow 1200mv 100c Model)
 31. Signal Integrity Metrics (Fast 1200mv n40c Model)
 32. Setup Transfers
 33. Hold Transfers
 34. Recovery Transfers
 35. Removal Transfers
 36. Report TCCS
 37. Report RSKM
 38. Unconstrained Paths Summary
 39. Clock Status Summary
 40. Unconstrained Input Ports
 41. Unconstrained Output Ports
 42. Unconstrained Input Ports
 43. Unconstrained Output Ports
 44. Timing Analyzer Messages



----------------
; Legal Notice ;
----------------
Copyright (C) 2018  Intel Corporation. All rights reserved.
Your use of Intel Corporation's design tools, logic functions 
and other software and tools, and its AMPP partner logic 
functions, and any output files from any of the foregoing 
(including device programming or simulation files), and any 
associated documentation or information are expressly subject 
to the terms and conditions of the Intel Program License 
Subscription Agreement, the Intel Quartus Prime License Agreement,
the Intel FPGA IP License Agreement, or other applicable license
agreement, including, without limitation, that your use is for
the sole purpose of programming logic devices manufactured by
Intel and sold by Intel or its authorized distributors.  Please
refer to the applicable agreement for further details.



+-----------------------------------------------------------------------------+
; Timing Analyzer Summary                                                     ;
+-----------------------+-----------------------------------------------------+
; Quartus Prime Version ; Version 18.1.0 Build 625 09/12/2018 SJ Lite Edition ;
; Timing Analyzer       ; Legacy Timing Analyzer                              ;
; Revision Name         ; MODBUS                                              ;
; Device Family         ; MAX 10                                              ;
; Device Name           ; 10M50SAE144I7G                                      ;
; Timing Models         ; Final                                               ;
; Delay Model           ; Combined                                            ;
; Rise/Fall Delays      ; Enabled                                             ;
+-----------------------+-----------------------------------------------------+


+------------------------------------------+
; Parallel Compilation                     ;
+----------------------------+-------------+
; Processors                 ; Number      ;
+----------------------------+-------------+
; Number detected on machine ; 20          ;
; Maximum allowed            ; 14          ;
;                            ;             ;
; Average used               ; 3.27        ;
; Maximum used               ; 14          ;
;                            ;             ;
; Usage by Processor         ; % Time Used ;
;     Processor 1            ; 100.0%      ;
;     Processor 2            ;  18.9%      ;
;     Processor 3            ;  17.7%      ;
;     Processor 4            ;  17.4%      ;
;     Processors 5-14        ;  17.3%      ;
+----------------------------+-------------+


+---------------------------------------------------+
; SDC File List                                     ;
+---------------+--------+--------------------------+
; SDC File Path ; Status ; Read at                  ;
+---------------+--------+--------------------------+
; MODBUS.sdc    ; OK     ; Fri Sep 25 12:22:58 2026 ;
+---------------+--------+--------------------------+


+-----------------------------------------------------------------------------------------------------------------------------------------------------------------------------------------------------------+
; Clocks                                                                                                                                                                                                    ;
+---------------------+------+---------+-----------+-------+--------+------------+-----------+-------------+-------+--------+-----------+------------+----------+--------+--------+-------------------------+
; Clock Name          ; Type ; Period  ; Frequency ; Rise  ; Fall   ; Duty Cycle ; Divide by ; Multiply by ; Phase ; Offset ; Edge List ; Edge Shift ; Inverted ; Master ; Source ; Targets                 ;
+---------------------+------+---------+-----------+-------+--------+------------+-----------+-------------+-------+--------+-----------+------------+----------+--------+--------+-------------------------+
; altera_reserved_tck ; Base ; 100.000 ; 10.0 MHz  ; 0.000 ; 50.000 ;            ;           ;             ;       ;        ;           ;            ;          ;        ;        ; { altera_reserved_tck } ;
; clk_sys             ; Base ; 10.000  ; 100.0 MHz ; 0.000 ; 5.000  ;            ;           ;             ;       ;        ;           ;            ;          ;        ;        ; { SYSCLOCK }            ;
+---------------------+------+---------+-----------+-------+--------+------------+-----------+-------------+-------+--------+-----------+------------+----------+--------+--------+-------------------------+


+----------------------------------------------------------+
; Slow 1200mV 100C Model Fmax Summary                      ;
+-----------+-----------------+---------------------+------+
; Fmax      ; Restricted Fmax ; Clock Name          ; Note ;
+-----------+-----------------+---------------------+------+
; 80.39 MHz ; 80.39 MHz       ; altera_reserved_tck ;      ;
; 132.4 MHz ; 132.4 MHz       ; clk_sys             ;      ;
+-----------+-----------------+---------------------+------+
This panel reports FMAX for every clock in the design, regardless of the user-specified clock periods.  FMAX is only computed for paths where the source and destination registers or ports are driven by the same clock.  Paths of different clocks, including generated clocks, are ignored.  For paths between a clock and its inversion, FMAX is computed as if the rising and falling edges are scaled along with FMAX, such that the duty cycle (in terms of a percentage) is maintained. Altera recommends that you always use clock constraints and other slack reports for sign-off analysis.


+----------------------------------------------+
; Slow 1200mV 100C Model Setup Summary         ;
+---------------------+--------+---------------+
; Clock               ; Slack  ; End Point TNS ;
+---------------------+--------+---------------+
; clk_sys             ; 2.447  ; 0.000         ;
; altera_reserved_tck ; 43.780 ; 0.000         ;
+---------------------+--------+---------------+


+---------------------------------------------+
; Slow 1200mV 100C Model Hold Summary         ;
+---------------------+-------+---------------+
; Clock               ; Slack ; End Point TNS ;
+---------------------+-------+---------------+
; clk_sys             ; 0.257 ; 0.000         ;
; altera_reserved_tck ; 0.341 ; 0.000         ;
+---------------------+-------+---------------+


+----------------------------------------------+
; Slow 1200mV 100C Model Recovery Summary      ;
+---------------------+--------+---------------+
; Clock               ; Slack  ; End Point TNS ;
+---------------------+--------+---------------+
; altera_reserved_tck ; 95.194 ; 0.000         ;
+---------------------+--------+---------------+


+---------------------------------------------+
; Slow 1200mV 100C Model Removal Summary      ;
+---------------------+-------+---------------+
; Clock               ; Slack ; End Point TNS ;
+---------------------+-------+---------------+
; altera_reserved_tck ; 1.320 ; 0.000         ;
+---------------------+-------+---------------+


+----------------------------------------------------+
; Slow 1200mV 100C Model Minimum Pulse Width Summary ;
+---------------------+--------+---------------------+
; Clock               ; Slack  ; End Point TNS       ;
+---------------------+--------+---------------------+
; clk_sys             ; 4.509  ; 0.000               ;
; altera_reserved_tck ; 49.527 ; 0.000               ;
+---------------------+--------+---------------------+


------------------------------------------------
; Slow 1200mV 100C Model Metastability Summary ;
------------------------------------------------
The design MTBF is not calculated because there are no specified synchronizers in the design.
Number of Synchronizer Chains Found: 139
Shortest Synchronizer Chain: 2 Registers
Fraction of Chains for which MTBFs Could Not be Calculated: 1.000
Worst Case Available Settling Time: 7.640 ns




+-----------------------------------------------------------+
; Slow 1200mV -40C Model Fmax Summary                       ;
+------------+-----------------+---------------------+------+
; Fmax       ; Restricted Fmax ; Clock Name          ; Note ;
+------------+-----------------+---------------------+------+
; 88.35 MHz  ; 88.35 MHz       ; altera_reserved_tck ;      ;
; 149.61 MHz ; 149.61 MHz      ; clk_sys             ;      ;
+------------+-----------------+---------------------+------+
This panel reports FMAX for every clock in the design, regardless of the user-specified clock periods.  FMAX is only computed for paths where the source and destination registers or ports are driven by the same clock.  Paths of different clocks, including generated clocks, are ignored.  For paths between a clock and its inversion, FMAX is computed as if the rising and falling edges are scaled along with FMAX, such that the duty cycle (in terms of a percentage) is maintained. Altera recommends that you always use clock constraints and other slack reports for sign-off analysis.


+----------------------------------------------+
; Slow 1200mV -40C Model Setup Summary         ;
+---------------------+--------+---------------+
; Clock               ; Slack  ; End Point TNS ;
+---------------------+--------+---------------+
; clk_sys             ; 3.316  ; 0.000         ;
; altera_reserved_tck ; 44.341 ; 0.000         ;
+---------------------+--------+---------------+


+---------------------------------------------+
; Slow 1200mV -40C Model Hold Summary         ;
+---------------------+-------+---------------+
; Clock               ; Slack ; End Point TNS ;
+---------------------+-------+---------------+
; clk_sys             ; 0.254 ; 0.000         ;
; altera_reserved_tck ; 0.292 ; 0.000         ;
+---------------------+-------+---------------+


+----------------------------------------------+
; Slow 1200mV -40C Model Recovery Summary      ;
+---------------------+--------+---------------+
; Clock               ; Slack  ; End Point TNS ;
+---------------------+--------+---------------+
; altera_reserved_tck ; 95.816 ; 0.000         ;
+---------------------+--------+---------------+


+---------------------------------------------+
; Slow 1200mV -40C Model Removal Summary      ;
+---------------------+-------+---------------+
; Clock               ; Slack ; End Point TNS ;
+---------------------+-------+---------------+
; altera_reserved_tck ; 1.185 ; 0.000         ;
+---------------------+-------+---------------+


+----------------------------------------------------+
; Slow 1200mV -40C Model Minimum Pulse Width Summary ;
+---------------------+--------+---------------------+
; Clock               ; Slack  ; End Point TNS       ;
+---------------------+--------+---------------------+
; clk_sys             ; 4.532  ; 0.000               ;
; altera_reserved_tck ; 49.551 ; 0.000               ;
+---------------------+--------+---------------------+


------------------------------------------------
; Slow 1200mV -40C Model Metastability Summary ;
------------------------------------------------
The design MTBF is not calculated because there are no specified synchronizers in the design.
Number of Synchronizer Chains Found: 139
Shortest Synchronizer Chain: 2 Registers
Fraction of Chains for which MTBFs Could Not be Calculated: 1.000
Worst Case Available Settling Time: 7.857 ns




+----------------------------------------------+
; Fast 1200mV -40C Model Setup Summary         ;
+---------------------+--------+---------------+
; Clock               ; Slack  ; End Point TNS ;
+---------------------+--------+---------------+
; clk_sys             ; 6.566  ; 0.000         ;
; altera_reserved_tck ; 47.610 ; 0.000         ;
+---------------------+--------+---------------+


+---------------------------------------------+
; Fast 1200mV -40C Model Hold Summary         ;
+---------------------+-------+---------------+
; Clock               ; Slack ; End Point TNS ;
+---------------------+-------+---------------+
; clk_sys             ; 0.101 ; 0.000         ;
; altera_reserved_tck ; 0.141 ; 0.000         ;
+---------------------+-------+---------------+


+----------------------------------------------+
; Fast 1200mV -40C Model Recovery Summary      ;
+---------------------+--------+---------------+
; Clock               ; Slack  ; End Point TNS ;
+---------------------+--------+---------------+
; altera_reserved_tck ; 97.737 ; 0.000         ;
+---------------------+--------+---------------+


+---------------------------------------------+
; Fast 1200mV -40C Model Removal Summary      ;
+---------------------+-------+---------------+
; Clock               ; Slack ; End Point TNS ;
+---------------------+-------+---------------+
; altera_reserved_tck ; 0.538 ; 0.000         ;
+---------------------+-------+---------------+


+----------------------------------------------------+
; Fast 1200mV -40C Model Minimum Pulse Width Summary ;
+---------------------+--------+---------------------+
; Clock               ; Slack  ; End Point TNS       ;
+---------------------+--------+---------------------+
; clk_sys             ; 4.265  ; 0.000               ;
; altera_reserved_tck ; 49.397 ; 0.000               ;
+---------------------+--------+---------------------+


------------------------------------------------
; Fast 1200mV -40C Model Metastability Summary ;
------------------------------------------------
The design MTBF is not calculated because there are no specified synchronizers in the design.
Number of Synchronizer Chains Found: 139
Shortest Synchronizer Chain: 2 Registers
Fraction of Chains for which MTBFs Could Not be Calculated: 1.000
Worst Case Available Settling Time: 8.962 ns




+----------------------------------------------------------------------------------+
; Multicorner Timing Analysis Summary                                              ;
+----------------------+--------+-------+----------+---------+---------------------+
; Clock                ; Setup  ; Hold  ; Recovery ; Removal ; Minimum Pulse Width ;
+----------------------+--------+-------+----------+---------+---------------------+
; Worst-case Slack     ; 2.447  ; 0.101 ; 95.194   ; 0.538   ; 4.265               ;
;  altera_reserved_tck ; 43.780 ; 0.141 ; 95.194   ; 0.538   ; 49.397              ;
;  clk_sys             ; 2.447  ; 0.101 ; N/A      ; N/A     ; 4.265               ;
; Design-wide TNS      ; 0.0    ; 0.0   ; 0.0      ; 0.0     ; 0.0                 ;
;  altera_reserved_tck ; 0.000  ; 0.000 ; 0.000    ; 0.000   ; 0.000               ;
;  clk_sys             ; 0.000  ; 0.000 ; N/A      ; N/A     ; 0.000               ;
+----------------------+--------+-------+----------+---------+---------------------+


+------------------------------------------------------------------------------------------------------------------------------------------------------------------------------------------------------------------------------------------------------------------------------------------------------------------------------------------------------------------------------------------------------------------------+
; Board Trace Model Assignments                                                                                                                                                                                                                                                                                                                                                                                          ;
+---------------------+--------------+-------------------+-------------------------+-------------------------+---------------+---------------------+----------------+------------------+--------+------------------+------------------------+------------------------+--------------+---------------+-----------------+-------+---------------------+--------------------+---------------+-----------------+-------------+
; Pin                 ; I/O Standard ; Near Tline Length ; Near Tline L per Length ; Near Tline C per Length ; Near Series R ; Near Differential R ; Near Pull-up R ; Near Pull-down R ; Near C ; Far Tline Length ; Far Tline L per Length ; Far Tline C per Length ; Far Series R ; Far Pull-up R ; Far Pull-down R ; Far C ; Termination Voltage ; Far Differential R ; EBD File Name ; EBD Signal Name ; EBD Far-end ;
+---------------------+--------------+-------------------+-------------------------+-------------------------+---------------+---------------------+----------------+------------------+--------+------------------+------------------------+------------------------+--------------+---------------+-----------------+-------+---------------------+--------------------+---------------+-----------------+-------------+
; HEARTBEAT           ; 3.3-V LVTTL  ; 0 in              ; 0 H/in                  ; 0 F/in                  ; short         ; -                   ; open           ; open             ; open   ; 0 in             ; 0 H/in                 ; 0 F/in                 ; short        ; open          ; open            ; open  ; 0 V                 ; -                  ; n/a           ; n/a             ; n/a         ;
; HTRV_ADC_CSI        ; 3.3-V LVTTL  ; 0 in              ; 0 H/in                  ; 0 F/in                  ; short         ; -                   ; open           ; open             ; open   ; 0 in             ; 0 H/in                 ; 0 F/in                 ; short        ; open          ; open            ; open  ; 0 V                 ; -                  ; n/a           ; n/a             ; n/a         ;
; HTRV_ADC_SCLK       ; 3.3-V LVTTL  ; 0 in              ; 0 H/in                  ; 0 F/in                  ; short         ; -                   ; open           ; open             ; open   ; 0 in             ; 0 H/in                 ; 0 F/in                 ; short        ; open          ; open            ; open  ; 0 V                 ; -                  ; n/a           ; n/a             ; n/a         ;
; HTRV_ADC_SDI        ; 3.3-V LVTTL  ; 0 in              ; 0 H/in                  ; 0 F/in                  ; short         ; -                   ; open           ; open             ; open   ; 0 in             ; 0 H/in                 ; 0 F/in                 ; short        ; open          ; open            ; open  ; 0 V                 ; -                  ; n/a           ; n/a             ; n/a         ;
; HTRV_DAC_SCLK       ; 3.3-V LVTTL  ; 0 in              ; 0 H/in                  ; 0 F/in                  ; short         ; -                   ; open           ; open             ; open   ; 0 in             ; 0 H/in                 ; 0 F/in                 ; short        ; open          ; open            ; open  ; 0 V                 ; -                  ; n/a           ; n/a             ; n/a         ;
; HTRV_DAC_DIN        ; 3.3-V LVTTL  ; 0 in              ; 0 H/in                  ; 0 F/in                  ; short         ; -                   ; open           ; open             ; open   ; 0 in             ; 0 H/in                 ; 0 F/in                 ; short        ; open          ; open            ; open  ; 0 V                 ; -                  ; n/a           ; n/a             ; n/a         ;
; HTRV_DAC_SYNC       ; 3.3-V LVTTL  ; 0 in              ; 0 H/in                  ; 0 F/in                  ; short         ; -                   ; open           ; open             ; open   ; 0 in             ; 0 H/in                 ; 0 F/in                 ; short        ; open          ; open            ; open  ; 0 V                 ; -                  ; n/a           ; n/a             ; n/a         ;
; XPORT_TX            ; 3.3-V LVTTL  ; 0 in              ; 0 H/in                  ; 0 F/in                  ; short         ; -                   ; open           ; open             ; open   ; 0 in             ; 0 H/in                 ; 0 F/in                 ; short        ; open          ; open            ; open  ; 0 V                 ; -                  ; n/a           ; n/a             ; n/a         ;
; HTRI_ADC_SDI        ; 3.3-V LVTTL  ; 0 in              ; 0 H/in                  ; 0 F/in                  ; short         ; -                   ; open           ; open             ; open   ; 0 in             ; 0 H/in                 ; 0 F/in                 ; short        ; open          ; open            ; open  ; 0 V                 ; -                  ; n/a           ; n/a             ; n/a         ;
; HTRI_ADC_CSI        ; 3.3-V LVTTL  ; 0 in              ; 0 H/in                  ; 0 F/in                  ; short         ; -                   ; open           ; open             ; open   ; 0 in             ; 0 H/in                 ; 0 F/in                 ; short        ; open          ; open            ; open  ; 0 V                 ; -                  ; n/a           ; n/a             ; n/a         ;
; HTRI_ADC_SCLK       ; 3.3-V LVTTL  ; 0 in              ; 0 H/in                  ; 0 F/in                  ; short         ; -                   ; open           ; open             ; open   ; 0 in             ; 0 H/in                 ; 0 F/in                 ; short        ; open          ; open            ; open  ; 0 V                 ; -                  ; n/a           ; n/a             ; n/a         ;
; LED[4]              ; 3.3-V LVTTL  ; 0 in              ; 0 H/in                  ; 0 F/in                  ; short         ; -                   ; open           ; open             ; open   ; 0 in             ; 0 H/in                 ; 0 F/in                 ; short        ; open          ; open            ; open  ; 0 V                 ; -                  ; n/a           ; n/a             ; n/a         ;
; LED[3]              ; 3.3-V LVTTL  ; 0 in              ; 0 H/in                  ; 0 F/in                  ; short         ; -                   ; open           ; open             ; open   ; 0 in             ; 0 H/in                 ; 0 F/in                 ; short        ; open          ; open            ; open  ; 0 V                 ; -                  ; n/a           ; n/a             ; n/a         ;
; LED[2]              ; 3.3-V LVTTL  ; 0 in              ; 0 H/in                  ; 0 F/in                  ; short         ; -                   ; open           ; open             ; open   ; 0 in             ; 0 H/in                 ; 0 F/in                 ; short        ; open          ; open            ; open  ; 0 V                 ; -                  ; n/a           ; n/a             ; n/a         ;
; LED[1]              ; 3.3-V LVTTL  ; 0 in              ; 0 H/in                  ; 0 F/in                  ; short         ; -                   ; open           ; open             ; open   ; 0 in             ; 0 H/in                 ; 0 F/in                 ; short        ; open          ; open            ; open  ; 0 V                 ; -                  ; n/a           ; n/a             ; n/a         ;
; LED[0]              ; 3.3-V LVTTL  ; 0 in              ; 0 H/in                  ; 0 F/in                  ; short         ; -                   ; open           ; open             ; open   ; 0 in             ; 0 H/in                 ; 0 F/in                 ; short        ; open          ; open            ; open  ; 0 V                 ; -                  ; n/a           ; n/a             ; n/a         ;
; altera_reserved_tdo ; 2.5 V        ; 0 in              ; 0 H/in                  ; 0 F/in                  ; short         ; -                   ; open           ; open             ; open   ; 0 in             ; 0 H/in                 ; 0 F/in                 ; short        ; open          ; open            ; open  ; 0 V                 ; -                  ; n/a           ; n/a             ; n/a         ;
+---------------------+--------------+-------------------+-------------------------+-------------------------+---------------+---------------------+----------------+------------------+--------+------------------+------------------------+------------------------+--------------+---------------+-----------------+-------+---------------------+--------------------+---------------+-----------------+-------------+


+---------------------------------------------------------------------------------+
; Input Transition Times                                                          ;
+---------------------+-----------------------+-----------------+-----------------+
; Pin                 ; I/O Standard          ; 10-90 Rise Time ; 90-10 Fall Time ;
+---------------------+-----------------------+-----------------+-----------------+
; HTRI_ADC_SDO        ; 3.3-V LVTTL           ; 2640 ps         ; 2640 ps         ;
; SYSCLOCK            ; 3.3-V LVTTL           ; 2640 ps         ; 2640 ps         ;
; GPIO[6]             ; 3.3-V LVTTL           ; 2640 ps         ; 2640 ps         ;
; XPORT_RX            ; 3.3-V LVTTL           ; 2640 ps         ; 2640 ps         ;
; HTRV_ADC_SDO        ; 3.3-V LVTTL           ; 2640 ps         ; 2640 ps         ;
; altera_reserved_tms ; 2.5 V Schmitt Trigger ; 2000 ps         ; 2000 ps         ;
; altera_reserved_tck ; 2.5 V Schmitt Trigger ; 2000 ps         ; 2000 ps         ;
; altera_reserved_tdi ; 2.5 V Schmitt Trigger ; 2000 ps         ; 2000 ps         ;
; ~ALTERA_CONFIG_SEL~ ; 3.3-V LVTTL           ; 2640 ps         ; 2640 ps         ;
; ~ALTERA_nCONFIG~    ; 3.3 V Schmitt Trigger ; 2640 ps         ; 2640 ps         ;
; ~ALTERA_nSTATUS~    ; 3.3 V Schmitt Trigger ; 2640 ps         ; 2640 ps         ;
; ~ALTERA_CONF_DONE~  ; 3.3 V Schmitt Trigger ; 2640 ps         ; 2640 ps         ;
+---------------------+-----------------------+-----------------+-----------------+


+--------------------------------------------------------------------------------------------------------------------------------------------------------------------------------------------------------------------------------------------------------------------------------------------------------------------------------------------------------------------------------------------------------------------------------------------------------------------------------------------------------------------------------------------------------------------------------------------------------------------------------------------------------------------------------------------------+
; Signal Integrity Metrics (Slow 1200mv n40c Model)                                                                                                                                                                                                                                                                                                                                                                                                                                                                                                                                                                                                                                                ;
+---------------------+--------------+---------------------+---------------------+------------------------------+------------------------------+---------------------+---------------------+--------------------------------------+--------------------------------------+-----------------------------+-----------------------------+----------------------------+----------------------------+-----------------------------+-----------------------------+--------------------+--------------------+-------------------------------------+-------------------------------------+----------------------------+----------------------------+---------------------------+---------------------------+
; Pin                 ; I/O Standard ; Board Delay on Rise ; Board Delay on Fall ; Steady State Voh at FPGA Pin ; Steady State Vol at FPGA Pin ; Voh Max at FPGA Pin ; Vol Min at FPGA Pin ; Ringback Voltage on Rise at FPGA Pin ; Ringback Voltage on Fall at FPGA Pin ; 10-90 Rise Time at FPGA Pin ; 90-10 Fall Time at FPGA Pin ; Monotonic Rise at FPGA Pin ; Monotonic Fall at FPGA Pin ; Steady State Voh at Far-end ; Steady State Vol at Far-end ; Voh Max at Far-end ; Vol Min at Far-end ; Ringback Voltage on Rise at Far-end ; Ringback Voltage on Fall at Far-end ; 10-90 Rise Time at Far-end ; 90-10 Fall Time at Far-end ; Monotonic Rise at Far-end ; Monotonic Fall at Far-end ;
+---------------------+--------------+---------------------+---------------------+------------------------------+------------------------------+---------------------+---------------------+--------------------------------------+--------------------------------------+-----------------------------+-----------------------------+----------------------------+----------------------------+-----------------------------+-----------------------------+--------------------+--------------------+-------------------------------------+-------------------------------------+----------------------------+----------------------------+---------------------------+---------------------------+
; HEARTBEAT           ; 3.3-V LVTTL  ; 0 s                 ; 0 s                 ; 3.08 V                       ; 1.63e-08 V                   ; 3.24 V              ; -0.165 V            ; 0.415 V                              ; 0.315 V                              ; 2.89e-10 s                  ; 4.38e-10 s                  ; No                         ; No                         ; 3.08 V                      ; 1.63e-08 V                  ; 3.24 V             ; -0.165 V           ; 0.415 V                             ; 0.315 V                             ; 2.89e-10 s                 ; 4.38e-10 s                 ; No                        ; No                        ;
; HTRV_ADC_CSI        ; 3.3-V LVTTL  ; 0 s                 ; 0 s                 ; 3.08 V                       ; 1.63e-08 V                   ; 3.24 V              ; -0.165 V            ; 0.415 V                              ; 0.315 V                              ; 2.89e-10 s                  ; 4.38e-10 s                  ; No                         ; No                         ; 3.08 V                      ; 1.63e-08 V                  ; 3.24 V             ; -0.165 V           ; 0.415 V                             ; 0.315 V                             ; 2.89e-10 s                 ; 4.38e-10 s                 ; No                        ; No                        ;
; HTRV_ADC_SCLK       ; 3.3-V LVTTL  ; 0 s                 ; 0 s                 ; 3.08 V                       ; 1.63e-08 V                   ; 3.24 V              ; -0.168 V            ; 0.414 V                              ; 0.315 V                              ; 2.89e-10 s                  ; 4.38e-10 s                  ; No                         ; No                         ; 3.08 V                      ; 1.63e-08 V                  ; 3.24 V             ; -0.168 V           ; 0.414 V                             ; 0.315 V                             ; 2.89e-10 s                 ; 4.38e-10 s                 ; No                        ; No                        ;
; HTRV_ADC_SDI        ; 3.3-V LVTTL  ; 0 s                 ; 0 s                 ; 3.08 V                       ; 1.63e-08 V                   ; 3.24 V              ; -0.165 V            ; 0.415 V                              ; 0.315 V                              ; 2.89e-10 s                  ; 4.38e-10 s                  ; No                         ; No                         ; 3.08 V                      ; 1.63e-08 V                  ; 3.24 V             ; -0.165 V           ; 0.415 V                             ; 0.315 V                             ; 2.89e-10 s                 ; 4.38e-10 s                 ; No                        ; No                        ;
; HTRV_DAC_SCLK       ; 3.3-V LVTTL  ; 0 s                 ; 0 s                 ; 3.08 V                       ; 1.63e-08 V                   ; 3.24 V              ; -0.168 V            ; 0.414 V                              ; 0.315 V                              ; 2.89e-10 s                  ; 4.38e-10 s                  ; No                         ; No                         ; 3.08 V                      ; 1.63e-08 V                  ; 3.24 V             ; -0.168 V           ; 0.414 V                             ; 0.315 V                             ; 2.89e-10 s                 ; 4.38e-10 s                 ; No                        ; No                        ;
; HTRV_DAC_DIN        ; 3.3-V LVTTL  ; 0 s                 ; 0 s                 ; 3.08 V                       ; 1.63e-08 V                   ; 3.24 V              ; -0.165 V            ; 0.415 V                              ; 0.315 V                              ; 2.89e-10 s                  ; 4.38e-10 s                  ; No                         ; No                         ; 3.08 V                      ; 1.63e-08 V                  ; 3.24 V             ; -0.165 V           ; 0.415 V                             ; 0.315 V                             ; 2.89e-10 s                 ; 4.38e-10 s                 ; No                        ; No                        ;
; HTRV_DAC_SYNC       ; 3.3-V LVTTL  ; 0 s                 ; 0 s                 ; 3.08 V                       ; 1.63e-08 V                   ; 3.24 V              ; -0.168 V            ; 0.414 V                              ; 0.315 V                              ; 2.89e-10 s                  ; 4.38e-10 s                  ; No                         ; No                         ; 3.08 V                      ; 1.63e-08 V                  ; 3.24 V             ; -0.168 V           ; 0.414 V                             ; 0.315 V                             ; 2.89e-10 s                 ; 4.38e-10 s                 ; No                        ; No                        ;
; XPORT_TX            ; 3.3-V LVTTL  ; 0 s                 ; 0 s                 ; 3.08 V                       ; 1.63e-08 V                   ; 3.24 V              ; -0.165 V            ; 0.415 V                              ; 0.315 V                              ; 2.89e-10 s                  ; 4.38e-10 s                  ; No                         ; No                         ; 3.08 V                      ; 1.63e-08 V                  ; 3.24 V             ; -0.165 V           ; 0.415 V                             ; 0.315 V                             ; 2.89e-10 s                 ; 4.38e-10 s                 ; No                        ; No                        ;
; HTRI_ADC_SDI        ; 3.3-V LVTTL  ; 0 s                 ; 0 s                 ; 3.08 V                       ; 1.63e-08 V                   ; 3.24 V              ; -0.165 V            ; 0.415 V                              ; 0.315 V                              ; 2.89e-10 s                  ; 4.38e-10 s                  ; No                         ; No                         ; 3.08 V                      ; 1.63e-08 V                  ; 3.24 V             ; -0.165 V           ; 0.415 V                             ; 0.315 V                             ; 2.89e-10 s                 ; 4.38e-10 s                 ; No                        ; No                        ;
; HTRI_ADC_CSI        ; 3.3-V LVTTL  ; 0 s                 ; 0 s                 ; 3.08 V                       ; 1.63e-08 V                   ; 3.24 V              ; -0.165 V            ; 0.415 V                              ; 0.315 V                              ; 2.89e-10 s                  ; 4.38e-10 s                  ; No                         ; No                         ; 3.08 V                      ; 1.63e-08 V                  ; 3.24 V             ; -0.165 V           ; 0.415 V                             ; 0.315 V                             ; 2.89e-10 s                 ; 4.38e-10 s                 ; No                        ; No                        ;
; HTRI_ADC_SCLK       ; 3.3-V LVTTL  ; 0 s                 ; 0 s                 ; 3.08 V                       ; 1.63e-08 V                   ; 3.24 V              ; -0.168 V            ; 0.414 V                              ; 0.315 V                              ; 2.89e-10 s                  ; 4.38e-10 s                  ; No                         ; No                         ; 3.08 V                      ; 1.63e-08 V                  ; 3.24 V             ; -0.168 V           ; 0.414 V                             ; 0.315 V                             ; 2.89e-10 s                 ; 4.38e-10 s                 ; No                        ; No                        ;
; LED[4]              ; 3.3-V LVTTL  ; 0 s                 ; 0 s                 ; 3.08 V                       ; 1.63e-08 V                   ; 3.24 V              ; -0.165 V            ; 0.415 V                              ; 0.315 V                              ; 2.89e-10 s                  ; 4.38e-10 s                  ; No                         ; No                         ; 3.08 V                      ; 1.63e-08 V                  ; 3.24 V             ; -0.165 V           ; 0.415 V                             ; 0.315 V                             ; 2.89e-10 s                 ; 4.38e-10 s                 ; No                        ; No                        ;
; LED[3]              ; 3.3-V LVTTL  ; 0 s                 ; 0 s                 ; 3.08 V                       ; 1.63e-08 V                   ; 3.24 V              ; -0.168 V            ; 0.414 V                              ; 0.315 V                              ; 2.89e-10 s                  ; 4.38e-10 s                  ; No                         ; No                         ; 3.08 V                      ; 1.63e-08 V                  ; 3.24 V             ; -0.168 V           ; 0.414 V                             ; 0.315 V                             ; 2.89e-10 s                 ; 4.38e-10 s                 ; No                        ; No                        ;
; LED[2]              ; 3.3-V LVTTL  ; 0 s                 ; 0 s                 ; 3.08 V                       ; 1.63e-08 V                   ; 3.24 V              ; -0.165 V            ; 0.415 V                              ; 0.315 V                              ; 2.89e-10 s                  ; 4.38e-10 s                  ; No                         ; No                         ; 3.08 V                      ; 1.63e-08 V                  ; 3.24 V             ; -0.165 V           ; 0.415 V                             ; 0.315 V                             ; 2.89e-10 s                 ; 4.38e-10 s                 ; No                        ; No                        ;
; LED[1]              ; 3.3-V LVTTL  ; 0 s                 ; 0 s                 ; 3.08 V                       ; 1.63e-08 V                   ; 3.24 V              ; -0.168 V            ; 0.414 V                              ; 0.315 V                              ; 2.89e-10 s                  ; 4.38e-10 s                  ; No                         ; No                         ; 3.08 V                      ; 1.63e-08 V                  ; 3.24 V             ; -0.168 V           ; 0.414 V                             ; 0.315 V                             ; 2.89e-10 s                 ; 4.38e-10 s                 ; No                        ; No                        ;
; LED[0]              ; 3.3-V LVTTL  ; 0 s                 ; 0 s                 ; 3.08 V                       ; 1.63e-08 V                   ; 3.24 V              ; -0.165 V            ; 0.415 V                              ; 0.315 V                              ; 2.89e-10 s                  ; 4.38e-10 s                  ; No                         ; No                         ; 3.08 V                      ; 1.63e-08 V                  ; 3.24 V             ; -0.165 V           ; 0.415 V                             ; 0.315 V                             ; 2.89e-10 s                 ; 4.38e-10 s                 ; No                        ; No                        ;
; altera_reserved_tdo ; 2.5 V        ; 0 s                 ; 0 s                 ; 2.32 V                       ; 4.67e-09 V                   ; 2.4 V               ; -0.0615 V           ; 0.182 V                              ; 0.244 V                              ; 4.53e-10 s                  ; 4.59e-10 s                  ; No                         ; No                         ; 2.32 V                      ; 4.67e-09 V                  ; 2.4 V              ; -0.0615 V          ; 0.182 V                             ; 0.244 V                             ; 4.53e-10 s                 ; 4.59e-10 s                 ; No                        ; No                        ;
+---------------------+--------------+---------------------+---------------------+------------------------------+------------------------------+---------------------+---------------------+--------------------------------------+--------------------------------------+-----------------------------+-----------------------------+----------------------------+----------------------------+-----------------------------+-----------------------------+--------------------+--------------------+-------------------------------------+-------------------------------------+----------------------------+----------------------------+---------------------------+---------------------------+


+--------------------------------------------------------------------------------------------------------------------------------------------------------------------------------------------------------------------------------------------------------------------------------------------------------------------------------------------------------------------------------------------------------------------------------------------------------------------------------------------------------------------------------------------------------------------------------------------------------------------------------------------------------------------------------------------------+
; Signal Integrity Metrics (Slow 1200mv 100c Model)                                                                                                                                                                                                                                                                                                                                                                                                                                                                                                                                                                                                                                                ;
+---------------------+--------------+---------------------+---------------------+------------------------------+------------------------------+---------------------+---------------------+--------------------------------------+--------------------------------------+-----------------------------+-----------------------------+----------------------------+----------------------------+-----------------------------+-----------------------------+--------------------+--------------------+-------------------------------------+-------------------------------------+----------------------------+----------------------------+---------------------------+---------------------------+
; Pin                 ; I/O Standard ; Board Delay on Rise ; Board Delay on Fall ; Steady State Voh at FPGA Pin ; Steady State Vol at FPGA Pin ; Voh Max at FPGA Pin ; Vol Min at FPGA Pin ; Ringback Voltage on Rise at FPGA Pin ; Ringback Voltage on Fall at FPGA Pin ; 10-90 Rise Time at FPGA Pin ; 90-10 Fall Time at FPGA Pin ; Monotonic Rise at FPGA Pin ; Monotonic Fall at FPGA Pin ; Steady State Voh at Far-end ; Steady State Vol at Far-end ; Voh Max at Far-end ; Vol Min at Far-end ; Ringback Voltage on Rise at Far-end ; Ringback Voltage on Fall at Far-end ; 10-90 Rise Time at Far-end ; 90-10 Fall Time at Far-end ; Monotonic Rise at Far-end ; Monotonic Fall at Far-end ;
+---------------------+--------------+---------------------+---------------------+------------------------------+------------------------------+---------------------+---------------------+--------------------------------------+--------------------------------------+-----------------------------+-----------------------------+----------------------------+----------------------------+-----------------------------+-----------------------------+--------------------+--------------------+-------------------------------------+-------------------------------------+----------------------------+----------------------------+---------------------------+---------------------------+
; HEARTBEAT           ; 3.3-V LVTTL  ; 0 s                 ; 0 s                 ; 3.08 V                       ; 6.72e-06 V                   ; 3.15 V              ; -0.0629 V           ; 0.27 V                               ; 0.22 V                               ; 4.76e-10 s                  ; 6.26e-10 s                  ; Yes                        ; No                         ; 3.08 V                      ; 6.72e-06 V                  ; 3.15 V             ; -0.0629 V          ; 0.27 V                              ; 0.22 V                              ; 4.76e-10 s                 ; 6.26e-10 s                 ; Yes                       ; No                        ;
; HTRV_ADC_CSI        ; 3.3-V LVTTL  ; 0 s                 ; 0 s                 ; 3.08 V                       ; 6.72e-06 V                   ; 3.15 V              ; -0.0629 V           ; 0.27 V                               ; 0.22 V                               ; 4.76e-10 s                  ; 6.26e-10 s                  ; Yes                        ; No                         ; 3.08 V                      ; 6.72e-06 V                  ; 3.15 V             ; -0.0629 V          ; 0.27 V                              ; 0.22 V                              ; 4.76e-10 s                 ; 6.26e-10 s                 ; Yes                       ; No                        ;
; HTRV_ADC_SCLK       ; 3.3-V LVTTL  ; 0 s                 ; 0 s                 ; 3.08 V                       ; 6.72e-06 V                   ; 3.15 V              ; -0.0632 V           ; 0.27 V                               ; 0.221 V                              ; 4.76e-10 s                  ; 6.26e-10 s                  ; Yes                        ; No                         ; 3.08 V                      ; 6.72e-06 V                  ; 3.15 V             ; -0.0632 V          ; 0.27 V                              ; 0.221 V                             ; 4.76e-10 s                 ; 6.26e-10 s                 ; Yes                       ; No                        ;
; HTRV_ADC_SDI        ; 3.3-V LVTTL  ; 0 s                 ; 0 s                 ; 3.08 V                       ; 6.72e-06 V                   ; 3.15 V              ; -0.0629 V           ; 0.27 V                               ; 0.22 V                               ; 4.76e-10 s                  ; 6.26e-10 s                  ; Yes                        ; No                         ; 3.08 V                      ; 6.72e-06 V                  ; 3.15 V             ; -0.0629 V          ; 0.27 V                              ; 0.22 V                              ; 4.76e-10 s                 ; 6.26e-10 s                 ; Yes                       ; No                        ;
; HTRV_DAC_SCLK       ; 3.3-V LVTTL  ; 0 s                 ; 0 s                 ; 3.08 V                       ; 6.72e-06 V                   ; 3.15 V              ; -0.0632 V           ; 0.27 V                               ; 0.221 V                              ; 4.76e-10 s                  ; 6.26e-10 s                  ; Yes                        ; No                         ; 3.08 V                      ; 6.72e-06 V                  ; 3.15 V             ; -0.0632 V          ; 0.27 V                              ; 0.221 V                             ; 4.76e-10 s                 ; 6.26e-10 s                 ; Yes                       ; No                        ;
; HTRV_DAC_DIN        ; 3.3-V LVTTL  ; 0 s                 ; 0 s                 ; 3.08 V                       ; 6.72e-06 V                   ; 3.15 V              ; -0.0629 V           ; 0.27 V                               ; 0.22 V                               ; 4.76e-10 s                  ; 6.26e-10 s                  ; Yes                        ; No                         ; 3.08 V                      ; 6.72e-06 V                  ; 3.15 V             ; -0.0629 V          ; 0.27 V                              ; 0.22 V                              ; 4.76e-10 s                 ; 6.26e-10 s                 ; Yes                       ; No                        ;
; HTRV_DAC_SYNC       ; 3.3-V LVTTL  ; 0 s                 ; 0 s                 ; 3.08 V                       ; 6.72e-06 V                   ; 3.15 V              ; -0.0632 V           ; 0.27 V                               ; 0.221 V                              ; 4.76e-10 s                  ; 6.26e-10 s                  ; Yes                        ; No                         ; 3.08 V                      ; 6.72e-06 V                  ; 3.15 V             ; -0.0632 V          ; 0.27 V                              ; 0.221 V                             ; 4.76e-10 s                 ; 6.26e-10 s                 ; Yes                       ; No                        ;
; XPORT_TX            ; 3.3-V LVTTL  ; 0 s                 ; 0 s                 ; 3.08 V                       ; 6.72e-06 V                   ; 3.15 V              ; -0.0629 V           ; 0.27 V                               ; 0.22 V                               ; 4.76e-10 s                  ; 6.26e-10 s                  ; Yes                        ; No                         ; 3.08 V                      ; 6.72e-06 V                  ; 3.15 V             ; -0.0629 V          ; 0.27 V                              ; 0.22 V                              ; 4.76e-10 s                 ; 6.26e-10 s                 ; Yes                       ; No                        ;
; HTRI_ADC_SDI        ; 3.3-V LVTTL  ; 0 s                 ; 0 s                 ; 3.08 V                       ; 6.72e-06 V                   ; 3.15 V              ; -0.0629 V           ; 0.27 V                               ; 0.22 V                               ; 4.76e-10 s                  ; 6.26e-10 s                  ; Yes                        ; No                         ; 3.08 V                      ; 6.72e-06 V                  ; 3.15 V             ; -0.0629 V          ; 0.27 V                              ; 0.22 V                              ; 4.76e-10 s                 ; 6.26e-10 s                 ; Yes                       ; No                        ;
; HTRI_ADC_CSI        ; 3.3-V LVTTL  ; 0 s                 ; 0 s                 ; 3.08 V                       ; 6.72e-06 V                   ; 3.15 V              ; -0.0629 V           ; 0.27 V                               ; 0.22 V                               ; 4.76e-10 s                  ; 6.26e-10 s                  ; Yes                        ; No                         ; 3.08 V                      ; 6.72e-06 V                  ; 3.15 V             ; -0.0629 V          ; 0.27 V                              ; 0.22 V                              ; 4.76e-10 s                 ; 6.26e-10 s                 ; Yes                       ; No                        ;
; HTRI_ADC_SCLK       ; 3.3-V LVTTL  ; 0 s                 ; 0 s                 ; 3.08 V                       ; 6.72e-06 V                   ; 3.15 V              ; -0.0632 V           ; 0.27 V                               ; 0.221 V                              ; 4.76e-10 s                  ; 6.26e-10 s                  ; Yes                        ; No                         ; 3.08 V                      ; 6.72e-06 V                  ; 3.15 V             ; -0.0632 V          ; 0.27 V                              ; 0.221 V                             ; 4.76e-10 s                 ; 6.26e-10 s                 ; Yes                       ; No                        ;
; LED[4]              ; 3.3-V LVTTL  ; 0 s                 ; 0 s                 ; 3.08 V                       ; 6.72e-06 V                   ; 3.15 V              ; -0.0629 V           ; 0.27 V                               ; 0.22 V                               ; 4.76e-10 s                  ; 6.26e-10 s                  ; Yes                        ; No                         ; 3.08 V                      ; 6.72e-06 V                  ; 3.15 V             ; -0.0629 V          ; 0.27 V                              ; 0.22 V                              ; 4.76e-10 s                 ; 6.26e-10 s                 ; Yes                       ; No                        ;
; LED[3]              ; 3.3-V LVTTL  ; 0 s                 ; 0 s                 ; 3.08 V                       ; 6.72e-06 V                   ; 3.15 V              ; -0.0632 V           ; 0.27 V                               ; 0.221 V                              ; 4.76e-10 s                  ; 6.26e-10 s                  ; Yes                        ; No                         ; 3.08 V                      ; 6.72e-06 V                  ; 3.15 V             ; -0.0632 V          ; 0.27 V                              ; 0.221 V                             ; 4.76e-10 s                 ; 6.26e-10 s                 ; Yes                       ; No                        ;
; LED[2]              ; 3.3-V LVTTL  ; 0 s                 ; 0 s                 ; 3.08 V                       ; 6.72e-06 V                   ; 3.15 V              ; -0.0629 V           ; 0.27 V                               ; 0.22 V                               ; 4.76e-10 s                  ; 6.26e-10 s                  ; Yes                        ; No                         ; 3.08 V                      ; 6.72e-06 V                  ; 3.15 V             ; -0.0629 V          ; 0.27 V                              ; 0.22 V                              ; 4.76e-10 s                 ; 6.26e-10 s                 ; Yes                       ; No                        ;
; LED[1]              ; 3.3-V LVTTL  ; 0 s                 ; 0 s                 ; 3.08 V                       ; 6.72e-06 V                   ; 3.15 V              ; -0.0632 V           ; 0.27 V                               ; 0.221 V                              ; 4.76e-10 s                  ; 6.26e-10 s                  ; Yes                        ; No                         ; 3.08 V                      ; 6.72e-06 V                  ; 3.15 V             ; -0.0632 V          ; 0.27 V                              ; 0.221 V                             ; 4.76e-10 s                 ; 6.26e-10 s                 ; Yes                       ; No                        ;
; LED[0]              ; 3.3-V LVTTL  ; 0 s                 ; 0 s                 ; 3.08 V                       ; 6.72e-06 V                   ; 3.15 V              ; -0.0629 V           ; 0.27 V                               ; 0.22 V                               ; 4.76e-10 s                  ; 6.26e-10 s                  ; Yes                        ; No                         ; 3.08 V                      ; 6.72e-06 V                  ; 3.15 V             ; -0.0629 V          ; 0.27 V                              ; 0.22 V                              ; 4.76e-10 s                 ; 6.26e-10 s                 ; Yes                       ; No                        ;
; altera_reserved_tdo ; 2.5 V        ; 0 s                 ; 0 s                 ; 2.32 V                       ; 4.02e-06 V                   ; 2.36 V              ; -0.0151 V           ; 0.153 V                              ; 0.106 V                              ; 6.51e-10 s                  ; 7.55e-10 s                  ; No                         ; Yes                        ; 2.32 V                      ; 4.02e-06 V                  ; 2.36 V             ; -0.0151 V          ; 0.153 V                             ; 0.106 V                             ; 6.51e-10 s                 ; 7.55e-10 s                 ; No                        ; Yes                       ;
+---------------------+--------------+---------------------+---------------------+------------------------------+------------------------------+---------------------+---------------------+--------------------------------------+--------------------------------------+-----------------------------+-----------------------------+----------------------------+----------------------------+-----------------------------+-----------------------------+--------------------+--------------------+-------------------------------------+-------------------------------------+----------------------------+----------------------------+---------------------------+---------------------------+


+--------------------------------------------------------------------------------------------------------------------------------------------------------------------------------------------------------------------------------------------------------------------------------------------------------------------------------------------------------------------------------------------------------------------------------------------------------------------------------------------------------------------------------------------------------------------------------------------------------------------------------------------------------------------------------------------------+
; Signal Integrity Metrics (Fast 1200mv n40c Model)                                                                                                                                                                                                                                                                                                                                                                                                                                                                                                                                                                                                                                                ;
+---------------------+--------------+---------------------+---------------------+------------------------------+------------------------------+---------------------+---------------------+--------------------------------------+--------------------------------------+-----------------------------+-----------------------------+----------------------------+----------------------------+-----------------------------+-----------------------------+--------------------+--------------------+-------------------------------------+-------------------------------------+----------------------------+----------------------------+---------------------------+---------------------------+
; Pin                 ; I/O Standard ; Board Delay on Rise ; Board Delay on Fall ; Steady State Voh at FPGA Pin ; Steady State Vol at FPGA Pin ; Voh Max at FPGA Pin ; Vol Min at FPGA Pin ; Ringback Voltage on Rise at FPGA Pin ; Ringback Voltage on Fall at FPGA Pin ; 10-90 Rise Time at FPGA Pin ; 90-10 Fall Time at FPGA Pin ; Monotonic Rise at FPGA Pin ; Monotonic Fall at FPGA Pin ; Steady State Voh at Far-end ; Steady State Vol at Far-end ; Voh Max at Far-end ; Vol Min at Far-end ; Ringback Voltage on Rise at Far-end ; Ringback Voltage on Fall at Far-end ; 10-90 Rise Time at Far-end ; 90-10 Fall Time at Far-end ; Monotonic Rise at Far-end ; Monotonic Fall at Far-end ;
+---------------------+--------------+---------------------+---------------------+------------------------------+------------------------------+---------------------+---------------------+--------------------------------------+--------------------------------------+-----------------------------+-----------------------------+----------------------------+----------------------------+-----------------------------+-----------------------------+--------------------+--------------------+-------------------------------------+-------------------------------------+----------------------------+----------------------------+---------------------------+---------------------------+
; HEARTBEAT           ; 3.3-V LVTTL  ; 0 s                 ; 0 s                 ; 3.46 V                       ; 6.75e-08 V                   ; 3.67 V              ; -0.0271 V           ; 0.366 V                              ; 0.061 V                              ; 2.67e-10 s                  ; 3.36e-10 s                  ; No                         ; Yes                        ; 3.46 V                      ; 6.75e-08 V                  ; 3.67 V             ; -0.0271 V          ; 0.366 V                             ; 0.061 V                             ; 2.67e-10 s                 ; 3.36e-10 s                 ; No                        ; Yes                       ;
; HTRV_ADC_CSI        ; 3.3-V LVTTL  ; 0 s                 ; 0 s                 ; 3.46 V                       ; 6.75e-08 V                   ; 3.67 V              ; -0.0271 V           ; 0.366 V                              ; 0.061 V                              ; 2.67e-10 s                  ; 3.36e-10 s                  ; No                         ; Yes                        ; 3.46 V                      ; 6.75e-08 V                  ; 3.67 V             ; -0.0271 V          ; 0.366 V                             ; 0.061 V                             ; 2.67e-10 s                 ; 3.36e-10 s                 ; No                        ; Yes                       ;
; HTRV_ADC_SCLK       ; 3.3-V LVTTL  ; 0 s                 ; 0 s                 ; 3.46 V                       ; 6.75e-08 V                   ; 3.68 V              ; -0.0267 V           ; 0.364 V                              ; 0.059 V                              ; 2.67e-10 s                  ; 3.36e-10 s                  ; No                         ; Yes                        ; 3.46 V                      ; 6.75e-08 V                  ; 3.68 V             ; -0.0267 V          ; 0.364 V                             ; 0.059 V                             ; 2.67e-10 s                 ; 3.36e-10 s                 ; No                        ; Yes                       ;
; HTRV_ADC_SDI        ; 3.3-V LVTTL  ; 0 s                 ; 0 s                 ; 3.46 V                       ; 6.75e-08 V                   ; 3.67 V              ; -0.0271 V           ; 0.366 V                              ; 0.061 V                              ; 2.67e-10 s                  ; 3.36e-10 s                  ; No                         ; Yes                        ; 3.46 V                      ; 6.75e-08 V                  ; 3.67 V             ; -0.0271 V          ; 0.366 V                             ; 0.061 V                             ; 2.67e-10 s                 ; 3.36e-10 s                 ; No                        ; Yes                       ;
; HTRV_DAC_SCLK       ; 3.3-V LVTTL  ; 0 s                 ; 0 s                 ; 3.46 V                       ; 6.75e-08 V                   ; 3.68 V              ; -0.0267 V           ; 0.364 V                              ; 0.059 V                              ; 2.67e-10 s                  ; 3.36e-10 s                  ; No                         ; Yes                        ; 3.46 V                      ; 6.75e-08 V                  ; 3.68 V             ; -0.0267 V          ; 0.364 V                             ; 0.059 V                             ; 2.67e-10 s                 ; 3.36e-10 s                 ; No                        ; Yes                       ;
; HTRV_DAC_DIN        ; 3.3-V LVTTL  ; 0 s                 ; 0 s                 ; 3.46 V                       ; 6.75e-08 V                   ; 3.67 V              ; -0.0271 V           ; 0.366 V                              ; 0.061 V                              ; 2.67e-10 s                  ; 3.36e-10 s                  ; No                         ; Yes                        ; 3.46 V                      ; 6.75e-08 V                  ; 3.67 V             ; -0.0271 V          ; 0.366 V                             ; 0.061 V                             ; 2.67e-10 s                 ; 3.36e-10 s                 ; No                        ; Yes                       ;
; HTRV_DAC_SYNC       ; 3.3-V LVTTL  ; 0 s                 ; 0 s                 ; 3.46 V                       ; 6.75e-08 V                   ; 3.68 V              ; -0.0267 V           ; 0.364 V                              ; 0.059 V                              ; 2.67e-10 s                  ; 3.36e-10 s                  ; No                         ; Yes                        ; 3.46 V                      ; 6.75e-08 V                  ; 3.68 V             ; -0.0267 V          ; 0.364 V                             ; 0.059 V                             ; 2.67e-10 s                 ; 3.36e-10 s                 ; No                        ; Yes                       ;
; XPORT_TX            ; 3.3-V LVTTL  ; 0 s                 ; 0 s                 ; 3.46 V                       ; 6.75e-08 V                   ; 3.67 V              ; -0.0271 V           ; 0.366 V                              ; 0.061 V                              ; 2.67e-10 s                  ; 3.36e-10 s                  ; No                         ; Yes                        ; 3.46 V                      ; 6.75e-08 V                  ; 3.67 V             ; -0.0271 V          ; 0.366 V                             ; 0.061 V                             ; 2.67e-10 s                 ; 3.36e-10 s                 ; No                        ; Yes                       ;
; HTRI_ADC_SDI        ; 3.3-V LVTTL  ; 0 s                 ; 0 s                 ; 3.46 V                       ; 6.75e-08 V                   ; 3.67 V              ; -0.0271 V           ; 0.366 V                              ; 0.061 V                              ; 2.67e-10 s                  ; 3.36e-10 s                  ; No                         ; Yes                        ; 3.46 V                      ; 6.75e-08 V                  ; 3.67 V             ; -0.0271 V          ; 0.366 V                             ; 0.061 V                             ; 2.67e-10 s                 ; 3.36e-10 s                 ; No                        ; Yes                       ;
; HTRI_ADC_CSI        ; 3.3-V LVTTL  ; 0 s                 ; 0 s                 ; 3.46 V                       ; 6.75e-08 V                   ; 3.67 V              ; -0.0271 V           ; 0.366 V                              ; 0.061 V                              ; 2.67e-10 s                  ; 3.36e-10 s                  ; No                         ; Yes                        ; 3.46 V                      ; 6.75e-08 V                  ; 3.67 V             ; -0.0271 V          ; 0.366 V                             ; 0.061 V                             ; 2.67e-10 s                 ; 3.36e-10 s                 ; No                        ; Yes                       ;
; HTRI_ADC_SCLK       ; 3.3-V LVTTL  ; 0 s                 ; 0 s                 ; 3.46 V                       ; 6.75e-08 V                   ; 3.68 V              ; -0.0267 V           ; 0.364 V                              ; 0.059 V                              ; 2.67e-10 s                  ; 3.36e-10 s                  ; No                         ; Yes                        ; 3.46 V                      ; 6.75e-08 V                  ; 3.68 V             ; -0.0267 V          ; 0.364 V                             ; 0.059 V                             ; 2.67e-10 s                 ; 3.36e-10 s                 ; No                        ; Yes                       ;
; LED[4]              ; 3.3-V LVTTL  ; 0 s                 ; 0 s                 ; 3.46 V                       ; 6.75e-08 V                   ; 3.67 V              ; -0.0271 V           ; 0.366 V                              ; 0.061 V                              ; 2.67e-10 s                  ; 3.36e-10 s                  ; No                         ; Yes                        ; 3.46 V                      ; 6.75e-08 V                  ; 3.67 V             ; -0.0271 V          ; 0.366 V                             ; 0.061 V                             ; 2.67e-10 s                 ; 3.36e-10 s                 ; No                        ; Yes                       ;
; LED[3]              ; 3.3-V LVTTL  ; 0 s                 ; 0 s                 ; 3.46 V                       ; 6.75e-08 V                   ; 3.68 V              ; -0.0267 V           ; 0.364 V                              ; 0.059 V                              ; 2.67e-10 s                  ; 3.36e-10 s                  ; No                         ; Yes                        ; 3.46 V                      ; 6.75e-08 V                  ; 3.68 V             ; -0.0267 V          ; 0.364 V                             ; 0.059 V                             ; 2.67e-10 s                 ; 3.36e-10 s                 ; No                        ; Yes                       ;
; LED[2]              ; 3.3-V LVTTL  ; 0 s                 ; 0 s                 ; 3.46 V                       ; 6.75e-08 V                   ; 3.67 V              ; -0.0271 V           ; 0.366 V                              ; 0.061 V                              ; 2.67e-10 s                  ; 3.36e-10 s                  ; No                         ; Yes                        ; 3.46 V                      ; 6.75e-08 V                  ; 3.67 V             ; -0.0271 V          ; 0.366 V                             ; 0.061 V                             ; 2.67e-10 s                 ; 3.36e-10 s                 ; No                        ; Yes                       ;
; LED[1]              ; 3.3-V LVTTL  ; 0 s                 ; 0 s                 ; 3.46 V                       ; 6.75e-08 V                   ; 3.68 V              ; -0.0267 V           ; 0.364 V                              ; 0.059 V                              ; 2.67e-10 s                  ; 3.36e-10 s                  ; No                         ; Yes                        ; 3.46 V                      ; 6.75e-08 V                  ; 3.68 V             ; -0.0267 V          ; 0.364 V                             ; 0.059 V                             ; 2.67e-10 s                 ; 3.36e-10 s                 ; No                        ; Yes                       ;
; LED[0]              ; 3.3-V LVTTL  ; 0 s                 ; 0 s                 ; 3.46 V                       ; 6.75e-08 V                   ; 3.67 V              ; -0.0271 V           ; 0.366 V                              ; 0.061 V                              ; 2.67e-10 s                  ; 3.36e-10 s                  ; No                         ; Yes                        ; 3.46 V                      ; 6.75e-08 V                  ; 3.67 V             ; -0.0271 V          ; 0.366 V                             ; 0.061 V                             ; 2.67e-10 s                 ; 3.36e-10 s                 ; No                        ; Yes                       ;
; altera_reserved_tdo ; 2.5 V        ; 0 s                 ; 0 s                 ; 2.62 V                       ; 1.41e-08 V                   ; 2.76 V              ; -0.0557 V           ; 0.312 V                              ; 0.096 V                              ; 2.82e-10 s                  ; 4.04e-10 s                  ; No                         ; Yes                        ; 2.62 V                      ; 1.41e-08 V                  ; 2.76 V             ; -0.0557 V          ; 0.312 V                             ; 0.096 V                             ; 2.82e-10 s                 ; 4.04e-10 s                 ; No                        ; Yes                       ;
+---------------------+--------------+---------------------+---------------------+------------------------------+------------------------------+---------------------+---------------------+--------------------------------------+--------------------------------------+-----------------------------+-----------------------------+----------------------------+----------------------------+-----------------------------+-----------------------------+--------------------+--------------------+-------------------------------------+-------------------------------------+----------------------------+----------------------------+---------------------------+---------------------------+


+-----------------------------------------------------------------------------------------+
; Setup Transfers                                                                         ;
+---------------------+---------------------+------------+----------+----------+----------+
; From Clock          ; To Clock            ; RR Paths   ; FR Paths ; RF Paths ; FF Paths ;
+---------------------+---------------------+------------+----------+----------+----------+
; altera_reserved_tck ; altera_reserved_tck ; 8718       ; 0        ; 64       ; 0        ;
; clk_sys             ; altera_reserved_tck ; false path ; 0        ; 0        ; 0        ;
; altera_reserved_tck ; clk_sys             ; false path ; 0        ; 0        ; 0        ;
; clk_sys             ; clk_sys             ; 33239      ; 0        ; 0        ; 0        ;
+---------------------+---------------------+------------+----------+----------+----------+
Entries labeled "false path" only account for clock-to-clock false paths and not path-based false paths. As a result, actual path counts may be lower than reported.


+-----------------------------------------------------------------------------------------+
; Hold Transfers                                                                          ;
+---------------------+---------------------+------------+----------+----------+----------+
; From Clock          ; To Clock            ; RR Paths   ; FR Paths ; RF Paths ; FF Paths ;
+---------------------+---------------------+------------+----------+----------+----------+
; altera_reserved_tck ; altera_reserved_tck ; 8718       ; 0        ; 64       ; 0        ;
; clk_sys             ; altera_reserved_tck ; false path ; 0        ; 0        ; 0        ;
; altera_reserved_tck ; clk_sys             ; false path ; 0        ; 0        ; 0        ;
; clk_sys             ; clk_sys             ; 33239      ; 0        ; 0        ; 0        ;
+---------------------+---------------------+------------+----------+----------+----------+
Entries labeled "false path" only account for clock-to-clock false paths and not path-based false paths. As a result, actual path counts may be lower than reported.


+-----------------------------------------------------------------------------------------+
; Recovery Transfers                                                                      ;
+---------------------+---------------------+------------+----------+----------+----------+
; From Clock          ; To Clock            ; RR Paths   ; FR Paths ; RF Paths ; FF Paths ;
+---------------------+---------------------+------------+----------+----------+----------+
; altera_reserved_tck ; altera_reserved_tck ; 381        ; 0        ; 0        ; 0        ;
; altera_reserved_tck ; clk_sys             ; false path ; 0        ; 0        ; 0        ;
+---------------------+---------------------+------------+----------+----------+----------+
Entries labeled "false path" only account for clock-to-clock false paths and not path-based false paths. As a result, actual path counts may be lower than reported.


+-----------------------------------------------------------------------------------------+
; Removal Transfers                                                                       ;
+---------------------+---------------------+------------+----------+----------+----------+
; From Clock          ; To Clock            ; RR Paths   ; FR Paths ; RF Paths ; FF Paths ;
+---------------------+---------------------+------------+----------+----------+----------+
; altera_reserved_tck ; altera_reserved_tck ; 381        ; 0        ; 0        ; 0        ;
; altera_reserved_tck ; clk_sys             ; false path ; 0        ; 0        ; 0        ;
+---------------------+---------------------+------------+----------+----------+----------+
Entries labeled "false path" only account for clock-to-clock false paths and not path-based false paths. As a result, actual path counts may be lower than reported.


---------------
; Report TCCS ;
---------------
No dedicated SERDES Transmitter circuitry present in device or used in design


---------------
; Report RSKM ;
---------------
No non-DPA dedicated SERDES Receiver circuitry present in device or used in design


+------------------------------------------------+
; Unconstrained Paths Summary                    ;
+---------------------------------+-------+------+
; Property                        ; Setup ; Hold ;
+---------------------------------+-------+------+
; Illegal Clocks                  ; 0     ; 0    ;
; Unconstrained Clocks            ; 8     ; 8    ;
; Unconstrained Input Ports       ; 5     ; 5    ;
; Unconstrained Input Port Paths  ; 2277  ; 2277 ;
; Unconstrained Output Ports      ; 11    ; 11   ;
; Unconstrained Output Port Paths ; 44    ; 44   ;
+---------------------------------+-------+------+


+-------------------------------------------------------------------------------------------------------------------------+
; Clock Status Summary                                                                                                    ;
+----------------------------------------------------------------------------+---------------------+------+---------------+
; Target                                                                     ; Clock               ; Type ; Status        ;
+----------------------------------------------------------------------------+---------------------+------+---------------+
; ADS8688v2:inst3|FILTERS:\ADCDataFilter:0:ADC_Filter|cic_8:CIC|clk_count[1] ;                     ; Base ; Unconstrained ;
; ADS8688v2:inst3|FILTERS:\ADCDataFilter:1:ADC_Filter|cic_8:CIC|clk_count[1] ;                     ; Base ; Unconstrained ;
; ADS8688v2:inst3|FILTERS:\ADCDataFilter:2:ADC_Filter|cic_8:CIC|clk_count[1] ;                     ; Base ; Unconstrained ;
; ADS8688v2:inst3|FILTERS:\ADCDataFilter:3:ADC_Filter|cic_8:CIC|clk_count[1] ;                     ; Base ; Unconstrained ;
; ADS8688v2:inst3|FILTERS:\ADCDataFilter:4:ADC_Filter|cic_8:CIC|clk_count[1] ;                     ; Base ; Unconstrained ;
; ADS8688v2:inst3|FILTERS:\ADCDataFilter:5:ADC_Filter|cic_8:CIC|clk_count[1] ;                     ; Base ; Unconstrained ;
; ADS8688v2:inst3|FILTERS:\ADCDataFilter:6:ADC_Filter|cic_8:CIC|clk_count[1] ;                     ; Base ; Unconstrained ;
; ADS8688v2:inst3|FILTERS:\ADCDataFilter:7:ADC_Filter|cic_8:CIC|clk_count[1] ;                     ; Base ; Unconstrained ;
; SYSCLOCK                                                                   ; clk_sys             ; Base ; Constrained   ;
; altera_reserved_tck                                                        ; altera_reserved_tck ; Base ; Constrained   ;
+----------------------------------------------------------------------------+---------------------+------+---------------+


+------------------------------------------------------------------------------------------------------------+
; Unconstrained Input Ports                                                                                  ;
+---------------------+--------------------------------------------------------------------------------------+
; Input Port          ; Comment                                                                              ;
+---------------------+--------------------------------------------------------------------------------------+
; GPIO[6]             ; No input delay, min/max delays, false-path exceptions, or max skew assignments found ;
; HTRV_ADC_SDO        ; No input delay, min/max delays, false-path exceptions, or max skew assignments found ;
; XPORT_RX            ; No input delay, min/max delays, false-path exceptions, or max skew assignments found ;
; altera_reserved_tdi ; No input delay, min/max delays, false-path exceptions, or max skew assignments found ;
; altera_reserved_tms ; No input delay, min/max delays, false-path exceptions, or max skew assignments found ;
+---------------------+--------------------------------------------------------------------------------------+


+-------------------------------------------------------------------------------------------------------------+
; Unconstrained Output Ports                                                                                  ;
+---------------------+---------------------------------------------------------------------------------------+
; Output Port         ; Comment                                                                               ;
+---------------------+---------------------------------------------------------------------------------------+
; HEARTBEAT           ; No output delay, min/max delays, false-path exceptions, or max skew assignments found ;
; HTRV_ADC_CSI        ; No output delay, min/max delays, false-path exceptions, or max skew assignments found ;
; HTRV_ADC_SCLK       ; No output delay, min/max delays, false-path exceptions, or max skew assignments found ;
; HTRV_ADC_SDI        ; No output delay, min/max delays, false-path exceptions, or max skew assignments found ;
; HTRV_DAC_DIN        ; No output delay, min/max delays, false-path exceptions, or max skew assignments found ;
; HTRV_DAC_SCLK       ; No output delay, min/max delays, false-path exceptions, or max skew assignments found ;
; HTRV_DAC_SYNC       ; No output delay, min/max delays, false-path exceptions, or max skew assignments found ;
; LED[2]              ; No output delay, min/max delays, false-path exceptions, or max skew assignments found ;
; LED[3]              ; No output delay, min/max delays, false-path exceptions, or max skew assignments found ;
; XPORT_TX            ; No output delay, min/max delays, false-path exceptions, or max skew assignments found ;
; altera_reserved_tdo ; No output delay, min/max delays, false-path exceptions, or max skew assignments found ;
+---------------------+---------------------------------------------------------------------------------------+


+------------------------------------------------------------------------------------------------------------+
; Unconstrained Input Ports                                                                                  ;
+---------------------+--------------------------------------------------------------------------------------+
; Input Port          ; Comment                                                                              ;
+---------------------+--------------------------------------------------------------------------------------+
; GPIO[6]             ; No input delay, min/max delays, false-path exceptions, or max skew assignments found ;
; HTRV_ADC_SDO        ; No input delay, min/max delays, false-path exceptions, or max skew assignments found ;
; XPORT_RX            ; No input delay, min/max delays, false-path exceptions, or max skew assignments found ;
; altera_reserved_tdi ; No input delay, min/max delays, false-path exceptions, or max skew assignments found ;
; altera_reserved_tms ; No input delay, min/max delays, false-path exceptions, or max skew assignments found ;
+---------------------+--------------------------------------------------------------------------------------+


+-------------------------------------------------------------------------------------------------------------+
; Unconstrained Output Ports                                                                                  ;
+---------------------+---------------------------------------------------------------------------------------+
; Output Port         ; Comment                                                                               ;
+---------------------+---------------------------------------------------------------------------------------+
; HEARTBEAT           ; No output delay, min/max delays, false-path exceptions, or max skew assignments found ;
; HTRV_ADC_CSI        ; No output delay, min/max delays, false-path exceptions, or max skew assignments found ;
; HTRV_ADC_SCLK       ; No output delay, min/max delays, false-path exceptions, or max skew assignments found ;
; HTRV_ADC_SDI        ; No output delay, min/max delays, false-path exceptions, or max skew assignments found ;
; HTRV_DAC_DIN        ; No output delay, min/max delays, false-path exceptions, or max skew assignments found ;
; HTRV_DAC_SCLK       ; No output delay, min/max delays, false-path exceptions, or max skew assignments found ;
; HTRV_DAC_SYNC       ; No output delay, min/max delays, false-path exceptions, or max skew assignments found ;
; LED[2]              ; No output delay, min/max delays, false-path exceptions, or max skew assignments found ;
; LED[3]              ; No output delay, min/max delays, false-path exceptions, or max skew assignments found ;
; XPORT_TX            ; No output delay, min/max delays, false-path exceptions, or max skew assignments found ;
; altera_reserved_tdo ; No output delay, min/max delays, false-path exceptions, or max skew assignments found ;
+---------------------+---------------------------------------------------------------------------------------+


+--------------------------+
; Timing Analyzer Messages ;
+--------------------------+
Info: *******************************************************************
Info: Running Quartus Prime Timing Analyzer
    Info: Version 18.1.0 Build 625 09/12/2018 SJ Lite Edition
    Info: Processing started: Fri Sep 25 12:22:56 2026
Info: Command: quartus_sta MODBUS -c MODBUS
Info: qsta_default_script.tcl version: #1
Warning (18236): Number of processors has not been specified which may cause overloading on shared machines.  Set the global assignment NUM_PARALLEL_PROCESSORS in your QSF to an appropriate value for best performance.
Info (20030): Parallel compilation is enabled and will use 14 of the 14 processors detected
Info (21077): Low junction temperature is -40 degrees C
Info (21077): High junction temperature is 100 degrees C
Info (332164): Evaluating HDL-embedded SDC commands
    Info (332165): Entity sld_hub
        Info (332166): create_clock -name altera_reserved_tck [get_ports {altera_reserved_tck}] -period 10MHz   
        Info (332166): set_clock_groups -asynchronous -group {altera_reserved_tck}
Info (332104): Reading SDC File: 'MODBUS.sdc'
Warning (332060): Node: ADS8688v2:inst3|FILTERS:\ADCDataFilter:4:ADC_Filter|cic_8:CIC|clk_count[1] was determined to be a clock but was found without an associated clock assignment.
    Info (13166): Register ADS8688v2:inst3|FILTERS:\ADCDataFilter:4:ADC_Filter|cic_8:CIC|yse[16] is being clocked by ADS8688v2:inst3|FILTERS:\ADCDataFilter:4:ADC_Filter|cic_8:CIC|clk_count[1]
Warning (332060): Node: ADS8688v2:inst3|FILTERS:\ADCDataFilter:5:ADC_Filter|cic_8:CIC|clk_count[1] was determined to be a clock but was found without an associated clock assignment.
    Info (13166): Register ADS8688v2:inst3|FILTERS:\ADCDataFilter:5:ADC_Filter|cic_8:CIC|yse[17] is being clocked by ADS8688v2:inst3|FILTERS:\ADCDataFilter:5:ADC_Filter|cic_8:CIC|clk_count[1]
Warning (332060): Node: ADS8688v2:inst3|FILTERS:\ADCDataFilter:7:ADC_Filter|cic_8:CIC|clk_count[1] was determined to be a clock but was found without an associated clock assignment.
    Info (13166): Register ADS8688v2:inst3|FILTERS:\ADCDataFilter:7:ADC_Filter|cic_8:CIC|yse[21] is being clocked by ADS8688v2:inst3|FILTERS:\ADCDataFilter:7:ADC_Filter|cic_8:CIC|clk_count[1]
Warning (332060): Node: ADS8688v2:inst3|FILTERS:\ADCDataFilter:6:ADC_Filter|cic_8:CIC|clk_count[1] was determined to be a clock but was found without an associated clock assignment.
    Info (13166): Register ADS8688v2:inst3|FILTERS:\ADCDataFilter:6:ADC_Filter|cic_8:CIC|yse[14] is being clocked by ADS8688v2:inst3|FILTERS:\ADCDataFilter:6:ADC_Filter|cic_8:CIC|clk_count[1]
Warning (332060): Node: ADS8688v2:inst3|FILTERS:\ADCDataFilter:3:ADC_Filter|cic_8:CIC|clk_count[1] was determined to be a clock but was found without an associated clock assignment.
    Info (13166): Register ADS8688v2:inst3|FILTERS:\ADCDataFilter:3:ADC_Filter|cic_8:CIC|yse[9] is being clocked by ADS8688v2:inst3|FILTERS:\ADCDataFilter:3:ADC_Filter|cic_8:CIC|clk_count[1]
Warning (332060): Node: ADS8688v2:inst3|FILTERS:\ADCDataFilter:2:ADC_Filter|cic_8:CIC|clk_count[1] was determined to be a clock but was found without an associated clock assignment.
    Info (13166): Register ADS8688v2:inst3|FILTERS:\ADCDataFilter:2:ADC_Filter|cic_8:CIC|yse[22] is being clocked by ADS8688v2:inst3|FILTERS:\ADCDataFilter:2:ADC_Filter|cic_8:CIC|clk_count[1]
Warning (332060): Node: ADS8688v2:inst3|FILTERS:\ADCDataFilter:1:ADC_Filter|cic_8:CIC|clk_count[1] was determined to be a clock but was found without an associated clock assignment.
    Info (13166): Register ADS8688v2:inst3|FILTERS:\ADCDataFilter:1:ADC_Filter|cic_8:CIC|yse[17] is being clocked by ADS8688v2:inst3|FILTERS:\ADCDataFilter:1:ADC_Filter|cic_8:CIC|clk_count[1]
Warning (332060): Node: ADS8688v2:inst3|FILTERS:\ADCDataFilter:0:ADC_Filter|cic_8:CIC|clk_count[1] was determined to be a clock but was found without an associated clock assignment.
    Info (13166): Register ADS8688v2:inst3|FILTERS:\ADCDataFilter:0:ADC_Filter|cic_8:CIC|yse[11] is being clocked by ADS8688v2:inst3|FILTERS:\ADCDataFilter:0:ADC_Filter|cic_8:CIC|clk_count[1]
Info (332097): The following timing edges are non-unate.  The Timing Analyzer will assume pos-unate behavior for these edges in the clock network.
    Info (332098): Cell: altera_internal_jtag  from: tck  to: tckutap
Critical Warning (332168): The following clock transfers have no clock uncertainty assignment. For more accurate results, apply clock uncertainty assignments or use the derive_clock_uncertainty command.
    Critical Warning (332169): From altera_reserved_tck (Rise) to altera_reserved_tck (Rise) (setup and hold)
    Critical Warning (332169): From altera_reserved_tck (Rise) to altera_reserved_tck (Fall) (setup and hold)
    Critical Warning (332169): From clk_sys (Rise) to clk_sys (Rise) (setup and hold)
Info: Found TIMING_ANALYZER_REPORT_SCRIPT_INCLUDE_DEFAULT_ANALYSIS = ON
Info: Analyzing Slow 1200mV 100C Model
Info: Can't run Report Timing Closure Recommendations. The current device family is not supported.
Info (332146): Worst-case setup slack is 2.447
    Info (332119):     Slack       End Point TNS Clock 
    Info (332119): ========= =================== =====================
    Info (332119):     2.447               0.000 clk_sys 
    Info (332119):    43.780               0.000 altera_reserved_tck 
Info (332146): Worst-case hold slack is 0.257
    Info (332119):     Slack       End Point TNS Clock 
    Info (332119): ========= =================== =====================
    Info (332119):     0.257               0.000 clk_sys 
    Info (332119):     0.341               0.000 altera_reserved_tck 
Info (332146): Worst-case recovery slack is 95.194
    Info (332119):     Slack       End Point TNS Clock 
    Info (332119): ========= =================== =====================
    Info (332119):    95.194               0.000 altera_reserved_tck 
Info (332146): Worst-case removal slack is 1.320
    Info (332119):     Slack       End Point TNS Clock 
    Info (332119): ========= =================== =====================
    Info (332119):     1.320               0.000 altera_reserved_tck 
Info (332146): Worst-case minimum pulse width slack is 4.509
    Info (332119):     Slack       End Point TNS Clock 
    Info (332119): ========= =================== =====================
    Info (332119):     4.509               0.000 clk_sys 
    Info (332119):    49.527               0.000 altera_reserved_tck 
Info (332114): Report Metastability: Found 139 synchronizer chains.
    Info (332114): The design MTBF is not calculated because there are no specified synchronizers in the design.
    Info (332114): Number of Synchronizer Chains Found: 139
    Info (332114): Shortest Synchronizer Chain: 2 Registers
    Info (332114): Fraction of Chains for which MTBFs Could Not be Calculated: 1.000
    Info (332114): Worst Case Available Settling Time: 7.640 ns
    Info (332114): 
Info: Analyzing Slow 1200mV -40C Model
Info (334003): Started post-fitting delay annotation
Info (334004): Delay annotation completed successfully
Warning (332060): Node: ADS8688v2:inst3|FILTERS:\ADCDataFilter:4:ADC_Filter|cic_8:CIC|clk_count[1] was determined to be a clock but was found without an associated clock assignment.
    Info (13166): Register ADS8688v2:inst3|FILTERS:\ADCDataFilter:4:ADC_Filter|cic_8:CIC|yse[16] is being clocked by ADS8688v2:inst3|FILTERS:\ADCDataFilter:4:ADC_Filter|cic_8:CIC|clk_count[1]
Warning (332060): Node: ADS8688v2:inst3|FILTERS:\ADCDataFilter:5:ADC_Filter|cic_8:CIC|clk_count[1] was determined to be a clock but was found without an associated clock assignment.
    Info (13166): Register ADS8688v2:inst3|FILTERS:\ADCDataFilter:5:ADC_Filter|cic_8:CIC|yse[17] is being clocked by ADS8688v2:inst3|FILTERS:\ADCDataFilter:5:ADC_Filter|cic_8:CIC|clk_count[1]
Warning (332060): Node: ADS8688v2:inst3|FILTERS:\ADCDataFilter:7:ADC_Filter|cic_8:CIC|clk_count[1] was determined to be a clock but was found without an associated clock assignment.
    Info (13166): Register ADS8688v2:inst3|FILTERS:\ADCDataFilter:7:ADC_Filter|cic_8:CIC|yse[21] is being clocked by ADS8688v2:inst3|FILTERS:\ADCDataFilter:7:ADC_Filter|cic_8:CIC|clk_count[1]
Warning (332060): Node: ADS8688v2:inst3|FILTERS:\ADCDataFilter:6:ADC_Filter|cic_8:CIC|clk_count[1] was determined to be a clock but was found without an associated clock assignment.
    Info (13166): Register ADS8688v2:inst3|FILTERS:\ADCDataFilter:6:ADC_Filter|cic_8:CIC|yse[14] is being clocked by ADS8688v2:inst3|FILTERS:\ADCDataFilter:6:ADC_Filter|cic_8:CIC|clk_count[1]
Warning (332060): Node: ADS8688v2:inst3|FILTERS:\ADCDataFilter:3:ADC_Filter|cic_8:CIC|clk_count[1] was determined to be a clock but was found without an associated clock assignment.
    Info (13166): Register ADS8688v2:inst3|FILTERS:\ADCDataFilter:3:ADC_Filter|cic_8:CIC|yse[9] is being clocked by ADS8688v2:inst3|FILTERS:\ADCDataFilter:3:ADC_Filter|cic_8:CIC|clk_count[1]
Warning (332060): Node: ADS8688v2:inst3|FILTERS:\ADCDataFilter:2:ADC_Filter|cic_8:CIC|clk_count[1] was determined to be a clock but was found without an associated clock assignment.
    Info (13166): Register ADS8688v2:inst3|FILTERS:\ADCDataFilter:2:ADC_Filter|cic_8:CIC|yse[22] is being clocked by ADS8688v2:inst3|FILTERS:\ADCDataFilter:2:ADC_Filter|cic_8:CIC|clk_count[1]
Warning (332060): Node: ADS8688v2:inst3|FILTERS:\ADCDataFilter:1:ADC_Filter|cic_8:CIC|clk_count[1] was determined to be a clock but was found without an associated clock assignment.
    Info (13166): Register ADS8688v2:inst3|FILTERS:\ADCDataFilter:1:ADC_Filter|cic_8:CIC|yse[17] is being clocked by ADS8688v2:inst3|FILTERS:\ADCDataFilter:1:ADC_Filter|cic_8:CIC|clk_count[1]
Warning (332060): Node: ADS8688v2:inst3|FILTERS:\ADCDataFilter:0:ADC_Filter|cic_8:CIC|clk_count[1] was determined to be a clock but was found without an associated clock assignment.
    Info (13166): Register ADS8688v2:inst3|FILTERS:\ADCDataFilter:0:ADC_Filter|cic_8:CIC|yse[11] is being clocked by ADS8688v2:inst3|FILTERS:\ADCDataFilter:0:ADC_Filter|cic_8:CIC|clk_count[1]
Info (332097): The following timing edges are non-unate.  The Timing Analyzer will assume pos-unate behavior for these edges in the clock network.
    Info (332098): Cell: altera_internal_jtag  from: tck  to: tckutap
Critical Warning (332168): The following clock transfers have no clock uncertainty assignment. For more accurate results, apply clock uncertainty assignments or use the derive_clock_uncertainty command.
    Critical Warning (332169): From altera_reserved_tck (Rise) to altera_reserved_tck (Rise) (setup and hold)
    Critical Warning (332169): From altera_reserved_tck (Rise) to altera_reserved_tck (Fall) (setup and hold)
    Critical Warning (332169): From clk_sys (Rise) to clk_sys (Rise) (setup and hold)
Info (332146): Worst-case setup slack is 3.316
    Info (332119):     Slack       End Point TNS Clock 
    Info (332119): ========= =================== =====================
    Info (332119):     3.316               0.000 clk_sys 
    Info (332119):    44.341               0.000 altera_reserved_tck 
Info (332146): Worst-case hold slack is 0.254
    Info (332119):     Slack       End Point TNS Clock 
    Info (332119): ========= =================== =====================
    Info (332119):     0.254               0.000 clk_sys 
    Info (332119):     0.292               0.000 altera_reserved_tck 
Info (332146): Worst-case recovery slack is 95.816
    Info (332119):     Slack       End Point TNS Clock 
    Info (332119): ========= =================== =====================
    Info (332119):    95.816               0.000 altera_reserved_tck 
Info (332146): Worst-case removal slack is 1.185
    Info (332119):     Slack       End Point TNS Clock 
    Info (332119): ========= =================== =====================
    Info (332119):     1.185               0.000 altera_reserved_tck 
Info (332146): Worst-case minimum pulse width slack is 4.532
    Info (332119):     Slack       End Point TNS Clock 
    Info (332119): ========= =================== =====================
    Info (332119):     4.532               0.000 clk_sys 
    Info (332119):    49.551               0.000 altera_reserved_tck 
Info (332114): Report Metastability: Found 139 synchronizer chains.
    Info (332114): The design MTBF is not calculated because there are no specified synchronizers in the design.
    Info (332114): Number of Synchronizer Chains Found: 139
    Info (332114): Shortest Synchronizer Chain: 2 Registers
    Info (332114): Fraction of Chains for which MTBFs Could Not be Calculated: 1.000
    Info (332114): Worst Case Available Settling Time: 7.857 ns
    Info (332114): 
Info: Analyzing Fast 1200mV -40C Model
Warning (332060): Node: ADS8688v2:inst3|FILTERS:\ADCDataFilter:4:ADC_Filter|cic_8:CIC|clk_count[1] was determined to be a clock but was found without an associated clock assignment.
    Info (13166): Register ADS8688v2:inst3|FILTERS:\ADCDataFilter:4:ADC_Filter|cic_8:CIC|yse[16] is being clocked by ADS8688v2:inst3|FILTERS:\ADCDataFilter:4:ADC_Filter|cic_8:CIC|clk_count[1]
Warning (332060): Node: ADS8688v2:inst3|FILTERS:\ADCDataFilter:5:ADC_Filter|cic_8:CIC|clk_count[1] was determined to be a clock but was found without an associated clock assignment.
    Info (13166): Register ADS8688v2:inst3|FILTERS:\ADCDataFilter:5:ADC_Filter|cic_8:CIC|yse[17] is being clocked by ADS8688v2:inst3|FILTERS:\ADCDataFilter:5:ADC_Filter|cic_8:CIC|clk_count[1]
Warning (332060): Node: ADS8688v2:inst3|FILTERS:\ADCDataFilter:7:ADC_Filter|cic_8:CIC|clk_count[1] was determined to be a clock but was found without an associated clock assignment.
    Info (13166): Register ADS8688v2:inst3|FILTERS:\ADCDataFilter:7:ADC_Filter|cic_8:CIC|yse[21] is being clocked by ADS8688v2:inst3|FILTERS:\ADCDataFilter:7:ADC_Filter|cic_8:CIC|clk_count[1]
Warning (332060): Node: ADS8688v2:inst3|FILTERS:\ADCDataFilter:6:ADC_Filter|cic_8:CIC|clk_count[1] was determined to be a clock but was found without an associated clock assignment.
    Info (13166): Register ADS8688v2:inst3|FILTERS:\ADCDataFilter:6:ADC_Filter|cic_8:CIC|yse[14] is being clocked by ADS8688v2:inst3|FILTERS:\ADCDataFilter:6:ADC_Filter|cic_8:CIC|clk_count[1]
Warning (332060): Node: ADS8688v2:inst3|FILTERS:\ADCDataFilter:3:ADC_Filter|cic_8:CIC|clk_count[1] was determined to be a clock but was found without an associated clock assignment.
    Info (13166): Register ADS8688v2:inst3|FILTERS:\ADCDataFilter:3:ADC_Filter|cic_8:CIC|yse[9] is being clocked by ADS8688v2:inst3|FILTERS:\ADCDataFilter:3:ADC_Filter|cic_8:CIC|clk_count[1]
Warning (332060): Node: ADS8688v2:inst3|FILTERS:\ADCDataFilter:2:ADC_Filter|cic_8:CIC|clk_count[1] was determined to be a clock but was found without an associated clock assignment.
    Info (13166): Register ADS8688v2:inst3|FILTERS:\ADCDataFilter:2:ADC_Filter|cic_8:CIC|yse[22] is being clocked by ADS8688v2:inst3|FILTERS:\ADCDataFilter:2:ADC_Filter|cic_8:CIC|clk_count[1]
Warning (332060): Node: ADS8688v2:inst3|FILTERS:\ADCDataFilter:1:ADC_Filter|cic_8:CIC|clk_count[1] was determined to be a clock but was found without an associated clock assignment.
    Info (13166): Register ADS8688v2:inst3|FILTERS:\ADCDataFilter:1:ADC_Filter|cic_8:CIC|yse[17] is being clocked by ADS8688v2:inst3|FILTERS:\ADCDataFilter:1:ADC_Filter|cic_8:CIC|clk_count[1]
Warning (332060): Node: ADS8688v2:inst3|FILTERS:\ADCDataFilter:0:ADC_Filter|cic_8:CIC|clk_count[1] was determined to be a clock but was found without an associated clock assignment.
    Info (13166): Register ADS8688v2:inst3|FILTERS:\ADCDataFilter:0:ADC_Filter|cic_8:CIC|yse[11] is being clocked by ADS8688v2:inst3|FILTERS:\ADCDataFilter:0:ADC_Filter|cic_8:CIC|clk_count[1]
Info (332097): The following timing edges are non-unate.  The Timing Analyzer will assume pos-unate behavior for these edges in the clock network.
    Info (332098): Cell: altera_internal_jtag  from: tck  to: tckutap
Critical Warning (332168): The following clock transfers have no clock uncertainty assignment. For more accurate results, apply clock uncertainty assignments or use the derive_clock_uncertainty command.
    Critical Warning (332169): From altera_reserved_tck (Rise) to altera_reserved_tck (Rise) (setup and hold)
    Critical Warning (332169): From altera_reserved_tck (Rise) to altera_reserved_tck (Fall) (setup and hold)
    Critical Warning (332169): From clk_sys (Rise) to clk_sys (Rise) (setup and hold)
Info (332146): Worst-case setup slack is 6.566
    Info (332119):     Slack       End Point TNS Clock 
    Info (332119): ========= =================== =====================
    Info (332119):     6.566               0.000 clk_sys 
    Info (332119):    47.610               0.000 altera_reserved_tck 
Info (332146): Worst-case hold slack is 0.101
    Info (332119):     Slack       End Point TNS Clock 
    Info (332119): ========= =================== =====================
    Info (332119):     0.101               0.000 clk_sys 
    Info (332119):     0.141               0.000 altera_reserved_tck 
Info (332146): Worst-case recovery slack is 97.737
    Info (332119):     Slack       End Point TNS Clock 
    Info (332119): ========= =================== =====================
    Info (332119):    97.737               0.000 altera_reserved_tck 
Info (332146): Worst-case removal slack is 0.538
    Info (332119):     Slack       End Point TNS Clock 
    Info (332119): ========= =================== =====================
    Info (332119):     0.538               0.000 altera_reserved_tck 
Info (332146): Worst-case minimum pulse width slack is 4.265
    Info (332119):     Slack       End Point TNS Clock 
    Info (332119): ========= =================== =====================
    Info (332119):     4.265               0.000 clk_sys 
    Info (332119):    49.397               0.000 altera_reserved_tck 
Info (332114): Report Metastability: Found 139 synchronizer chains.
    Info (332114): The design MTBF is not calculated because there are no specified synchronizers in the design.
    Info (332114): Number of Synchronizer Chains Found: 139
    Info (332114): Shortest Synchronizer Chain: 2 Registers
    Info (332114): Fraction of Chains for which MTBFs Could Not be Calculated: 1.000
    Info (332114): Worst Case Available Settling Time: 8.962 ns
    Info (332114): 
Info (332102): Design is not fully constrained for setup requirements
Info (332102): Design is not fully constrained for hold requirements
Info: Quartus Prime Timing Analyzer was successful. 0 errors, 37 warnings
    Info: Peak virtual memory: 5000 megabytes
    Info: Processing ended: Fri Sep 25 12:23:00 2026
    Info: Elapsed time: 00:00:04
    Info: Total CPU time (on all processors): 00:00:08


